{"type":"FeatureCollection","features":[{"type":"Feature","geometry":{"type":"Polygon","coordinates":[[[-123.02638,49.29305],[-123.02631,49.29306],[-123.02594,49.29315],[-123.02583,49.29337],[-123.02533,49.29325],[-123.02486,49.29327],[-123.02484,49.29328],[-123.02405,49.29335],[-123.02346,49.29344],[-123.02251,49.29354],[-123.02104,49.29358],[-123.01962,49.29366],[-123.01942,49.29367],[-123.01771,49.29355],[-123.01687,49.2934],[-123.01582,49.29333],[-123.01473,49.29317],[-123.01396,49.29294],[-123.01246,49.29287],[-123.01118,49.29279],[-123.01025,49.2926],[-123.00924,49.29231],[-123.00789,49.29166],[-123.00647,49.29103],[-123.00588,49.29088],[-123.005,49.29094],[-123.00408,49.29091],[-123.00315,49.29078],[-123.00191,49.29078],[-123.00131,49.2906],[-123.00061,49.29058],[-123.00002,49.29072],[-122.99947,49.29093],[-122.99883,49.29113],[-122.99863,49.29142],[-122.99786,49.2917],[-122.99742,49.29176],[-122.99713,49.29202],[-122.99625,49.29224],[-122.99571,49.2926],[-122.99528,49.29268],[-122.99442,49.29299],[-122.99142,49.29418],[-122.99082,49.29434],[-122.98911,49.29498],[-122.98821,49.29506],[-122.98778,49.29515],[-122.98688,49.29518],[-122.98602,49.29506],[-122.98559,49.2949],[-122.98516,49.29478],[-122.98357,49.29397],[-122.98254,49.29335],[-122.97942,49.29184],[-122.97822,49.29139],[-122.97672,49.29065],[-122.97616,49.29058],[-122.97463,49.29003],[-122.97409,49.28992],[-122.97351,49.28986],[-122.97301,49.28994],[-122.97284,49.29009],[-122.97259,49.29015],[-122.97228,49.2901],[-122.97151,49.28992],[-122.97066,49.28974],[-122.97044,49.28949],[-122.97042,49.28917],[-122.97063,49.28875],[-122.97063,49.28854],[-122.97036,49.28841],[-122.97003,49.28839],[-122.96917,49.28827],[-122.96789,49.28797],[-122.96745,49.28794],[-122.96574,49.2876],[-122.96488,49.28749],[-122.96445,49.28738],[-122.96316,49.28729],[-122.96231,49.28729],[-122.96149,49.28746],[-122.96107,49.28763],[-122.95892,49.28816],[-122.9585,49.28833],[-122.95763,49.28858],[-122.95678,49.28878],[-122.95596,49.2892],[-122.95515,49.28956],[-122.95472,49.28965],[-122.9539,49.28996],[-122.95266,49.29029],[-122.95223,49.29035],[-122.95051,49.29035],[-122.95009,49.29029],[-122.94752,49.29026],[-122.94537,49.29043],[-122.94208,49.29088],[-122.94108,49.29099],[-122.94018,49.29109],[-122.93948,49.29114],[-122.93905,49.29127],[-122.9386,49.29149],[-122.93791,49.29157],[-122.9371,49.29163],[-122.93667,49.29157],[-122.93581,49.2916],[-122.93452,49.29174],[-122.93391,49.29176],[-122.93325,49.29187],[-122.9326,49.29183],[-122.93201,49.29169],[-122.93138,49.29165],[-122.93057,49.29164],[-122.93011,49.29176],[-122.92946,49.29187],[-122.92882,49.29192],[-122.92813,49.29183],[-122.92746,49.29187],[-122.92716,49.29201],[-122.92695,49.29214],[-122.92671,49.2921],[-122.92605,49.29192],[-122.92471,49.29162],[-122.92308,49.29102],[-122.92192,49.2905],[-122.92105,49.28988],[-122.92073,49.2897],[-122.92063,49.28951],[-122.9203,49.28938],[-122.91984,49.28931],[-122.91956,49.28923],[-122.91954,49.2891],[-122.91969,49.28894],[-122.91962,49.28881],[-122.9192,49.2887],[-122.91849,49.28868],[-122.91816,49.28878],[-122.91768,49.28909],[-122.91708,49.28926],[-122.91645,49.28933],[-122.91589,49.28932],[-122.91553,49.28922],[-122.91522,49.28929],[-122.91483,49.28931],[-122.9146,49.28949],[-122.9145,49.28962],[-122.91369,49.28987],[-122.91339,49.29015],[-122.91261,49.29026],[-122.91176,49.29004],[-122.91133,49.28999],[-122.9109,49.28971],[-122.91073,49.28942],[-122.91039,49.28923],[-122.91,49.28906],[-122.90915,49.28881],[-122.90743,49.28855],[-122.90704,49.28852],[-122.90662,49.28841],[-122.90614,49.28838],[-122.90486,49.28819],[-122.904,49.2881],[-122.90276,49.28812],[-122.90143,49.28827],[-122.90057,49.28821],[-122.89928,49.28841],[-122.89847,49.28871],[-122.89696,49.28967],[-122.89651,49.28993],[-122.89597,49.29036],[-122.89578,49.2906],[-122.8955,49.29097],[-122.89508,49.29129],[-122.89461,49.29162],[-122.89406,49.29173],[-122.89298,49.29179],[-122.89193,49.29173],[-122.89128,49.29177],[-122.89058,49.29182],[-122.89008,49.29179],[-122.88951,49.29167],[-122.88889,49.29143],[-122.88797,49.29123],[-122.88734,49.29111],[-122.8868,49.2911],[-122.8864,49.29134],[-122.88577,49.29141],[-122.88495,49.29136],[-122.88457,49.2914],[-122.88425,49.29152],[-122.88384,49.29185],[-122.88336,49.29206],[-122.88284,49.29207],[-122.88237,49.29193],[-122.88178,49.29187],[-122.88127,49.29194],[-122.88074,49.2921],[-122.88003,49.29216],[-122.87867,49.29218],[-122.87754,49.2921],[-122.87659,49.29214],[-122.87445,49.29214],[-122.87402,49.29208],[-122.87244,49.29147],[-122.87162,49.29124],[-122.87057,49.2908],[-122.86995,49.29049],[-122.86949,49.29036],[-122.86924,49.29042],[-122.86898,49.29057],[-122.86868,49.29049],[-122.8683,49.29017],[-122.86777,49.28968],[-122.86723,49.28934],[-122.86652,49.28882],[-122.86579,49.2883],[-122.86561,49.28812],[-122.86567,49.28796],[-122.86565,49.28771],[-122.86542,49.28748],[-122.86531,49.28711],[-122.86457,49.28651],[-122.8642,49.28635],[-122.86381,49.28637],[-122.86367,49.28629],[-122.86319,49.28584],[-122.86251,49.28526],[-122.86195,49.28479],[-122.86163,49.28447],[-122.85963,49.28302],[-122.85913,49.28252],[-122.85914,49.2823],[-122.85963,49.28228],[-122.85989,49.28213],[-122.85998,49.28152],[-122.8602,49.28146],[-122.86067,49.28143],[-122.86095,49.28133],[-122.86097,49.28103],[-122.86096,49.28077],[-122.86112,49.28072],[-122.86128,49.28054],[-122.86126,49.28037],[-122.86101,49.28019],[-122.86048,49.27991],[-122.86014,49.27984],[-122.85988,49.27968],[-122.85963,49.27964],[-122.85947,49.27939],[-122.85905,49.27911],[-122.85854,49.27917],[-122.85836,49.27945],[-122.85844,49.27972],[-122.85845,49.27995],[-122.85862,49.28051],[-122.85836,49.28079],[-122.85818,49.28107],[-122.85776,49.28119],[-122.85733,49.28119],[-122.8569,49.28112],[-122.8555,49.28117],[-122.85536,49.28099],[-122.85523,49.28088],[-122.85499,49.28096],[-122.85471,49.28119],[-122.85438,49.28119],[-122.85418,49.28093],[-122.85422,49.28059],[-122.85406,49.28046],[-122.85371,49.28046],[-122.85359,49.28061],[-122.85362,49.28098],[-122.85369,49.28149],[-122.85373,49.28187],[-122.85351,49.28204],[-122.85336,49.28191],[-122.85326,49.28167],[-122.85314,49.28145],[-122.85309,49.28116],[-122.85282,49.28088],[-122.85252,49.28054],[-122.8521,49.28051],[-122.8516,49.28052],[-122.85147,49.28035],[-122.85136,49.28008],[-122.85118,49.28006],[-122.85107,49.2802],[-122.85116,49.28073],[-122.85107,49.28101],[-122.85107,49.28128],[-122.85073,49.28157],[-122.85021,49.28168],[-122.84979,49.28162],[-122.84953,49.28139],[-122.8491,49.28123],[-122.84867,49.281],[-122.84842,49.28053],[-122.84808,49.28033],[-122.84764,49.28021],[-122.84708,49.27999],[-122.84605,49.27999],[-122.84559,49.27977],[-122.84528,49.27988],[-122.84456,49.28032],[-122.84327,49.28088],[-122.84293,49.28111],[-122.8425,49.28122],[-122.84206,49.28122],[-122.84164,49.28117],[-122.84116,49.28127],[-122.84031,49.28164],[-122.8391,49.28225],[-122.83872,49.28239],[-122.83829,49.28245],[-122.83787,49.28228],[-122.83756,49.28203],[-122.83744,49.28144],[-122.8371,49.28121],[-122.83591,49.2809],[-122.83538,49.28104],[-122.83525,49.2816],[-122.83538,49.28216],[-122.83555,49.28244],[-122.83597,49.28273],[-122.83614,49.283],[-122.83569,49.28343],[-122.83526,49.28361],[-122.83505,49.28386],[-122.83504,49.284],[-122.83504,49.2841],[-122.83517,49.28444],[-122.83536,49.28474],[-122.8355,49.28502],[-122.83553,49.28529],[-122.83575,49.28538],[-122.83616,49.28544],[-122.83639,49.28556],[-122.83658,49.28561],[-122.83693,49.28561],[-122.83724,49.28565],[-122.83736,49.28584],[-122.83761,49.28604],[-122.83791,49.28618],[-122.83825,49.28625],[-122.83874,49.28648],[-122.83911,49.28654],[-122.83923,49.28646],[-122.83931,49.28621],[-122.83945,49.28612],[-122.8398,49.28613],[-122.84002,49.28606],[-122.8401,49.28585],[-122.84026,49.28582],[-122.84035,49.28593],[-122.84036,49.28612],[-122.84016,49.28624],[-122.83987,49.2863],[-122.83977,49.28645],[-122.83984,49.28658],[-122.84009,49.28659],[-122.84046,49.28654],[-122.84105,49.28651],[-122.8415,49.2866],[-122.84193,49.28663],[-122.84249,49.28659],[-122.84279,49.28654],[-122.84261,49.28632],[-122.84285,49.2861],[-122.84325,49.28618],[-122.8435,49.28645],[-122.84338,49.28664],[-122.84286,49.28674],[-122.84237,49.28672],[-122.84219,49.28685],[-122.84213,49.28705],[-122.84231,49.28733],[-122.84303,49.28773],[-122.84341,49.28801],[-122.84397,49.28854],[-122.84526,49.28882],[-122.84611,49.28913],[-122.84697,49.28922],[-122.84736,49.28947],[-122.84753,49.28975],[-122.84797,49.28997],[-122.84988,49.29046],[-122.8516,49.29105],[-122.85237,49.29122],[-122.85306,49.29155],[-122.85361,49.29195],[-122.85442,49.29217],[-122.85472,49.2924],[-122.85484,49.29257],[-122.85654,49.29332],[-122.85669,49.29358],[-122.85703,49.2938],[-122.85828,49.29395],[-122.85913,49.29414],[-122.85966,49.29439],[-122.85992,49.29451],[-122.85995,49.29448],[-122.86034,49.29462],[-122.86119,49.29501],[-122.86192,49.29546],[-122.86321,49.29656],[-122.86385,49.297],[-122.86457,49.29749],[-122.86543,49.29796],[-122.86642,49.29861],[-122.8668,49.29878],[-122.86765,49.29892],[-122.86804,49.29892],[-122.86866,49.2991],[-122.86916,49.29957],[-122.8698,49.29998],[-122.8707,49.30083],[-122.87116,49.30139],[-122.87151,49.30167],[-122.87193,49.30173],[-122.87237,49.30164],[-122.87318,49.30131],[-122.87399,49.30151],[-122.87443,49.30134],[-122.87486,49.30134],[-122.87511,49.30157],[-122.87554,49.30179],[-122.8764,49.30157],[-122.87682,49.30162],[-122.87726,49.30151],[-122.87764,49.30123],[-122.87794,49.3007],[-122.87829,49.30053],[-122.87914,49.30039],[-122.87958,49.30039],[-122.88139,49.30063],[-122.88172,49.30051],[-122.88215,49.30051],[-122.88297,49.3007],[-122.88382,49.30073],[-122.88429,49.30085],[-122.88468,49.30082],[-122.88554,49.30065],[-122.88614,49.30023],[-122.88655,49.29977],[-122.88689,49.29932],[-122.88741,49.29914],[-122.88817,49.29906],[-122.88898,49.29903],[-122.88947,49.29887],[-122.89008,49.29866],[-122.89029,49.29832],[-122.89039,49.29803],[-122.89067,49.29797],[-122.89089,49.29778],[-122.89159,49.29747],[-122.89258,49.29718],[-122.89344,49.29693],[-122.89412,49.29673],[-122.89455,49.29656],[-122.89516,49.29649],[-122.8956,49.2965],[-122.89578,49.29667],[-122.89608,49.29682],[-122.89641,49.29688],[-122.89641,49.29707],[-122.89648,49.29721],[-122.89678,49.29722],[-122.89697,49.2971],[-122.8972,49.29687],[-122.89738,49.2967],[-122.89778,49.29668],[-122.89782,49.29649],[-122.89791,49.29622],[-122.89818,49.29607],[-122.89851,49.29604],[-122.89867,49.2959],[-122.89895,49.29584],[-122.89951,49.29579],[-122.89997,49.29569],[-122.90062,49.2956],[-122.90138,49.2956],[-122.90179,49.29574],[-122.90217,49.29589],[-122.90267,49.29586],[-122.9031,49.29591],[-122.9036,49.29593],[-122.90415,49.2958],[-122.90453,49.29581],[-122.90466,49.29602],[-122.90492,49.29617],[-122.9052,49.29616],[-122.90532,49.29593],[-122.90635,49.29539],[-122.90704,49.29489],[-122.90746,49.2947],[-122.90789,49.29453],[-122.90918,49.29441],[-122.90935,49.29414],[-122.90926,49.29386],[-122.90948,49.2936],[-122.91034,49.29332],[-122.91081,49.29324],[-122.91124,49.2933],[-122.91158,49.29341],[-122.91201,49.29341],[-122.91244,49.2933],[-122.91286,49.2933],[-122.91415,49.29364],[-122.91501,49.29352],[-122.91544,49.29335],[-122.91587,49.29327],[-122.9163,49.29324],[-122.91673,49.2933],[-122.91787,49.29315],[-122.91926,49.29347],[-122.91968,49.29361],[-122.92046,49.29403],[-122.92067,49.29431],[-122.92088,49.29485],[-122.92101,49.29568],[-122.92129,49.29675],[-122.92246,49.29751],[-122.92332,49.29771],[-122.92375,49.29771],[-122.92444,49.29802],[-122.92487,49.29807],[-122.92555,49.29779],[-122.92632,49.29757],[-122.92676,49.29774],[-122.92684,49.29802],[-122.92677,49.29817],[-122.92693,49.29816],[-122.9561,49.3005],[-122.95611,49.3005],[-122.95667,49.3005],[-122.95737,49.301],[-122.95889,49.30149],[-122.96059,49.30241],[-122.96088,49.30263],[-122.96197,49.3032],[-122.96255,49.30333],[-122.96256,49.30297],[-122.96294,49.30295],[-122.96294,49.3026],[-122.9641,49.3026],[-122.96413,49.30339],[-122.96442,49.30337],[-122.96482,49.30334],[-122.96559,49.30339],[-122.96656,49.30342],[-122.96731,49.30339],[-122.96801,49.30328],[-122.96877,49.30325],[-122.96974,49.30328],[-122.9708,49.3033],[-122.97141,49.30338],[-122.9722,49.30363],[-122.97289,49.30401],[-122.97417,49.30482],[-122.97452,49.30494],[-122.97568,49.30575],[-122.97726,49.30642],[-122.97808,49.30667],[-122.97885,49.30704],[-122.98014,49.30721],[-122.98147,49.30758],[-122.98271,49.3076],[-122.98443,49.30777],[-122.98528,49.30802],[-122.98601,49.30835],[-122.98618,49.30836],[-122.98661,49.30827],[-122.98705,49.30825],[-122.98747,49.30814],[-122.98782,49.30791],[-122.98824,49.3078],[-122.98859,49.30758],[-122.98901,49.30741],[-122.98936,49.30735],[-122.98978,49.30738],[-122.99107,49.30758],[-122.99142,49.3078],[-122.99168,49.30836],[-122.99184,49.30843],[-122.99221,49.30837],[-122.99257,49.30816],[-122.99293,49.30812],[-122.99349,49.30814],[-122.99425,49.3081],[-122.99446,49.30797],[-122.99472,49.30795],[-122.99511,49.30812],[-122.99529,49.30824],[-122.99554,49.30824],[-122.99581,49.3082],[-122.99599,49.30829],[-122.99625,49.30824],[-122.9965,49.30822],[-122.99683,49.30837],[-122.99721,49.30824],[-122.99747,49.3082],[-122.99767,49.30795],[-122.9979,49.30787],[-122.9986,49.30794],[-122.99872,49.30795],[-122.99927,49.30798],[-122.99971,49.30799],[-122.99982,49.30786],[-122.99982,49.30741],[-123.0003,49.30659],[-123.00008,49.30606],[-123.00055,49.30542],[-123.00051,49.30488],[-123.00063,49.30446],[-123.00082,49.30415],[-123.00132,49.30397],[-123.00178,49.30402],[-123.00181,49.30424],[-123.00172,49.30442],[-123.00194,49.30441],[-123.00227,49.30422],[-123.00258,49.30402],[-123.00268,49.30415],[-123.00269,49.30465],[-123.00277,49.30495],[-123.00279,49.3055],[-123.00305,49.30562],[-123.00317,49.30555],[-123.0032,49.30524],[-123.00313,49.30469],[-123.00319,49.30416],[-123.00311,49.30365],[-123.00324,49.30354],[-123.00304,49.30303],[-123.00308,49.30267],[-123.00342,49.30233],[-123.00396,49.3022],[-123.00653,49.30214],[-123.00686,49.3022],[-123.00704,49.30217],[-123.00704,49.30181],[-123.00736,49.30162],[-123.00745,49.30136],[-123.00736,49.30112],[-123.00718,49.3005],[-123.00719,49.3],[-123.00738,49.29992],[-123.0074,49.29935],[-123.00755,49.29921],[-123.00773,49.29924],[-123.0081,49.29974],[-123.00839,49.30029],[-123.00848,49.3009],[-123.00852,49.30168],[-123.00862,49.30242],[-123.00829,49.30248],[-123.00793,49.30261],[-123.00809,49.30274],[-123.00868,49.3028],[-123.00883,49.30267],[-123.00893,49.30244],[-123.00938,49.3023],[-123.0095,49.30207],[-123.00946,49.30178],[-123.00915,49.30159],[-123.00904,49.30145],[-123.00903,49.30122],[-123.00917,49.301],[-123.00906,49.3008],[-123.00903,49.3006],[-123.00913,49.30033],[-123.00886,49.30021],[-123.00886,49.30012],[-123.00878,49.29996],[-123.00864,49.29985],[-123.00858,49.29968],[-123.00847,49.29938],[-123.00849,49.29907],[-123.00871,49.29897],[-123.00874,49.29847],[-123.00889,49.29847],[-123.00904,49.29865],[-123.00905,49.29889],[-123.00895,49.299],[-123.00903,49.2991],[-123.00897,49.29924],[-123.00882,49.29965],[-123.00893,49.29977],[-123.00921,49.29981],[-123.00939,49.30027],[-123.00976,49.30024],[-123.00985,49.30004],[-123.00986,49.29951],[-123.01018,49.29939],[-123.01087,49.2994],[-123.0111,49.29958],[-123.01118,49.30027],[-123.01105,49.30093],[-123.01153,49.30088],[-123.0121,49.30083],[-123.01212,49.30067],[-123.01254,49.30058],[-123.01296,49.30061],[-123.01308,49.30077],[-123.0134,49.30065],[-123.01389,49.30038],[-123.01424,49.30031],[-123.01421,49.30013],[-123.01379,49.29887],[-123.0137,49.2984],[-123.01357,49.29826],[-123.01348,49.29809],[-123.01359,49.29801],[-123.01517,49.29799],[-123.01538,49.29803],[-123.01582,49.29852],[-123.0161,49.29853],[-123.01662,49.29856],[-123.01685,49.2987],[-123.01701,49.29885],[-123.01725,49.29888],[-123.01742,49.29876],[-123.01774,49.29852],[-123.01823,49.2983],[-123.01866,49.29831],[-123.01886,49.29845],[-123.01899,49.29844],[-123.01896,49.29826],[-123.01886,49.29754],[-123.01874,49.29741],[-123.01859,49.29755],[-123.01849,49.29741],[-123.01823,49.29711],[-123.01815,49.29692],[-123.01835,49.29691],[-123.01849,49.29708],[-123.0186,49.29711],[-123.0186,49.29695],[-123.01878,49.29693],[-123.01901,49.29704],[-123.01921,49.29773],[-123.01927,49.29853],[-123.01946,49.29888],[-123.01969,49.29871],[-123.01987,49.29891],[-123.01985,49.29925],[-123.01997,49.29962],[-123.02002,49.29998],[-123.0202,49.30008],[-123.02074,49.3],[-123.02074,49.29984],[-123.02052,49.29922],[-123.02027,49.2985],[-123.02028,49.29782],[-123.02046,49.29757],[-123.02075,49.2976],[-123.02086,49.29778],[-123.02092,49.29808],[-123.02099,49.29842],[-123.02115,49.29873],[-123.02135,49.29945],[-123.02153,49.2999],[-123.02193,49.30016],[-123.02193,49.30046],[-123.02206,49.30075],[-123.02231,49.30125],[-123.02264,49.30178],[-123.02274,49.30227],[-123.02303,49.30279],[-123.02333,49.30343],[-123.02363,49.30357],[-123.02398,49.30352],[-123.02424,49.30327],[-123.02445,49.30292],[-123.02464,49.30244],[-123.02473,49.30253],[-123.02524,49.3026],[-123.02576,49.30273],[-123.02583,49.30255],[-123.0254,49.3017],[-123.02476,49.30122],[-123.02413,49.30091],[-123.02375,49.3006],[-123.02372,49.30017],[-123.02373,49.29975],[-123.02329,49.29932],[-123.02296,49.29904],[-123.02304,49.29878],[-123.0234,49.29869],[-123.02375,49.2987],[-123.02428,49.29848],[-123.02448,49.29816],[-123.0248,49.2979],[-123.02513,49.298],[-123.02526,49.29842],[-123.02515,49.29918],[-123.02521,49.29964],[-123.02548,49.29981],[-123.02589,49.29984],[-123.02592,49.2995],[-123.02602,49.29932],[-123.02618,49.29943],[-123.0263,49.29961],[-123.02647,49.2996],[-123.02649,49.29932],[-123.02638,49.29305]],[[-122.92556,49.29198],[-122.92565,49.29214],[-122.92551,49.29229],[-122.92533,49.29226],[-122.9253,49.29212],[-122.92531,49.29199],[-122.92556,49.29198]]]},"properties":{"MGNT_AREA":28,"SUBAREA_":11,"NAME":"Subarea 28-11","LABEL":"28-11","SQ_KM":14.64065345}},{"type":"Feature","geometry":{"type":"Polygon","coordinates":[[[-122.92677,49.29817],[-122.92671,49.2983],[-122.92606,49.29877],[-122.9259,49.29903],[-122.9258,49.29937],[-122.92581,49.29964],[-122.92598,49.29992],[-122.92624,49.30009],[-122.92705,49.3004],[-122.92744,49.30071],[-122.9277,49.30113],[-122.92769,49.30183],[-122.92782,49.30211],[-122.92821,49.30268],[-122.92842,49.30321],[-122.92894,49.30396],[-122.92947,49.30422],[-122.92923,49.30495],[-122.92923,49.30548],[-122.92915,49.30576],[-122.92897,49.30598],[-122.92889,49.30627],[-122.92871,49.30655],[-122.92871,49.30682],[-122.92846,49.30733],[-122.92828,49.30814],[-122.92845,49.30896],[-122.92841,49.30924],[-122.92828,49.30958],[-122.92799,49.30998],[-122.92786,49.31047],[-122.92794,49.31078],[-122.92776,49.311],[-122.92757,49.31133],[-122.92722,49.31152],[-122.92716,49.3117],[-122.92699,49.31193],[-122.92703,49.31221],[-122.92754,49.31269],[-122.92789,49.31324],[-122.92751,49.31344],[-122.92699,49.31351],[-122.92722,49.31425],[-122.92699,49.31462],[-122.92652,49.31511],[-122.92625,49.31544],[-122.92629,49.31572],[-122.92654,49.31611],[-122.92672,49.31654],[-122.92699,49.31705],[-122.92708,49.31751],[-122.9272,49.31794],[-122.92735,49.31814],[-122.92764,49.31812],[-122.92795,49.31801],[-122.92845,49.31796],[-122.92905,49.31777],[-122.92965,49.31747],[-122.92973,49.31719],[-122.93002,49.31682],[-122.93028,49.31666],[-122.93068,49.31649],[-122.93122,49.31631],[-122.93169,49.31618],[-122.9319,49.31633],[-122.9321,49.31657],[-122.93224,49.31706],[-122.93224,49.3177],[-122.93201,49.31818],[-122.93151,49.31827],[-122.93098,49.31829],[-122.93046,49.31843],[-122.93016,49.31861],[-122.9297,49.31885],[-122.92923,49.31919],[-122.92872,49.31952],[-122.92813,49.31994],[-122.92764,49.32039],[-122.92729,49.32051],[-122.92677,49.32067],[-122.92662,49.32081],[-122.9268,49.32091],[-122.92732,49.3209],[-122.92757,49.32107],[-122.92744,49.32135],[-122.92689,49.32191],[-122.92618,49.32248],[-122.92549,49.32294],[-122.92489,49.32334],[-122.92439,49.3237],[-122.924,49.3241],[-122.92347,49.32449],[-122.92314,49.32488],[-122.92285,49.32523],[-122.92268,49.32536],[-122.92207,49.32584],[-122.9213,49.32634],[-122.92045,49.32656],[-122.91968,49.32687],[-122.91942,49.32713],[-122.91891,49.32733],[-122.91821,49.32808],[-122.91838,49.32841],[-122.91877,49.32853],[-122.91941,49.32909],[-122.91902,49.32965],[-122.91864,49.32982],[-122.91778,49.32996],[-122.91649,49.3299],[-122.91568,49.32968],[-122.91525,49.32962],[-122.91439,49.32981],[-122.914,49.33004],[-122.91374,49.33027],[-122.9134,49.33043],[-122.91297,49.33054],[-122.91255,49.3306],[-122.91212,49.3306],[-122.91203,49.33031],[-122.91203,49.33004],[-122.9116,49.32993],[-122.91083,49.32941],[-122.90961,49.32918],[-122.9098,49.32886],[-122.90984,49.3283],[-122.91006,49.32802],[-122.9104,49.3279],[-122.9113,49.32796],[-122.91212,49.32766],[-122.91246,49.3274],[-122.91283,49.32719],[-122.91344,49.32709],[-122.91438,49.32711],[-122.9147,49.32724],[-122.91495,49.32721],[-122.91521,49.32695],[-122.91525,49.32662],[-122.91527,49.32623],[-122.91566,49.32594],[-122.91596,49.32564],[-122.91597,49.32522],[-122.91598,49.32493],[-122.91618,49.32464],[-122.91652,49.32434],[-122.91702,49.32404],[-122.9173,49.32381],[-122.9173,49.3236],[-122.91705,49.32321],[-122.91704,49.32292],[-122.91706,49.32277],[-122.91676,49.32278],[-122.9165,49.32272],[-122.9164,49.32239],[-122.91636,49.32215],[-122.91604,49.32189],[-122.91592,49.32146],[-122.91567,49.32097],[-122.91565,49.32075],[-122.91587,49.32055],[-122.91602,49.32027],[-122.91588,49.32009],[-122.91579,49.31988],[-122.9161,49.31956],[-122.91652,49.31925],[-122.91722,49.31912],[-122.91731,49.31899],[-122.91755,49.31893],[-122.91779,49.31849],[-122.91782,49.31813],[-122.91814,49.31792],[-122.91831,49.31764],[-122.91857,49.31742],[-122.919,49.31725],[-122.91926,49.31703],[-122.91927,49.31675],[-122.91891,49.31652],[-122.91896,49.31627],[-122.91943,49.31573],[-122.91978,49.31557],[-122.91986,49.31529],[-122.92004,49.31501],[-122.92038,49.31479],[-122.92072,49.31445],[-122.92081,49.31417],[-122.92072,49.31389],[-122.92038,49.31361],[-122.91991,49.3135],[-122.91905,49.31364],[-122.91793,49.31407],[-122.91763,49.31439],[-122.91721,49.31461],[-122.916,49.3154],[-122.91454,49.31607],[-122.91373,49.31632],[-122.91299,49.31702],[-122.91248,49.31731],[-122.91196,49.31781],[-122.91128,49.31873],[-122.91067,49.31924],[-122.91055,49.31954],[-122.91012,49.32002],[-122.90904,49.321],[-122.90741,49.32229],[-122.90702,49.32251],[-122.90614,49.32294],[-122.90567,49.32315],[-122.9052,49.32327],[-122.90473,49.3235],[-122.90395,49.32369],[-122.90336,49.32396],[-122.90311,49.32413],[-122.90294,49.32424],[-122.90276,49.32454],[-122.9026,49.32491],[-122.90233,49.32528],[-122.90228,49.32545],[-122.90122,49.32655],[-122.90067,49.32697],[-122.90028,49.32739],[-122.89989,49.32756],[-122.89886,49.32834],[-122.89657,49.32993],[-122.89597,49.33041],[-122.89545,49.33075],[-122.89495,49.33117],[-122.89451,49.3316],[-122.8942,49.33199],[-122.89394,49.33221],[-122.89314,49.33263],[-122.89288,49.33282],[-122.89228,49.33361],[-122.89202,49.33384],[-122.89103,49.33448],[-122.89079,49.33478],[-122.89053,49.3351],[-122.89014,49.33519],[-122.88974,49.33521],[-122.88918,49.33519],[-122.88871,49.33513],[-122.8885,49.33514],[-122.88821,49.3353],[-122.88788,49.33559],[-122.88737,49.33585],[-122.8871,49.33603],[-122.88717,49.33613],[-122.8875,49.33623],[-122.8878,49.33625],[-122.88803,49.33639],[-122.88827,49.33664],[-122.8886,49.33695],[-122.88898,49.33743],[-122.88943,49.33797],[-122.88972,49.33845],[-122.89011,49.33864],[-122.89077,49.33885],[-122.89114,49.3391],[-122.89127,49.33947],[-122.8913,49.34002],[-122.8912,49.34047],[-122.89098,49.34083],[-122.89055,49.3414],[-122.89037,49.34183],[-122.89019,49.3423],[-122.89009,49.34277],[-122.88992,49.3431],[-122.88964,49.34325],[-122.88963,49.34356],[-122.88972,49.34393],[-122.88992,49.34428],[-122.89002,49.34467],[-122.89039,49.34515],[-122.89044,49.34555],[-122.89028,49.34614],[-122.89011,49.34639],[-122.88955,49.34696],[-122.88924,49.34718],[-122.88908,49.34746],[-122.88882,49.34764],[-122.88877,49.34791],[-122.88889,49.34811],[-122.88902,49.3483],[-122.88896,49.34853],[-122.88904,49.34883],[-122.88925,49.34913],[-122.88928,49.34935],[-122.88917,49.34966],[-122.88902,49.35001],[-122.88882,49.35039],[-122.88873,49.35071],[-122.88844,49.35102],[-122.88815,49.35113],[-122.88795,49.35126],[-122.88782,49.35155],[-122.8876,49.35189],[-122.88727,49.35243],[-122.88712,49.35273],[-122.88687,49.35301],[-122.8865,49.3533],[-122.88597,49.35372],[-122.88566,49.35399],[-122.88534,49.3544],[-122.88521,49.35481],[-122.88514,49.35506],[-122.88491,49.35525],[-122.8842,49.35549],[-122.88341,49.35572],[-122.88312,49.35592],[-122.88273,49.35611],[-122.88236,49.35645],[-122.88191,49.35703],[-122.88168,49.35754],[-122.8815,49.35796],[-122.88132,49.35826],[-122.88097,49.35874],[-122.88075,49.35917],[-122.88029,49.36002],[-122.88003,49.36018],[-122.87981,49.36044],[-122.87951,49.36094],[-122.8792,49.36144],[-122.87895,49.36182],[-122.87848,49.36225],[-122.87821,49.36254],[-122.87788,49.36292],[-122.87733,49.36331],[-122.87684,49.36362],[-122.87627,49.36387],[-122.87569,49.36436],[-122.87518,49.36478],[-122.87489,49.3652],[-122.8746,49.36573],[-122.87421,49.36624],[-122.874,49.36677],[-122.8737,49.36728],[-122.87313,49.3696],[-122.87325,49.36999],[-122.87351,49.37033],[-122.87382,49.37052],[-122.87383,49.37063],[-122.87388,49.37083],[-122.87379,49.37135],[-122.87352,49.37173],[-122.87331,49.37205],[-122.87311,49.37233],[-122.8727,49.37274],[-122.87227,49.37286],[-122.87192,49.37308],[-122.87136,49.37358],[-122.87123,49.37392],[-122.87085,49.37408],[-122.87038,49.37459],[-122.86925,49.37539],[-122.86858,49.37575],[-122.86853,49.37577],[-122.86819,49.37604],[-122.86778,49.37644],[-122.86719,49.37686],[-122.86687,49.37727],[-122.86654,49.37766],[-122.86603,49.37807],[-122.86549,49.37861],[-122.86507,49.37909],[-122.86481,49.37949],[-122.86446,49.37986],[-122.86427,49.38032],[-122.86415,49.38078],[-122.86403,49.38131],[-122.86378,49.38162],[-122.86367,49.38187],[-122.8634,49.38207],[-122.86262,49.3826],[-122.86245,49.38294],[-122.86244,49.38322],[-122.86266,49.3835],[-122.86326,49.38395],[-122.86359,49.38399],[-122.86373,49.38401],[-122.86417,49.3839],[-122.86455,49.38392],[-122.86536,49.38415],[-122.86597,49.38463],[-122.86644,49.38519],[-122.86665,49.38575],[-122.86691,49.38609],[-122.86699,49.3882],[-122.86704,49.38867],[-122.86745,49.38903],[-122.86776,49.38923],[-122.86845,49.38914],[-122.86864,49.38925],[-122.869,49.3894],[-122.86947,49.38946],[-122.87,49.38943],[-122.87034,49.38947],[-122.87037,49.38972],[-122.87027,49.39048],[-122.87013,49.39096],[-122.87045,49.39117],[-122.87044,49.39146],[-122.87059,49.39171],[-122.87078,49.39199],[-122.87086,49.39229],[-122.87089,49.3928],[-122.87099,49.39321],[-122.87126,49.39363],[-122.87144,49.394],[-122.87145,49.3945],[-122.87134,49.395],[-122.87113,49.39566],[-122.87096,49.39622],[-122.87086,49.39671],[-122.8707,49.39727],[-122.87045,49.39764],[-122.87027,49.39792],[-122.87021,49.39821],[-122.87013,49.3987],[-122.87015,49.39929],[-122.87006,49.39954],[-122.86988,49.39989],[-122.86971,49.40011],[-122.86945,49.40039],[-122.86902,49.40073],[-122.86855,49.40104],[-122.86751,49.40145],[-122.86674,49.40171],[-122.866,49.40213],[-122.86584,49.40286],[-122.8657,49.4032],[-122.86536,49.40349],[-122.8647,49.40392],[-122.86378,49.40442],[-122.86287,49.405],[-122.86208,49.40524],[-122.86134,49.40556],[-122.86069,49.40582],[-122.86024,49.40619],[-122.85992,49.4065],[-122.85957,49.4067],[-122.85944,49.40685],[-122.85939,49.40713],[-122.8594,49.40744],[-122.85916,49.40788],[-122.85883,49.40829],[-122.85867,49.4085],[-122.85854,49.40861],[-122.85841,49.40889],[-122.85838,49.40937],[-122.85851,49.40992],[-122.85868,49.41045],[-122.85875,49.41097],[-122.85868,49.41154],[-122.8586,49.41208],[-122.85826,49.41251],[-122.85792,49.41288],[-122.8577,49.4131],[-122.85712,49.4137],[-122.85677,49.41423],[-122.85677,49.41479],[-122.85728,49.41533],[-122.85813,49.41578],[-122.85841,49.41614],[-122.85835,49.41669],[-122.85826,49.41721],[-122.8581,49.41784],[-122.85806,49.41851],[-122.85786,49.41904],[-122.85759,49.41959],[-122.85743,49.42002],[-122.85729,49.42039],[-122.85737,49.42069],[-122.85758,49.42106],[-122.85786,49.42143],[-122.85808,49.42192],[-122.85828,49.4224],[-122.85825,49.42268],[-122.858,49.42305],[-122.8577,49.42364],[-122.85755,49.42389],[-122.85717,49.42401],[-122.85662,49.42409],[-122.85629,49.42427],[-122.85584,49.42467],[-122.85548,49.4253],[-122.85512,49.42561],[-122.85482,49.42616],[-122.85454,49.42679],[-122.85446,49.42716],[-122.85441,49.42765],[-122.85456,49.42888],[-122.85462,49.42955],[-122.85462,49.43008],[-122.87563,49.43008],[-122.8758,49.43004],[-122.87593,49.42972],[-122.87614,49.42915],[-122.87626,49.42868],[-122.87605,49.42852],[-122.87582,49.42838],[-122.87575,49.4281],[-122.87566,49.42792],[-122.87534,49.42783],[-122.87492,49.42783],[-122.87484,49.42775],[-122.8748,49.42734],[-122.87476,49.42694],[-122.87454,49.42658],[-122.87438,49.42625],[-122.87425,49.42559],[-122.87412,49.42502],[-122.87412,49.4239],[-122.87434,49.42334],[-122.87463,49.42306],[-122.87487,49.42265],[-122.87499,49.42236],[-122.87541,49.42227],[-122.87547,49.42198],[-122.87559,49.42175],[-122.87601,49.4216],[-122.87645,49.42131],[-122.87693,49.42109],[-122.8774,49.42068],[-122.87787,49.42045],[-122.87855,49.42012],[-122.87895,49.41984],[-122.8793,49.41965],[-122.87937,49.41926],[-122.87951,49.41888],[-122.87965,49.41838],[-122.87989,49.41818],[-122.88035,49.41796],[-122.88096,49.41756],[-122.88119,49.41722],[-122.88132,49.41681],[-122.88142,49.41642],[-122.88133,49.41588],[-122.88148,49.41543],[-122.88175,49.41517],[-122.88216,49.41486],[-122.88239,49.41459],[-122.88248,49.41409],[-122.8825,49.41353],[-122.88267,49.41321],[-122.88274,49.41293],[-122.88261,49.41251],[-122.88254,49.41212],[-122.88262,49.41172],[-122.88287,49.41139],[-122.88301,49.41115],[-122.88322,49.41095],[-122.88351,49.41064],[-122.88369,49.41056],[-122.88412,49.41036],[-122.88494,49.40986],[-122.88499,49.40854],[-122.88502,49.4078],[-122.88496,49.40758],[-122.8846,49.40726],[-122.88432,49.40672],[-122.88409,49.40593],[-122.88405,49.40537],[-122.88392,49.40512],[-122.88371,49.40433],[-122.88357,49.40405],[-122.88354,49.40349],[-122.88371,49.40321],[-122.88448,49.40282],[-122.88474,49.40256],[-122.8847,49.40226],[-122.88473,49.40179],[-122.88495,49.40145],[-122.88532,49.40118],[-122.88564,49.40085],[-122.88601,49.40051],[-122.88607,49.40017],[-122.88615,49.39979],[-122.88617,49.39951],[-122.88616,49.39915],[-122.88624,49.39882],[-122.88647,49.39783],[-122.88699,49.39698],[-122.88686,49.39643],[-122.8866,49.39587],[-122.88663,49.39568],[-122.88665,49.39555],[-122.88656,49.39528],[-122.8867,49.3948],[-122.88652,49.39424],[-122.88631,49.39396],[-122.88605,49.39379],[-122.8858,49.39351],[-122.88549,49.39328],[-122.88472,49.39289],[-122.88425,49.3925],[-122.8839,49.39233],[-122.88356,49.39202],[-122.88322,49.39152],[-122.88309,49.39124],[-122.88254,49.39073],[-122.88236,49.39048],[-122.88223,49.39006],[-122.88236,49.38935],[-122.88293,49.38882],[-122.88276,49.38773],[-122.8828,49.38745],[-122.88297,49.38717],[-122.88289,49.38689],[-122.88289,49.3866],[-122.88258,49.38635],[-122.88189,49.38592],[-122.8816,49.38554],[-122.8813,49.38501],[-122.88126,49.38472],[-122.881,49.38419],[-122.88116,49.38342],[-122.8801,49.38231],[-122.87998,49.38203],[-122.87968,49.38168],[-122.87949,49.38153],[-122.87951,49.38125],[-122.87957,49.38084],[-122.87967,49.3805],[-122.87994,49.38038],[-122.88047,49.38033],[-122.88089,49.38042],[-122.88111,49.38078],[-122.88136,49.38092],[-122.88163,49.38089],[-122.88196,49.38076],[-122.88235,49.38083],[-122.88287,49.38097],[-122.88342,49.38106],[-122.88405,49.38094],[-122.88425,49.38065],[-122.88445,49.38007],[-122.88476,49.37948],[-122.8854,49.37898],[-122.88625,49.37887],[-122.88656,49.37862],[-122.88725,49.37828],[-122.88754,49.37809],[-122.88755,49.37778],[-122.88769,49.37753],[-122.88797,49.37737],[-122.8886,49.37735],[-122.88889,49.37732],[-122.88921,49.37697],[-122.88964,49.37687],[-122.89004,49.37688],[-122.89058,49.37653],[-122.89082,49.37629],[-122.89085,49.37626],[-122.89048,49.37627],[-122.89045,49.37618],[-122.89049,49.37591],[-122.89077,49.37564],[-122.89133,49.37542],[-122.89174,49.37526],[-122.89182,49.37514],[-122.89178,49.37511],[-122.89166,49.37502],[-122.89114,49.37495],[-122.8908,49.37479],[-122.89029,49.37427],[-122.88993,49.3738],[-122.88965,49.37336],[-122.88946,49.37307],[-122.88943,49.37252],[-122.88942,49.37229],[-122.88942,49.37216],[-122.88953,49.37173],[-122.88975,49.3713],[-122.89014,49.37096],[-122.89031,49.37068],[-122.89031,49.3699],[-122.88949,49.36937],[-122.88912,49.369],[-122.88904,49.36875],[-122.88909,49.36816],[-122.88926,49.36754],[-122.88953,49.36696],[-122.88978,49.36644],[-122.88993,49.36585],[-122.88988,49.36543],[-122.88995,49.36501],[-122.89008,49.36447],[-122.89042,49.36406],[-122.89062,49.36367],[-122.89077,49.36306],[-122.89102,49.36273],[-122.89124,49.36221],[-122.89148,49.36176],[-122.89184,49.36107],[-122.89252,49.36067],[-122.89408,49.35936],[-122.89433,49.35925],[-122.89519,49.35922],[-122.89566,49.3593],[-122.89596,49.3593],[-122.89674,49.35956],[-122.8969,49.35981],[-122.89724,49.35999],[-122.89736,49.3601],[-122.89762,49.36018],[-122.89779,49.36013],[-122.89806,49.35991],[-122.89856,49.35976],[-122.899,49.35978],[-122.89937,49.35972],[-122.89965,49.35943],[-122.90002,49.35902],[-122.90041,49.35874],[-122.90088,49.35838],[-122.90131,49.35815],[-122.90167,49.35817],[-122.90176,49.35842],[-122.90183,49.35881],[-122.902,49.35888],[-122.90241,49.35884],[-122.90266,49.3585],[-122.90286,49.35818],[-122.90337,49.35798],[-122.90356,49.358],[-122.90363,49.35814],[-122.90382,49.35818],[-122.90414,49.35815],[-122.90447,49.35797],[-122.90482,49.35769],[-122.90521,49.35734],[-122.90553,49.3573],[-122.90582,49.35712],[-122.906,49.35678],[-122.90614,49.35666],[-122.90631,49.35654],[-122.90638,49.3562],[-122.90634,49.3558],[-122.90642,49.35542],[-122.90656,49.355],[-122.90681,49.35454],[-122.90713,49.35419],[-122.90762,49.35404],[-122.90767,49.35398],[-122.90783,49.35383],[-122.90802,49.35332],[-122.90815,49.35285],[-122.90827,49.35237],[-122.90856,49.3516],[-122.90876,49.35123],[-122.90912,49.35074],[-122.90933,49.35042],[-122.90942,49.35023],[-122.90942,49.34994],[-122.90967,49.34967],[-122.90972,49.34911],[-122.90989,49.34895],[-122.90997,49.34874],[-122.91003,49.34852],[-122.91032,49.34835],[-122.91097,49.34829],[-122.91147,49.34803],[-122.91162,49.34768],[-122.91145,49.34732],[-122.91148,49.34708],[-122.9118,49.34674],[-122.91205,49.34641],[-122.91222,49.346],[-122.91249,49.34558],[-122.91299,49.34518],[-122.91356,49.34507],[-122.91398,49.34509],[-122.91425,49.34525],[-122.91467,49.34527],[-122.91493,49.34519],[-122.91503,49.34515],[-122.91556,49.34476],[-122.91605,49.34449],[-122.91632,49.34408],[-122.91656,49.34394],[-122.91715,49.34393],[-122.9179,49.34381],[-122.91845,49.34356],[-122.91895,49.34349],[-122.91932,49.34333],[-122.91955,49.34308],[-122.91956,49.34275],[-122.91975,49.34258],[-122.92027,49.34247],[-122.92071,49.34246],[-122.92093,49.34238],[-122.92167,49.34196],[-122.92249,49.34177],[-122.92248,49.34149],[-122.92231,49.3412],[-122.92243,49.34105],[-122.92386,49.34068],[-122.9245,49.34056],[-122.92532,49.34031],[-122.92623,49.33964],[-122.92678,49.33936],[-122.92703,49.33908],[-122.92703,49.33879],[-122.92764,49.33801],[-122.92798,49.33779],[-122.92949,49.33704],[-122.93,49.3363],[-122.9306,49.33583],[-122.93098,49.3356],[-122.93176,49.3353],[-122.93245,49.33487],[-122.9329,49.33446],[-122.9334,49.33412],[-122.93395,49.33364],[-122.93448,49.33318],[-122.93489,49.33291],[-122.9355,49.33288],[-122.93601,49.33274],[-122.93649,49.33248],[-122.93686,49.33247],[-122.93763,49.33256],[-122.9384,49.33249],[-122.93876,49.33234],[-122.93917,49.332],[-122.93964,49.33186],[-122.9402,49.33186],[-122.94056,49.33201],[-122.94085,49.33215],[-122.9413,49.3321],[-122.94173,49.33198],[-122.94242,49.33197],[-122.94281,49.33178],[-122.94378,49.33132],[-122.94464,49.33129],[-122.94507,49.33134],[-122.94554,49.33134],[-122.94696,49.33073],[-122.94868,49.32966],[-122.94893,49.32938],[-122.94919,49.32882],[-122.94928,49.32822],[-122.94909,49.32769],[-122.94881,49.32729],[-122.94851,49.32647],[-122.94833,49.32619],[-122.94799,49.32591],[-122.94765,49.32574],[-122.94722,49.32568],[-122.94679,49.32579],[-122.94637,49.32579],[-122.94593,49.32574],[-122.9455,49.32551],[-122.94499,49.32546],[-122.94465,49.32562],[-122.94447,49.32582],[-122.94392,49.32618],[-122.94362,49.32624],[-122.94315,49.32624],[-122.94228,49.32616],[-122.94186,49.32616],[-122.94057,49.32593],[-122.93971,49.32562],[-122.93941,49.32545],[-122.93894,49.32534],[-122.93804,49.32531],[-122.9377,49.32517],[-122.93736,49.32495],[-122.93718,49.32467],[-122.93714,49.32439],[-122.93693,49.32386],[-122.93693,49.32357],[-122.9371,49.32301],[-122.9371,49.32245],[-122.93697,49.32161],[-122.93701,49.32136],[-122.93758,49.32099],[-122.93826,49.32035],[-122.93835,49.32007],[-122.93864,49.31959],[-122.93942,49.31903],[-122.94019,49.3187],[-122.94062,49.31861],[-122.94101,49.31848],[-122.9425,49.31834],[-122.94309,49.31835],[-122.94341,49.31853],[-122.9436,49.31844],[-122.94372,49.31822],[-122.94403,49.31814],[-122.94433,49.31811],[-122.94455,49.31794],[-122.94464,49.31761],[-122.94462,49.31741],[-122.9443,49.31725],[-122.94425,49.3171],[-122.94421,49.31688],[-122.94406,49.31665],[-122.94409,49.31651],[-122.94431,49.31646],[-122.94437,49.31628],[-122.94443,49.31615],[-122.94471,49.31612],[-122.94496,49.316],[-122.94512,49.31585],[-122.9455,49.31584],[-122.94587,49.31581],[-122.94605,49.3157],[-122.94631,49.3157],[-122.94669,49.31573],[-122.94714,49.31567],[-122.94726,49.31554],[-122.94758,49.31548],[-122.94787,49.31536],[-122.9481,49.31541],[-122.94833,49.31553],[-122.94862,49.31553],[-122.94869,49.3153],[-122.94878,49.31475],[-122.94858,49.31372],[-122.94835,49.31334],[-122.94835,49.31312],[-122.94807,49.31272],[-122.94794,49.31236],[-122.94791,49.31205],[-122.94805,49.31165],[-122.94813,49.31127],[-122.94804,49.31091],[-122.94778,49.3105],[-122.94775,49.31004],[-122.94797,49.30947],[-122.94824,49.30896],[-122.94878,49.30807],[-122.94891,49.30765],[-122.94844,49.30616],[-122.9484,49.30588],[-122.94856,49.30487],[-122.94872,49.30468],[-122.94964,49.30444],[-122.95055,49.30415],[-122.95125,49.3039],[-122.95154,49.30374],[-122.95197,49.30367],[-122.95257,49.30357],[-122.95305,49.30333],[-122.95332,49.30307],[-122.95351,49.30287],[-122.95396,49.30264],[-122.95425,49.30235],[-122.95447,49.30205],[-122.95454,49.30175],[-122.95493,49.30147],[-122.9554,49.30113],[-122.9555,49.30087],[-122.9557,49.30064],[-122.9561,49.3005],[-122.92693,49.29816],[-122.92677,49.29817]],[[-122.89291,49.34826],[-122.89304,49.34842],[-122.89301,49.34872],[-122.89288,49.34901],[-122.89243,49.3495],[-122.89234,49.34963],[-122.89226,49.34978],[-122.89207,49.35],[-122.89163,49.35034],[-122.89106,49.35074],[-122.89046,49.35091],[-122.89021,49.35089],[-122.89022,49.3506],[-122.8903,49.35028],[-122.8904,49.34991],[-122.89073,49.34964],[-122.89094,49.34927],[-122.89115,49.34904],[-122.89158,49.34866],[-122.89187,49.34843],[-122.89243,49.34835],[-122.89291,49.34826]],[[-122.93713,49.31125],[-122.93739,49.31147],[-122.9375,49.31176],[-122.93749,49.3121],[-122.93729,49.31268],[-122.93717,49.31284],[-122.93678,49.31306],[-122.93674,49.31271],[-122.93646,49.31277],[-122.93626,49.31275],[-122.9361,49.31263],[-122.93606,49.31236],[-122.93616,49.31203],[-122.93646,49.31182],[-122.93652,49.31152],[-122.93674,49.31129],[-122.93713,49.31125]],[[-122.90486,49.34013],[-122.90512,49.34029],[-122.90529,49.34055],[-122.90524,49.34096],[-122.90515,49.34106],[-122.90487,49.34116],[-122.90459,49.34117],[-122.90433,49.34129],[-122.90412,49.34152],[-122.90374,49.34166],[-122.90358,49.3416],[-122.90358,49.34137],[-122.90363,49.34102],[-122.90383,49.34082],[-122.90405,49.34064],[-122.90417,49.3403],[-122.90444,49.34013],[-122.90486,49.34013]],[[-122.93391,49.31618],[-122.93409,49.31626],[-122.93406,49.31666],[-122.93408,49.31696],[-122.934,49.31726],[-122.93378,49.31753],[-122.93343,49.3177],[-122.93301,49.3177],[-122.93283,49.31756],[-122.9328,49.31738],[-122.93298,49.31693],[-122.93337,49.31657],[-122.93365,49.3163],[-122.93391,49.31618]],[[-122.94102,49.31616],[-122.94144,49.31631],[-122.94179,49.31638],[-122.94205,49.3164],[-122.94205,49.31658],[-122.94198,49.31681],[-122.94185,49.31705],[-122.94166,49.31714],[-122.94136,49.31712],[-122.94126,49.31704],[-122.94097,49.31688],[-122.94087,49.31665],[-122.94078,49.31635],[-122.94085,49.3162],[-122.94102,49.31616]],[[-122.8929,49.34643],[-122.89316,49.34651],[-122.89312,49.34674],[-122.89293,49.34705],[-122.89264,49.34733],[-122.89255,49.34756],[-122.89242,49.34772],[-122.8922,49.34778],[-122.89214,49.34761],[-122.89188,49.34776],[-122.8918,49.34765],[-122.89198,49.34735],[-122.89225,49.34708],[-122.89239,49.34683],[-122.89262,49.34653],[-122.8929,49.34643]],[[-122.91491,49.33073],[-122.9154,49.33076],[-122.91556,49.33088],[-122.9156,49.33109],[-122.91544,49.33131],[-122.91512,49.33135],[-122.9148,49.33126],[-122.91458,49.33097],[-122.91453,49.33088],[-122.91455,49.33075],[-122.91491,49.33073]],[[-122.9194,49.34171],[-122.9198,49.34175],[-122.91994,49.34185],[-122.91988,49.34201],[-122.91972,49.34212],[-122.91943,49.34216],[-122.91917,49.34209],[-122.919,49.34197],[-122.91897,49.34188],[-122.9191,49.34175],[-122.9194,49.34171]],[[-122.9259,49.32316],[-122.92618,49.3232],[-122.92615,49.32337],[-122.92595,49.32352],[-122.9257,49.32356],[-122.92551,49.32351],[-122.92566,49.32329],[-122.9259,49.32316]],[[-122.86648,49.38388],[-122.86656,49.38398],[-122.86655,49.38418],[-122.86656,49.38441],[-122.86636,49.38447],[-122.86624,49.38434],[-122.86625,49.38407],[-122.86626,49.38395],[-122.86648,49.38388]]]},"properties":{"MGNT_AREA":28,"SUBAREA_":12,"NAME":"Subarea 28-12","LABEL":"28-12","SQ_KM":23.79664708}},{"type":"Feature","geometry":{"type":"Polygon","coordinates":[[[-123.14061,49.31332],[-123.14041,49.31322],[-123.13981,49.31305],[-123.13927,49.31242],[-123.1388,49.31192],[-123.13838,49.31134],[-123.13773,49.31068],[-123.13702,49.30998],[-123.13663,49.30944],[-123.13608,49.30861],[-123.13566,49.30807],[-123.13555,49.30718],[-123.13544,49.30697],[-123.13467,49.30673],[-123.13394,49.30642],[-123.13319,49.30599],[-123.13261,49.30562],[-123.13217,49.3052],[-123.13206,49.30482],[-123.13166,49.30432],[-123.13123,49.30384],[-123.13079,49.30338],[-123.13014,49.30309],[-123.12906,49.30286],[-123.12777,49.3027],[-123.12682,49.30277],[-123.12638,49.30269],[-123.12584,49.3023],[-123.12529,49.30182],[-123.12481,49.30135],[-123.12387,49.30103],[-123.1226,49.3005],[-123.12092,49.30002],[-123.11965,49.29987],[-123.11877,49.29994],[-123.11833,49.30033],[-123.11776,49.30081],[-123.11716,49.30086],[-123.1167,49.30063],[-123.11655,49.30043],[-123.11659,49.29987],[-123.11688,49.29918],[-123.11719,49.29857],[-123.11766,49.29808],[-123.11822,49.29801],[-123.11909,49.29801],[-123.11984,49.29791],[-123.12047,49.29802],[-123.121,49.29841],[-123.1214,49.2984],[-123.1219,49.29826],[-123.12244,49.29771],[-123.12286,49.29756],[-123.1235,49.29758],[-123.12354,49.29736],[-123.1239,49.29737],[-123.12398,49.29779],[-123.12488,49.29784],[-123.1255,49.29774],[-123.12646,49.29729],[-123.12701,49.2968],[-123.12733,49.29629],[-123.12792,49.2961],[-123.12865,49.29611],[-123.12907,49.29636],[-123.12942,49.29677],[-123.12985,49.29752],[-123.13045,49.2977],[-123.1311,49.29756],[-123.1319,49.29705],[-123.13238,49.2969],[-123.13325,49.29692],[-123.13437,49.29697],[-123.13488,49.29681],[-123.13544,49.29644],[-123.13579,49.29573],[-123.13583,49.29535],[-123.13556,49.29524],[-123.13509,49.29541],[-123.13461,49.29541],[-123.13428,49.29524],[-123.13378,49.29491],[-123.13377,49.29476],[-123.13382,49.2944],[-123.13366,49.29428],[-123.13305,49.29414],[-123.13277,49.29401],[-123.13268,49.29374],[-123.13236,49.29337],[-123.1319,49.29314],[-123.13116,49.29285],[-123.13076,49.29284],[-123.13033,49.29321],[-123.12994,49.2934],[-123.12946,49.29348],[-123.12925,49.29333],[-123.12834,49.29308],[-123.12832,49.29281],[-123.1279,49.29234],[-123.12818,49.2921],[-123.12873,49.29156],[-123.12878,49.29145],[-123.12856,49.29141],[-123.12828,49.29142],[-123.12782,49.29138],[-123.12767,49.29127],[-123.1275,49.29106],[-123.12716,49.29097],[-123.1267,49.29091],[-123.12647,49.29073],[-123.12606,49.29065],[-123.1252,49.29061],[-123.12463,49.29075],[-123.12411,49.29088],[-123.12378,49.29083],[-123.12347,49.29062],[-123.12307,49.2905],[-123.12248,49.2905],[-123.12208,49.29044],[-123.12177,49.29024],[-123.12105,49.28999],[-123.12041,49.28987],[-123.1199,49.28997],[-123.11954,49.28975],[-123.11884,49.28968],[-123.11836,49.28959],[-123.11809,49.28961],[-123.11753,49.28969],[-123.11641,49.2897],[-123.1161,49.28985],[-123.11585,49.2897],[-123.11551,49.28967],[-123.11467,49.28974],[-123.11446,49.28952],[-123.11496,49.28928],[-123.11613,49.28885],[-123.11612,49.28863],[-123.11551,49.28837],[-123.1146,49.28823],[-123.11082,49.2897],[-123.10893,49.28903],[-123.11274,49.28759],[-123.11144,49.28724],[-123.11067,49.28731],[-123.11015,49.28728],[-123.10999,49.287],[-123.1097,49.28654],[-123.10934,49.28645],[-123.10873,49.28659],[-123.10812,49.28687],[-123.10465,49.28638],[-123.10403,49.28635],[-123.10371,49.28657],[-123.10339,49.28655],[-123.10322,49.2863],[-123.10287,49.28577],[-123.10224,49.2856],[-123.10146,49.28563],[-123.1,49.28583],[-123.09996,49.28606],[-123.10004,49.28711],[-123.09955,49.28719],[-123.09887,49.28715],[-123.09847,49.28584],[-123.09815,49.28563],[-123.09722,49.28564],[-123.09679,49.28574],[-123.09679,49.28661],[-123.09701,49.28695],[-123.09739,49.28706],[-123.09754,49.28749],[-123.0984,49.28769],[-123.09938,49.28794],[-123.09969,49.28822],[-123.09924,49.28999],[-123.09226,49.28813],[-123.09195,49.2895],[-123.08966,49.28897],[-123.08986,49.28577],[-123.08942,49.28547],[-123.08864,49.28543],[-123.08829,49.2882],[-123.08691,49.28819],[-123.08695,49.28501],[-123.0863,49.28482],[-123.08565,49.28484],[-123.0855,49.28633],[-123.08424,49.28629],[-123.08427,49.28477],[-123.08408,49.28406],[-123.08317,49.28406],[-123.08308,49.2848],[-123.08252,49.28483],[-123.08262,49.28508],[-123.08189,49.28512],[-123.08186,49.28542],[-123.082,49.28574],[-123.08228,49.286],[-123.08234,49.2864],[-123.08198,49.28642],[-123.08142,49.28712],[-123.08055,49.2871],[-123.08039,49.28542],[-123.07995,49.2854],[-123.08002,49.28739],[-123.07933,49.28741],[-123.07933,49.28729],[-123.07865,49.28728],[-123.07864,49.28713],[-123.07824,49.28721],[-123.07751,49.28748],[-123.07735,49.28971],[-123.07003,49.28828],[-123.07011,49.28965],[-123.06865,49.2896],[-123.0687,49.28693],[-123.06836,49.28689],[-123.0676,49.28692],[-123.06744,49.28764],[-123.06588,49.28767],[-123.06571,49.28893],[-123.06523,49.28897],[-123.06531,49.28688],[-123.06482,49.28688],[-123.06437,49.28698],[-123.06398,49.28728],[-123.06384,49.28765],[-123.06386,49.28838],[-123.06268,49.28913],[-123.06207,49.28899],[-123.06136,49.28975],[-123.06055,49.29034],[-123.05958,49.29081],[-123.06005,49.2912],[-123.05922,49.2916],[-123.05883,49.29135],[-123.05833,49.29152],[-123.05785,49.29176],[-123.0574,49.29203],[-123.05681,49.29196],[-123.05637,49.29203],[-123.05601,49.29223],[-123.05486,49.29265],[-123.05297,49.29332],[-123.05211,49.29346],[-123.05115,49.29374],[-123.05047,49.29406],[-123.05016,49.2942],[-123.04993,49.29415],[-123.04986,49.29392],[-123.0498,49.29328],[-123.0497,49.29311],[-123.049,49.29319],[-123.04838,49.29336],[-123.04802,49.29334],[-123.04797,49.29369],[-123.04762,49.2938],[-123.04707,49.29385],[-123.04649,49.2938],[-123.04638,49.29349],[-123.04619,49.29312],[-123.04595,49.29306],[-123.04592,49.29274],[-123.04517,49.29248],[-123.04449,49.29231],[-123.04395,49.29211],[-123.04364,49.29219],[-123.04324,49.29259],[-123.04285,49.29256],[-123.04256,49.29261],[-123.04223,49.29258],[-123.04192,49.29242],[-123.04129,49.29232],[-123.04071,49.29224],[-123.0403,49.29207],[-123.04003,49.29181],[-123.03983,49.29144],[-123.03962,49.29129],[-123.03943,49.29102],[-123.03899,49.29095],[-123.03893,49.29094],[-123.03792,49.29094],[-123.03744,49.29088],[-123.03682,49.29057],[-123.03619,49.29044],[-123.03551,49.29045],[-123.03469,49.29033],[-123.03423,49.29036],[-123.03417,49.29046],[-123.03454,49.29098],[-123.03422,49.29108],[-123.03384,49.29056],[-123.03349,49.29032],[-123.0339,49.28998],[-123.03326,49.28988],[-123.03274,49.28967],[-123.03132,49.29063],[-123.03107,49.29055],[-123.03043,49.29091],[-123.03062,49.2911],[-123.02976,49.29169],[-123.02826,49.2923],[-123.02732,49.29243],[-123.02704,49.2926],[-123.02697,49.29294],[-123.02677,49.29301],[-123.02638,49.29305],[-123.02649,49.29932],[-123.02647,49.2996],[-123.02679,49.29958],[-123.02735,49.29951],[-123.02748,49.29976],[-123.02756,49.3013],[-123.02764,49.30147],[-123.02853,49.30149],[-123.02868,49.3014],[-123.0288,49.30051],[-123.02889,49.29962],[-123.03018,49.29957],[-123.03034,49.29723],[-123.03981,49.29826],[-123.03928,49.29982],[-123.03954,49.29987],[-123.03977,49.29988],[-123.0399,49.2999],[-123.03996,49.29992],[-123.03948,49.30227],[-123.04019,49.30233],[-123.04134,49.29955],[-123.04153,49.29939],[-123.04194,49.29939],[-123.04239,49.29963],[-123.04272,49.29978],[-123.04314,49.29989],[-123.04276,49.30048],[-123.04395,49.30095],[-123.04431,49.30072],[-123.04913,49.3022],[-123.04739,49.30331],[-123.04701,49.30324],[-123.04646,49.30373],[-123.04802,49.30431],[-123.05056,49.30299],[-123.05101,49.30289],[-123.05135,49.30293],[-123.05192,49.30318],[-123.05217,49.30307],[-123.05253,49.30322],[-123.05239,49.30336],[-123.05629,49.30447],[-123.05653,49.3059],[-123.05632,49.30612],[-123.05688,49.30611],[-123.05711,49.30648],[-123.05946,49.30604],[-123.05935,49.30582],[-123.05997,49.30566],[-123.06119,49.30555],[-123.06207,49.30547],[-123.06284,49.30532],[-123.06387,49.30521],[-123.06506,49.30518],[-123.06654,49.30501],[-123.06789,49.30492],[-123.069,49.30491],[-123.06994,49.30495],[-123.07044,49.30511],[-123.07071,49.30526],[-123.07101,49.30529],[-123.07152,49.30524],[-123.0715,49.3056],[-123.07218,49.30581],[-123.0726,49.30603],[-123.07306,49.30626],[-123.07341,49.30633],[-123.07401,49.30645],[-123.07532,49.30699],[-123.07642,49.3075],[-123.0786,49.30835],[-123.07952,49.30896],[-123.08109,49.30764],[-123.08127,49.30777],[-123.08112,49.30804],[-123.08137,49.30821],[-123.08017,49.30934],[-123.08004,49.30949],[-123.08035,49.30959],[-123.0807,49.30949],[-123.08099,49.30967],[-123.08072,49.30984],[-123.08115,49.31002],[-123.08165,49.30988],[-123.08189,49.30997],[-123.0822,49.30973],[-123.08243,49.30986],[-123.08274,49.30975],[-123.08293,49.30988],[-123.08341,49.30976],[-123.08425,49.31002],[-123.08411,49.31017],[-123.08466,49.31059],[-123.08457,49.31078],[-123.08536,49.3111],[-123.0851,49.31127],[-123.08531,49.3114],[-123.08563,49.31125],[-123.08633,49.3114],[-123.08651,49.31149],[-123.08688,49.31157],[-123.08685,49.31176],[-123.08717,49.31217],[-123.08669,49.31251],[-123.087,49.3132],[-123.08778,49.31385],[-123.08841,49.31418],[-123.08907,49.3144],[-123.08975,49.31467],[-123.09004,49.3147],[-123.09042,49.31452],[-123.0908,49.31416],[-123.091,49.31405],[-123.09127,49.31406],[-123.09142,49.31416],[-123.09158,49.31432],[-123.09179,49.31398],[-123.09177,49.31323],[-123.0927,49.31327],[-123.09269,49.31366],[-123.09323,49.31366],[-123.09329,49.31325],[-123.0954,49.31322],[-123.09541,49.31314],[-123.10193,49.31319],[-123.10191,49.31504],[-123.102,49.31522],[-123.10206,49.31713],[-123.10276,49.3171],[-123.10293,49.31084],[-123.10376,49.31083],[-123.10375,49.31297],[-123.10338,49.31297],[-123.10342,49.31397],[-123.10506,49.31398],[-123.10526,49.31381],[-123.10594,49.31383],[-123.10595,49.31288],[-123.10728,49.31287],[-123.10736,49.31062],[-123.10765,49.31064],[-123.10764,49.31202],[-123.10796,49.31204],[-123.10796,49.31089],[-123.11012,49.31089],[-123.11021,49.31041],[-123.11087,49.31042],[-123.11091,49.31099],[-123.1137,49.31099],[-123.11379,49.31298],[-123.11285,49.31332],[-123.11317,49.31369],[-123.11369,49.31357],[-123.11424,49.31316],[-123.11484,49.31289],[-123.11545,49.3129],[-123.11592,49.31298],[-123.11597,49.31334],[-123.11609,49.31366],[-123.11627,49.31379],[-123.11665,49.31371],[-123.11689,49.31314],[-123.1169,49.31267],[-123.11668,49.31219],[-123.11626,49.31161],[-123.11551,49.31128],[-123.11496,49.31078],[-123.11456,49.31014],[-123.11445,49.30944],[-123.11456,49.30885],[-123.11482,49.3087],[-123.11521,49.30877],[-123.11651,49.30904],[-123.11655,49.3093],[-123.11671,49.30941],[-123.11752,49.3096],[-123.11843,49.31005],[-123.1191,49.31029],[-123.11939,49.31055],[-123.11961,49.31109],[-123.1198,49.31131],[-123.12022,49.31131],[-123.12053,49.31109],[-123.12059,49.31092],[-123.12091,49.31098],[-123.12115,49.3109],[-123.12051,49.31064],[-123.1208,49.31048],[-123.12563,49.31226],[-123.12537,49.31252],[-123.12575,49.31274],[-123.1263,49.31287],[-123.1271,49.31303],[-123.12776,49.31329],[-123.12803,49.31358],[-123.12848,49.31366],[-123.12883,49.31376],[-123.12907,49.31411],[-123.12932,49.31425],[-123.12978,49.31435],[-123.13039,49.31475],[-123.13101,49.31507],[-123.13183,49.31535],[-123.13229,49.31554],[-123.13281,49.31559],[-123.13322,49.31579],[-123.13348,49.31624],[-123.13338,49.31665],[-123.13286,49.31675],[-123.13271,49.31688],[-123.13282,49.31708],[-123.13268,49.3173],[-123.13287,49.31753],[-123.13274,49.31765],[-123.13273,49.31801],[-123.13293,49.31826],[-123.13335,49.31824],[-123.1338,49.31804],[-123.13396,49.3181],[-123.13386,49.3186],[-123.13394,49.31886],[-123.13422,49.31883],[-123.13451,49.3185],[-123.13475,49.3181],[-123.1347,49.31788],[-123.13448,49.31764],[-123.13452,49.31754],[-123.13465,49.31752],[-123.13512,49.31756],[-123.13548,49.31746],[-123.13574,49.31723],[-123.13581,49.31701],[-123.13632,49.31692],[-123.13712,49.31709],[-123.13712,49.3171],[-123.13717,49.31704],[-123.14061,49.31332]],[[-123.12396,49.29412],[-123.12436,49.29419],[-123.1246,49.29432],[-123.12466,49.29448],[-123.12444,49.2946],[-123.12392,49.29458],[-123.12388,49.29473],[-123.12402,49.29565],[-123.12405,49.29605],[-123.12411,49.29668],[-123.12399,49.29705],[-123.12377,49.29707],[-123.1236,49.29681],[-123.12344,49.29651],[-123.12312,49.29642],[-123.12254,49.29646],[-123.12235,49.29619],[-123.12204,49.29611],[-123.12153,49.29605],[-123.12138,49.2958],[-123.1217,49.29533],[-123.12193,49.295],[-123.12214,49.2947],[-123.12254,49.29456],[-123.12274,49.29438],[-123.12329,49.29416],[-123.12396,49.29412]]]},"properties":{"MGNT_AREA":28,"SUBAREA_":10,"NAME":"Subarea 28-10","LABEL":"28-10","SQ_KM":15.39766444}},{"type":"Feature","geometry":{"type":"Polygon","coordinates":[[[-122.85462,49.43008],[-122.85461,49.43021],[-122.85461,49.43024],[-122.85453,49.43062],[-122.85436,49.43085],[-122.85408,49.431],[-122.85377,49.43121],[-122.85382,49.43153],[-122.85415,49.43183],[-122.8547,49.43213],[-122.85517,49.43253],[-122.85555,49.43307],[-122.85586,49.43345],[-122.85603,49.43369],[-122.85609,49.4339],[-122.85593,49.4348],[-122.85571,49.43528],[-122.85555,49.4356],[-122.85521,49.43611],[-122.85516,49.43639],[-122.8549,49.43664],[-122.85469,49.43731],[-122.85458,49.43798],[-122.85469,49.43851],[-122.85508,49.43886],[-122.8557,49.43921],[-122.85602,49.43945],[-122.85612,49.4397],[-122.85617,49.44016],[-122.85616,49.44057],[-122.8562,49.44106],[-122.85621,49.44151],[-122.85632,49.44223],[-122.85638,49.44271],[-122.85658,49.44289],[-122.85681,49.44291],[-122.85706,49.44293],[-122.85747,49.44295],[-122.85781,49.44304],[-122.85832,49.44357],[-122.85896,49.44413],[-122.85909,49.44441],[-122.85883,49.44553],[-122.85908,49.44609],[-122.85969,49.44651],[-122.86024,49.44688],[-122.86058,49.44717],[-122.86107,49.44744],[-122.86119,49.44767],[-122.86124,49.44819],[-122.86123,49.44862],[-122.86134,49.44887],[-122.86121,49.4493],[-122.8611,49.44957],[-122.86126,49.44993],[-122.8618,49.45006],[-122.86242,49.45007],[-122.86282,49.44999],[-122.86327,49.45008],[-122.86327,49.45028],[-122.86296,49.45044],[-122.86263,49.45045],[-122.86235,49.45063],[-122.86235,49.45092],[-122.86256,49.45131],[-122.86253,49.45174],[-122.86243,49.45277],[-122.86234,49.45303],[-122.86243,49.45353],[-122.86256,49.45381],[-122.86321,49.45479],[-122.86362,49.4551],[-122.86449,49.45555],[-122.86526,49.45603],[-122.8656,49.45631],[-122.86632,49.45678],[-122.86672,49.45704],[-122.86715,49.45715],[-122.86758,49.45721],[-122.86897,49.45721],[-122.87104,49.45757],[-122.87117,49.45771],[-122.885,49.45699],[-122.88503,49.45698],[-122.88445,49.45616],[-122.88389,49.45568],[-122.88342,49.45515],[-122.88314,49.45474],[-122.88259,49.45417],[-122.88218,49.45387],[-122.88183,49.4534],[-122.88174,49.45306],[-122.8815,49.4528],[-122.88133,49.45249],[-122.88135,49.45222],[-122.88147,49.45185],[-122.88152,49.45142],[-122.88154,49.45111],[-122.88181,49.45097],[-122.8819,49.45079],[-122.88175,49.45047],[-122.8815,49.44996],[-122.88129,49.44968],[-122.88091,49.44947],[-122.88022,49.44927],[-122.87974,49.44922],[-122.87958,49.44913],[-122.87923,49.44894],[-122.87865,49.44869],[-122.87813,49.44852],[-122.8776,49.44801],[-122.87723,49.44774],[-122.8769,49.44738],[-122.87674,49.44693],[-122.87676,49.44637],[-122.87695,49.44588],[-122.87698,49.4455],[-122.87716,49.44538],[-122.87742,49.44511],[-122.87785,49.44494],[-122.87802,49.44471],[-122.87802,49.44443],[-122.87875,49.44387],[-122.87955,49.44315],[-122.87953,49.44288],[-122.87937,49.44266],[-122.87934,49.4422],[-122.87921,49.44188],[-122.87904,49.44142],[-122.87884,49.44083],[-122.87844,49.44037],[-122.87636,49.43888],[-122.87588,49.43834],[-122.87559,49.43781],[-122.87534,49.43652],[-122.8756,49.43571],[-122.87589,49.43539],[-122.87596,49.43507],[-122.87612,49.43478],[-122.876,49.4346],[-122.87559,49.43453],[-122.87536,49.43444],[-122.87532,49.43431],[-122.87528,49.43416],[-122.87517,49.43398],[-122.87475,49.43396],[-122.87454,49.4339],[-122.87435,49.43377],[-122.874,49.43358],[-122.87379,49.4332],[-122.87373,49.43261],[-122.87372,49.43208],[-122.87369,49.43179],[-122.8735,49.43158],[-122.87344,49.43141],[-122.8734,49.43119],[-122.87347,49.43108],[-122.87368,49.43113],[-122.87399,49.43115],[-122.87419,49.43107],[-122.87456,49.43079],[-122.87487,49.43069],[-122.8751,49.4306],[-122.87517,49.43033],[-122.87523,49.43024],[-122.8753,49.43015],[-122.87555,49.4301],[-122.87563,49.43008],[-122.85462,49.43008]],[[-122.86385,49.43023],[-122.86418,49.43028],[-122.86444,49.43074],[-122.86462,49.43115],[-122.8649,49.43153],[-122.86533,49.43198],[-122.86569,49.43205],[-122.86607,49.43196],[-122.86645,49.43192],[-122.86687,49.43187],[-122.86723,49.43176],[-122.86783,49.43174],[-122.86833,49.4318],[-122.86877,49.43182],[-122.86927,49.43175],[-122.86983,49.43166],[-122.87022,49.43167],[-122.87052,49.43187],[-122.87083,49.4325],[-122.87108,49.43357],[-122.87121,49.43382],[-122.87116,49.43425],[-122.87121,49.43478],[-122.87125,49.43478],[-122.87118,49.43538],[-122.87122,49.43553],[-122.87121,49.43568],[-122.87119,49.43591],[-122.87114,49.4361],[-122.87115,49.43623],[-122.87115,49.43639],[-122.87112,49.4366],[-122.87136,49.43739],[-122.87206,49.43831],[-122.87244,49.43865],[-122.87249,49.43893],[-122.87282,49.43969],[-122.873,49.43991],[-122.87317,49.44036],[-122.87333,49.44057],[-122.87356,49.44145],[-122.87463,49.44275],[-122.8751,49.44356],[-122.87505,49.44412],[-122.87509,49.44471],[-122.87493,49.44511],[-122.87474,49.44561],[-122.87444,49.44606],[-122.87418,49.44643],[-122.87409,49.44674],[-122.87395,49.44705],[-122.87402,49.44722],[-122.87393,49.44763],[-122.87364,49.44794],[-122.8733,49.44806],[-122.8727,49.44797],[-122.87219,49.44777],[-122.87185,49.44764],[-122.87139,49.44743],[-122.87087,49.44692],[-122.87109,49.44644],[-122.87113,49.44616],[-122.87096,49.44594],[-122.87062,49.44566],[-122.87032,49.44552],[-122.87009,49.44529],[-122.86997,49.44484],[-122.86984,49.4446],[-122.86965,49.44447],[-122.8693,49.44433],[-122.86906,49.44414],[-122.8689,49.444],[-122.86876,49.44374],[-122.86846,49.44352],[-122.86829,49.44318],[-122.86816,49.44288],[-122.86806,49.44246],[-122.86805,49.44199],[-122.86797,49.44159],[-122.86787,49.44142],[-122.86763,49.44112],[-122.86721,49.44076],[-122.86698,49.44058],[-122.86682,49.44021],[-122.86666,49.4399],[-122.86646,49.43961],[-122.86626,49.43918],[-122.86604,49.43896],[-122.86564,49.43857],[-122.86539,49.43833],[-122.86505,49.43732],[-122.86471,49.43681],[-122.86445,49.43653],[-122.86424,49.436],[-122.86369,49.43555],[-122.86352,49.43523],[-122.86312,49.43489],[-122.86293,49.43458],[-122.86274,49.43425],[-122.86269,49.43378],[-122.86263,49.43342],[-122.86253,49.43318],[-122.86234,49.43288],[-122.86237,49.43262],[-122.8625,49.43224],[-122.86267,49.43197],[-122.86279,49.43164],[-122.86294,49.43126],[-122.86306,49.43089],[-122.86318,49.43047],[-122.86339,49.43029],[-122.86385,49.43023]],[[-122.86324,49.44903],[-122.86324,49.44926],[-122.86301,49.44955],[-122.86247,49.44973],[-122.86219,49.44979],[-122.86162,49.44976],[-122.86159,49.44955],[-122.86178,49.44933],[-122.86203,49.44915],[-122.86222,49.44919],[-122.86272,49.4492],[-122.863,49.44907],[-122.86324,49.44903]]]},"properties":{"MGNT_AREA":28,"SUBAREA_":13,"NAME":"Subarea 28-13","LABEL":"28-13","SQ_KM":3.48715989}},{"type":"Feature","geometry":{"type":"Polygon","coordinates":[[[-122.87117,49.45771],[-122.87141,49.45797],[-122.87239,49.45862],[-122.87257,49.45889],[-122.87273,49.45912],[-122.87281,49.45971],[-122.8728,49.46033],[-122.87282,49.46095],[-122.87299,49.4614],[-122.87306,49.46155],[-122.87351,49.46193],[-122.87397,49.46214],[-122.87443,49.46217],[-122.87498,49.46219],[-122.87541,49.46231],[-122.87624,49.46255],[-122.87681,49.46265],[-122.87747,49.46283],[-122.87766,49.46306],[-122.87758,49.46334],[-122.87757,49.46359],[-122.87765,49.46378],[-122.87788,49.46386],[-122.87895,49.4641],[-122.87981,49.46414],[-122.88094,49.46413],[-122.88115,49.46424],[-122.88105,49.46446],[-122.8819,49.46432],[-122.88277,49.46418],[-122.88365,49.46413],[-122.88404,49.46408],[-122.88458,49.46405],[-122.88476,49.464],[-122.88481,49.46398],[-122.88537,49.46379],[-122.88554,49.46373],[-122.88618,49.46336],[-122.8866,49.46311],[-122.88666,49.46278],[-122.88644,49.46226],[-122.88644,49.46168],[-122.88672,49.46133],[-122.88715,49.4611],[-122.88771,49.461],[-122.88787,49.46062],[-122.88779,49.46023],[-122.88772,49.45977],[-122.8875,49.45915],[-122.88728,49.45885],[-122.88719,49.45858],[-122.88689,49.4583],[-122.88619,49.45747],[-122.88582,49.45728],[-122.88539,49.45723],[-122.88516,49.45707],[-122.88505,49.457],[-122.88503,49.45698],[-122.885,49.45699],[-122.87117,49.45771]]]},"properties":{"MGNT_AREA":28,"SUBAREA_":14,"NAME":"Subarea 28-14","LABEL":"28-14","SQ_KM":0.70981729000000005}},{"type":"Feature","geometry":{"type":"Polygon","coordinates":[[[-123.20165,49.27603],[-123.20139,49.27586],[-123.20066,49.27571],[-123.19894,49.27564],[-123.19819,49.27501],[-123.19703,49.27439],[-123.19733,49.27415],[-123.19742,49.27394],[-123.19727,49.27362],[-123.19663,49.27315],[-123.19559,49.27264],[-123.19431,49.27239],[-123.19279,49.27237],[-123.19183,49.27248],[-123.19055,49.2727],[-123.18913,49.27299],[-123.18797,49.27321],[-123.18738,49.2733],[-123.18674,49.27325],[-123.18536,49.2732],[-123.1845,49.27324],[-123.18414,49.27319],[-123.18368,49.27296],[-123.18285,49.27266],[-123.18203,49.27253],[-123.18124,49.27247],[-123.18053,49.2723],[-123.17956,49.27223],[-123.17876,49.27209],[-123.17781,49.27209],[-123.17722,49.27205],[-123.17643,49.27191],[-123.17558,49.27188],[-123.17434,49.2718],[-123.17318,49.27168],[-123.17227,49.27171],[-123.17129,49.2718],[-123.16997,49.27202],[-123.16868,49.27223],[-123.16768,49.27248],[-123.16679,49.27273],[-123.16587,49.27323],[-123.16492,49.27372],[-123.16417,49.27405],[-123.16337,49.27413],[-123.16195,49.27419],[-123.16134,49.27433],[-123.1608,49.27439],[-123.16043,49.2743],[-123.16003,49.27403],[-123.15935,49.27372],[-123.15897,49.27389],[-123.15838,49.27391],[-123.15759,49.27383],[-123.15614,49.27356],[-123.15552,49.27363],[-123.1553,49.27376],[-123.1553,49.27398],[-123.15502,49.27438],[-123.1546,49.27468],[-123.15404,49.27509],[-123.15302,49.27589],[-123.15248,49.27641],[-123.15228,49.27675],[-123.15231,49.27725],[-123.15227,49.27753],[-123.15198,49.27777],[-123.15122,49.27782],[-123.15051,49.27798],[-123.15001,49.27797],[-123.14974,49.27784],[-123.14931,49.27779],[-123.14899,49.27786],[-123.1488,49.2781],[-123.1487,49.27847],[-123.14856,49.27906],[-123.14827,49.27921],[-123.14746,49.27932],[-123.14755,49.2791],[-123.14802,49.27872],[-123.14794,49.27856],[-123.14748,49.27849],[-123.14711,49.2783],[-123.14668,49.27789],[-123.14636,49.27781],[-123.14606,49.2779],[-123.1458,49.27826],[-123.14534,49.27869],[-123.14485,49.2789],[-123.14363,49.27882],[-123.14245,49.27856],[-123.14185,49.27825],[-123.14086,49.27746],[-123.1404,49.27709],[-123.1402,49.27643],[-123.14024,49.27599],[-123.13985,49.27563],[-123.13936,49.27502],[-123.13921,49.27462],[-123.1395,49.27428],[-123.13988,49.2736],[-123.14009,49.27287],[-123.13984,49.27213],[-123.13935,49.27101],[-123.13879,49.27093],[-123.13838,49.27087],[-123.13828,49.27072],[-123.13813,49.27064],[-123.13776,49.27061],[-123.13768,49.27032],[-123.13743,49.27004],[-123.13629,49.26966],[-123.13616,49.26971],[-123.13638,49.27],[-123.13673,49.27036],[-123.13677,49.27073],[-123.13714,49.27111],[-123.13737,49.27169],[-123.13711,49.27223],[-123.13714,49.27272],[-123.13692,49.2732],[-123.13621,49.27334],[-123.13547,49.27331],[-123.13492,49.273],[-123.13442,49.27258],[-123.1339,49.2721],[-123.13314,49.27155],[-123.13242,49.27119],[-123.13191,49.27089],[-123.1316,49.27031],[-123.13093,49.26992],[-123.13061,49.2695],[-123.13065,49.26903],[-123.13087,49.2687],[-123.13074,49.2684],[-123.13098,49.26835],[-123.13123,49.26849],[-123.1316,49.2686],[-123.1322,49.2686],[-123.13278,49.26868],[-123.13344,49.26891],[-123.13386,49.26894],[-123.13422,49.26875],[-123.13422,49.26852],[-123.13381,49.26846],[-123.13337,49.26837],[-123.13325,49.26804],[-123.13312,49.26786],[-123.13268,49.26783],[-123.13242,49.26778],[-123.13228,49.26747],[-123.13183,49.26734],[-123.13128,49.26747],[-123.1308,49.26778],[-123.1309,49.26781],[-123.13113,49.26789],[-123.13118,49.26804],[-123.13093,49.26812],[-123.13016,49.26817],[-123.12984,49.26834],[-123.12949,49.26832],[-123.12782,49.26818],[-123.12582,49.26818],[-123.1255,49.26791],[-123.12499,49.2677],[-123.12452,49.26776],[-123.12415,49.26803],[-123.12378,49.26824],[-123.12299,49.26825],[-123.12257,49.26833],[-123.12235,49.2685],[-123.12179,49.26852],[-123.12134,49.26844],[-123.12109,49.26798],[-123.12077,49.26775],[-123.11996,49.26776],[-123.1191,49.26793],[-123.11899,49.26831],[-123.11897,49.26883],[-123.1189,49.26926],[-123.11868,49.26942],[-123.11833,49.26934],[-123.11802,49.26957],[-123.11771,49.26957],[-123.1177,49.26989],[-123.11727,49.26996],[-123.11728,49.27016],[-123.11722,49.27028],[-123.11674,49.27033],[-123.11606,49.27052],[-123.11553,49.27079],[-123.11572,49.27089],[-123.11376,49.27166],[-123.11363,49.27155],[-123.11179,49.27196],[-123.11172,49.27211],[-123.11109,49.27215],[-123.11043,49.27256],[-123.11022,49.27245],[-123.10965,49.27267],[-123.10961,49.27291],[-123.10896,49.27291],[-123.10892,49.27263],[-123.10801,49.27259],[-123.1077,49.27241],[-123.10741,49.27229],[-123.10717,49.27243],[-123.10457,49.2724],[-123.10409,49.27258],[-123.10304,49.27252],[-123.10314,49.27268],[-123.10297,49.27319],[-123.10324,49.27316],[-123.10385,49.27303],[-123.10448,49.27311],[-123.10471,49.27336],[-123.10461,49.27369],[-123.10423,49.27406],[-123.10389,49.2742],[-123.10391,49.27465],[-123.10388,49.27542],[-123.1043,49.27549],[-123.1046,49.27558],[-123.10496,49.27565],[-123.10703,49.27568],[-123.1085,49.27489],[-123.10847,49.27471],[-123.10878,49.27473],[-123.109,49.27438],[-123.1102,49.27449],[-123.11015,49.27417],[-123.11099,49.2738],[-123.11162,49.27372],[-123.11197,49.27345],[-123.11327,49.27299],[-123.11462,49.2727],[-123.11569,49.2727],[-123.11684,49.27255],[-123.11708,49.27272],[-123.11806,49.27266],[-123.11975,49.27149],[-123.1193,49.27128],[-123.12003,49.27098],[-123.12049,49.27109],[-123.12098,49.27075],[-123.12166,49.27102],[-123.12205,49.27084],[-123.12255,49.27111],[-123.12353,49.27051],[-123.12353,49.2704],[-123.12438,49.27034],[-123.12435,49.27053],[-123.1246,49.27054],[-123.12465,49.27075],[-123.12542,49.27074],[-123.12586,49.27031],[-123.12609,49.27031],[-123.12679,49.27077],[-123.12778,49.27075],[-123.12857,49.27129],[-123.12963,49.2718],[-123.13032,49.27172],[-123.13087,49.27215],[-123.13189,49.27284],[-123.13224,49.27276],[-123.13329,49.27348],[-123.13387,49.27406],[-123.13368,49.2743],[-123.13388,49.2745],[-123.13442,49.27435],[-123.13477,49.2746],[-123.13605,49.27599],[-123.1367,49.27672],[-123.13639,49.27691],[-123.13643,49.27709],[-123.13662,49.27745],[-123.13725,49.27784],[-123.13758,49.27803],[-123.13792,49.27855],[-123.13844,49.27901],[-123.13927,49.2798],[-123.13981,49.28045],[-123.1404,49.2808],[-123.14111,49.28134],[-123.14162,49.2817],[-123.14179,49.28205],[-123.14222,49.28244],[-123.14264,49.28318],[-123.14303,49.28379],[-123.14346,49.28406],[-123.14407,49.28418],[-123.14414,49.28435],[-123.14408,49.28445],[-123.14379,49.28457],[-123.14346,49.28472],[-123.14337,49.285],[-123.14343,49.28543],[-123.14334,49.28608],[-123.14327,49.28667],[-123.14317,49.28711],[-123.14297,49.28757],[-123.14306,49.28802],[-123.14332,49.28839],[-123.14356,49.2886],[-123.14394,49.28869],[-123.14417,49.28878],[-123.14424,49.28899],[-123.1445,49.28918],[-123.14496,49.28933],[-123.14536,49.28939],[-123.14553,49.28952],[-123.14593,49.28983],[-123.14634,49.29],[-123.1467,49.28996],[-123.14715,49.28997],[-123.14726,49.29015],[-123.14737,49.29045],[-123.14788,49.29081],[-123.14836,49.29123],[-123.14897,49.29165],[-123.14969,49.2921],[-123.15015,49.29256],[-123.15014,49.29316],[-123.15014,49.294],[-123.15022,49.29455],[-123.15046,49.29501],[-123.15053,49.29505],[-123.15081,49.29519],[-123.15112,49.29541],[-123.1516,49.2956],[-123.15195,49.2956],[-123.15218,49.29538],[-123.15243,49.29528],[-123.15271,49.2953],[-123.15305,49.29558],[-123.15318,49.29593],[-123.1534,49.29657],[-123.1537,49.29702],[-123.1541,49.29739],[-123.1546,49.29761],[-123.15502,49.29767],[-123.15582,49.2975],[-123.15658,49.29741],[-123.15733,49.29754],[-123.15782,49.29797],[-123.15818,49.29863],[-123.15838,49.29932],[-123.15846,49.29994],[-123.15848,49.30046],[-123.15864,49.30075],[-123.1588,49.30102],[-123.15879,49.30113],[-123.20165,49.27603]]]},"properties":{"MGNT_AREA":28,"SUBAREA_":8,"NAME":"Subarea 28-8","LABEL":"28-8","SQ_KM":8.5409673300000009}},{"type":"Feature","geometry":{"type":"Polygon","coordinates":[[[-123.1787,49.21606],[-123.17876,49.21596],[-123.17933,49.21598],[-123.18,49.21611],[-123.18097,49.21628],[-123.18157,49.21636],[-123.18234,49.21642],[-123.18308,49.21663],[-123.18443,49.21717],[-123.18512,49.21748],[-123.18534,49.21754],[-123.18566,49.21761],[-123.18593,49.21778],[-123.18623,49.21796],[-123.18699,49.21824],[-123.18777,49.21842],[-123.18822,49.21863],[-123.18844,49.21876],[-123.18875,49.21911],[-123.18884,49.21947],[-123.18984,49.21984],[-123.1902,49.21999],[-123.19026,49.2201],[-123.1903,49.22037],[-123.19038,49.22046],[-123.19081,49.22043],[-123.19105,49.22044],[-123.19125,49.22059],[-123.19143,49.22068],[-123.19161,49.22073],[-123.19193,49.22071],[-123.19212,49.22066],[-123.19237,49.22071],[-123.19266,49.22078],[-123.19429,49.22097],[-123.19508,49.2212],[-123.19588,49.22129],[-123.19737,49.22143],[-123.19922,49.22171],[-123.19785,49.22322],[-123.19774,49.22334],[-123.19778,49.22346],[-123.19825,49.22359],[-123.19846,49.22356],[-123.19947,49.22215],[-123.19978,49.22204],[-123.20036,49.22207],[-123.20128,49.22231],[-123.20171,49.22248],[-123.20182,49.22303],[-123.20208,49.22345],[-123.20255,49.22371],[-123.20354,49.22403],[-123.20416,49.22424],[-123.20438,49.2244],[-123.20441,49.22473],[-123.20467,49.22486],[-123.20486,49.22494],[-123.20494,49.2254],[-123.20496,49.22557],[-123.20512,49.22562],[-123.20555,49.22563],[-123.20579,49.22566],[-123.20592,49.22592],[-123.20603,49.22643],[-123.20612,49.22683],[-123.20618,49.22703],[-123.20605,49.22757],[-123.20661,49.2281],[-123.20678,49.22838],[-123.20704,49.22861],[-123.20747,49.22878],[-123.20773,49.22908],[-123.20855,49.22937],[-123.20873,49.22987],[-123.21017,49.23067],[-123.21046,49.23091],[-123.21162,49.23142],[-123.21326,49.23254],[-123.21452,49.23302],[-123.2149,49.23327],[-123.21529,49.23341],[-123.21611,49.23392],[-123.21741,49.23451],[-123.21863,49.23524],[-123.21992,49.23592],[-123.22018,49.23609],[-123.22042,49.23636],[-123.22061,49.23666],[-123.22102,49.23689],[-123.22168,49.23719],[-123.22239,49.23745],[-123.22303,49.23776],[-123.22349,49.23799],[-123.22381,49.23827],[-123.22446,49.23865],[-123.22505,49.23894],[-123.22761,49.24002],[-123.2289,49.24036],[-123.22977,49.2407],[-123.23016,49.24089],[-123.23102,49.24123],[-123.23145,49.24145],[-123.23227,49.24179],[-123.23331,49.24215],[-123.23387,49.24238],[-123.23465,49.24283],[-123.23598,49.24368],[-123.23629,49.2439],[-123.23754,49.2444],[-123.23803,49.24472],[-123.23952,49.24545],[-123.24191,49.24648],[-123.24298,49.24677],[-123.24342,49.24693],[-123.24384,49.24704],[-123.24428,49.24727],[-123.24553,49.24771],[-123.24635,49.24805],[-123.24808,49.24862],[-123.24851,49.24878],[-123.24886,49.24898],[-123.24916,49.24921],[-123.24963,49.24981],[-123.24979,49.25014],[-123.2505,49.25051],[-123.25114,49.25084],[-123.25177,49.25117],[-123.25236,49.25131],[-123.25273,49.25167],[-123.25314,49.25195],[-123.25341,49.25252],[-123.25372,49.25274],[-123.25378,49.25298],[-123.25372,49.25335],[-123.25393,49.25404],[-123.25425,49.25466],[-123.25449,49.25503],[-123.25504,49.25532],[-123.25558,49.25591],[-123.25637,49.25679],[-123.25706,49.25768],[-123.25762,49.25882],[-123.25835,49.25973],[-123.25894,49.26027],[-123.25973,49.26076],[-123.26031,49.26126],[-123.26107,49.26181],[-123.26184,49.26241],[-123.26235,49.26299],[-123.26257,49.26373],[-123.26292,49.26413],[-123.26386,49.26468],[-123.26434,49.26503],[-123.26443,49.26532],[-123.26447,49.26553],[-123.27964,49.25733],[-123.27094,49.25282],[-123.24778,49.2383],[-123.24774,49.23829],[-123.24622,49.23748],[-123.24571,49.23724],[-123.24515,49.23694],[-123.24422,49.23638],[-123.24319,49.23583],[-123.24257,49.2355],[-123.24226,49.23528],[-123.2421,49.23497],[-123.24155,49.23475],[-123.24098,49.2345],[-123.24021,49.2341],[-123.23965,49.23382],[-123.23916,49.23342],[-123.23869,49.23301],[-123.23827,49.23278],[-123.23774,49.23245],[-123.23741,49.23207],[-123.23695,49.23173],[-123.2361,49.2313],[-123.2352,49.2308],[-123.23394,49.22985],[-123.23368,49.22957],[-123.23314,49.2293],[-123.23244,49.2287],[-123.23113,49.22794],[-123.23031,49.22749],[-123.22902,49.22687],[-123.22858,49.2267],[-123.22729,49.22628],[-123.22642,49.22594],[-123.22565,49.22552],[-123.22478,49.2253],[-123.22435,49.22516],[-123.22391,49.22507],[-123.21915,49.22366],[-123.21792,49.22345],[-123.2171,49.22325],[-123.21676,49.22308],[-123.2159,49.22286],[-123.21546,49.22272],[-123.21512,49.22255],[-123.21429,49.22232],[-123.21343,49.22213],[-123.213,49.22196],[-123.21214,49.22174],[-123.21171,49.22168],[-123.21085,49.22146],[-123.21042,49.2214],[-123.20956,49.22118],[-123.20873,49.22116],[-123.20826,49.22101],[-123.2074,49.2209],[-123.20658,49.22068],[-123.20528,49.22042],[-123.204,49.22023],[-123.20037,49.21982],[-123.20011,49.21981],[-123.19968,49.21968],[-123.19881,49.21951],[-123.19838,49.21948],[-123.19795,49.21939],[-123.19709,49.21914],[-123.19666,49.21909],[-123.19579,49.2189],[-123.19454,49.21873],[-123.19368,49.21856],[-123.19325,49.2185],[-123.19239,49.21831],[-123.192,49.21825],[-123.1907,49.21792],[-123.19028,49.21772],[-123.18941,49.21746],[-123.18812,49.2169],[-123.18744,49.21642],[-123.187,49.2164],[-123.18658,49.21626],[-123.18588,49.21589],[-123.1851,49.21561],[-123.18437,49.21527],[-123.18351,49.21505],[-123.18308,49.21496],[-123.18222,49.21485],[-123.18178,49.21485],[-123.18092,49.21471],[-123.17921,49.21455],[-123.17882,49.21449],[-123.17838,49.21432],[-123.17834,49.21407],[-123.1792,49.2137],[-123.18006,49.2135],[-123.18135,49.21352],[-123.18221,49.21363],[-123.18308,49.2136],[-123.1835,49.21355],[-123.18436,49.21354],[-123.1848,49.2136],[-123.18566,49.21366],[-123.18609,49.21366],[-123.18781,49.21355],[-123.18867,49.21343],[-123.18915,49.21346],[-123.18954,49.21337],[-123.1904,49.21337],[-123.19087,49.21346],[-123.1913,49.21346],[-123.19341,49.21314],[-123.19428,49.21322],[-123.19466,49.21333],[-123.19509,49.21356],[-123.19553,49.21367],[-123.19639,49.21378],[-123.19682,49.21396],[-123.19777,49.21418],[-123.1982,49.21423],[-123.19897,49.21449],[-123.1994,49.21434],[-123.19983,49.21429],[-123.20026,49.21434],[-123.20061,49.21411],[-123.20048,49.21383],[-123.20043,49.21355],[-123.2006,49.21298],[-123.20084,49.2126],[-123.20089,49.21228],[-123.20108,49.21197],[-123.20133,49.21171],[-123.2014,49.2114],[-123.20126,49.21106],[-123.20091,49.21086],[-123.20054,49.21074],[-123.19987,49.21058],[-123.19971,49.2104],[-123.1995,49.21011],[-123.19913,49.20997],[-123.19862,49.20997],[-123.19831,49.21004],[-123.19801,49.21019],[-123.19762,49.21024],[-123.19671,49.21026],[-123.19614,49.21032],[-123.19537,49.21052],[-123.19467,49.21058],[-123.19361,49.21059],[-123.19227,49.21048],[-123.19143,49.21043],[-123.19022,49.21044],[-123.18887,49.21041],[-123.18759,49.2104],[-123.1872,49.2105],[-123.18675,49.2106],[-123.18574,49.21068],[-123.18535,49.21075],[-123.18482,49.21079],[-123.1841,49.21089],[-123.18227,49.21115],[-123.18182,49.21126],[-123.18139,49.21143],[-123.18095,49.21149],[-123.18053,49.2116],[-123.1801,49.21166],[-123.17924,49.21189],[-123.17881,49.21211],[-123.17872,49.21234],[-123.17847,49.21262],[-123.17683,49.21347],[-123.17648,49.2137],[-123.17563,49.21407],[-123.17519,49.21421],[-123.17477,49.21424],[-123.1739,49.21424],[-123.17261,49.2141],[-123.17171,49.21394],[-123.17129,49.21367],[-123.17114,49.21343],[-123.1712,49.21308],[-123.17104,49.21294],[-123.17053,49.21285],[-123.17004,49.21289],[-123.16943,49.21296],[-123.16925,49.21325],[-123.16945,49.2135],[-123.17004,49.21363],[-123.17047,49.21379],[-123.17044,49.21391],[-123.1701,49.21391],[-123.16917,49.21377],[-123.16873,49.21363],[-123.1683,49.21355],[-123.16701,49.2131],[-123.16486,49.21253],[-123.16399,49.21225],[-123.16356,49.21202],[-123.16313,49.21191],[-123.16276,49.21161],[-123.16075,49.21062],[-123.15955,49.20994],[-123.15924,49.20972],[-123.15881,49.20949],[-123.15859,49.20926],[-123.15862,49.20906],[-123.15892,49.20905],[-123.15926,49.20916],[-123.15944,49.20936],[-123.15968,49.20947],[-123.16013,49.20951],[-123.16031,49.20954],[-123.16039,49.20967],[-123.16059,49.20974],[-123.16087,49.20975],[-123.16102,49.20965],[-123.16161,49.20961],[-123.16123,49.20949],[-123.16078,49.20942],[-123.16026,49.2091],[-123.15872,49.20852],[-123.15735,49.20789],[-123.15627,49.20742],[-123.15519,49.20696],[-123.15485,49.20673],[-123.15459,49.20645],[-123.15424,49.20617],[-123.15398,49.20586],[-123.15342,49.20529],[-123.15243,49.20448],[-123.15208,49.20426],[-123.15182,49.20403],[-123.15139,49.20375],[-123.15078,49.20327],[-123.15003,49.20288],[-123.14941,49.20263],[-123.14865,49.20227],[-123.14806,49.20203],[-123.14779,49.20184],[-123.1473,49.20168],[-123.14658,49.20142],[-123.14568,49.201],[-123.14489,49.20061],[-123.14383,49.20012],[-123.14299,49.19973],[-123.14272,49.19959],[-123.14215,49.19954],[-123.14137,49.19938],[-123.14057,49.19911],[-123.13994,49.19897],[-123.13914,49.19885],[-123.13857,49.19875],[-123.13828,49.1986],[-123.13742,49.19857],[-123.13656,49.19834],[-123.13613,49.19818],[-123.1357,49.19795],[-123.13557,49.19787],[-123.1353,49.19793],[-123.13304,49.19619],[-123.13302,49.19611],[-123.1325,49.19609],[-123.13182,49.1964],[-123.13168,49.19646],[-123.13097,49.19673],[-123.13082,49.19678],[-123.13039,49.19686],[-123.12958,49.19683],[-123.12923,49.197],[-123.12914,49.19728],[-123.12923,49.19757],[-123.12889,49.1978],[-123.12846,49.19788],[-123.12759,49.19816],[-123.12717,49.19824],[-123.12682,49.19813],[-123.12656,49.19785],[-123.12637,49.19785],[-123.12596,49.1978],[-123.12549,49.19785],[-123.12467,49.19824],[-123.12381,49.19859],[-123.12347,49.19887],[-123.12218,49.19943],[-123.12174,49.19958],[-123.12153,49.20014],[-123.12114,49.20045],[-123.12024,49.20042],[-123.11938,49.20045],[-123.11894,49.20042],[-123.11808,49.20049],[-123.1179,49.20057],[-123.11571,49.20076],[-123.11425,49.20058],[-123.11381,49.20049],[-123.11295,49.20041],[-123.11253,49.20032],[-123.11209,49.20029],[-123.11166,49.20021],[-123.1108,49.19999],[-123.11037,49.19993],[-123.10994,49.19979],[-123.10976,49.1997],[-123.10787,49.19909],[-123.10744,49.199],[-123.10705,49.19886],[-123.10619,49.19869],[-123.10533,49.19858],[-123.10446,49.19841],[-123.1036,49.19833],[-123.10317,49.19824],[-123.10062,49.19794],[-123.10015,49.19779],[-123.09843,49.19768],[-123.09714,49.19743],[-123.09675,49.19743],[-123.09628,49.19732],[-123.09455,49.19715],[-123.09393,49.19715],[-123.09322,49.19695],[-123.09236,49.19687],[-123.09207,49.1968],[-123.09067,49.19656],[-123.08988,49.19672],[-123.08975,49.19675],[-123.0889,49.19684],[-123.08737,49.19719],[-123.08479,49.19806],[-123.08435,49.19828],[-123.08349,49.19862],[-123.08327,49.19865],[-123.08005,49.19992],[-123.07876,49.20035],[-123.0779,49.20057],[-123.07747,49.20077],[-123.07661,49.201],[-123.07532,49.20117],[-123.07488,49.20126],[-123.07407,49.20154],[-123.07368,49.20157],[-123.07346,49.20134],[-123.0726,49.20128],[-123.07221,49.2014],[-123.07178,49.20157],[-123.07135,49.20168],[-123.07049,49.20165],[-123.06963,49.20168],[-123.0692,49.20182],[-123.06877,49.20215],[-123.06843,49.20227],[-123.06811,49.20255],[-123.06783,49.20262],[-123.06746,49.20259],[-123.0671,49.20246],[-123.06642,49.20248],[-123.06557,49.20263],[-123.06439,49.20287],[-123.06376,49.203],[-123.06313,49.20308],[-123.06171,49.20307],[-123.06128,49.20315],[-123.05913,49.20312],[-123.05827,49.20299],[-123.0574,49.20293],[-123.05697,49.20293],[-123.05654,49.20287],[-123.05525,49.20279],[-123.05396,49.20259],[-123.05309,49.20254],[-123.05138,49.20254],[-123.05102,49.20248],[-123.05055,49.20248],[-123.04974,49.2024],[-123.04845,49.2024],[-123.04767,49.20243],[-123.0472,49.20234],[-123.04681,49.20231],[-123.04656,49.20243],[-123.04607,49.20243],[-123.04522,49.20257],[-123.04311,49.2026],[-123.04263,49.20245],[-123.04177,49.20237],[-123.03996,49.20187],[-123.03886,49.20159],[-123.0375,49.20118],[-123.03604,49.20074],[-123.03561,49.20068],[-123.03514,49.20056],[-123.03407,49.19999],[-123.03226,49.19961],[-123.02976,49.19882],[-123.02842,49.19865],[-123.02713,49.19857],[-123.02627,49.19845],[-123.02588,49.19837],[-123.02545,49.19837],[-123.02502,49.19826],[-123.0246,49.19803],[-123.02425,49.19798],[-123.02382,49.19803],[-123.02339,49.19803],[-123.02296,49.19792],[-123.02248,49.19789],[-123.02162,49.19767],[-123.02124,49.19749],[-123.0208,49.19736],[-123.02038,49.19724],[-123.01994,49.19719],[-123.01952,49.19707],[-123.01908,49.1969],[-123.01826,49.19648],[-123.01572,49.19583],[-123.01525,49.19563],[-123.01434,49.19544],[-123.01392,49.19527],[-123.01334,49.19518],[-123.01296,49.19494],[-123.01226,49.19463],[-123.01147,49.19427],[-123.01061,49.19395],[-123.00961,49.19363],[-123.00918,49.19358],[-123.00893,49.19341],[-123.00797,49.19312],[-123.00711,49.19281],[-123.00582,49.19228],[-123.00496,49.19183],[-123.0049,49.19179],[-123.00453,49.19154],[-123.0041,49.19132],[-123.00307,49.19053],[-123.00212,49.18968],[-123.00134,49.1894],[-122.9987,49.18777],[-122.9963,49.18631],[-122.99387,49.18521],[-122.99236,49.18459],[-122.99036,49.1835],[-122.98699,49.18211],[-122.98268,49.18041],[-122.98037,49.17966],[-122.97829,49.17945],[-122.97698,49.1795],[-122.97583,49.17978],[-122.97451,49.17979],[-122.97322,49.17989],[-122.97232,49.18015],[-122.97092,49.18032],[-122.96955,49.18037],[-122.96893,49.18061],[-122.96823,49.18088],[-122.96656,49.1816],[-122.96541,49.18235],[-122.96336,49.18366],[-122.96165,49.18476],[-122.96094,49.18551],[-122.9592,49.18637],[-122.9592,49.18674],[-122.95924,49.18675],[-122.95972,49.18684],[-122.96049,49.18649],[-122.96271,49.18526],[-122.96385,49.18446],[-122.96534,49.18349],[-122.96694,49.18263],[-122.96772,49.18246],[-122.96776,49.18245],[-122.96771,49.18271],[-122.96747,49.18319],[-122.96693,49.18362],[-122.96592,49.18457],[-122.96494,49.18569],[-122.96364,49.18662],[-122.96255,49.18731],[-122.9615,49.18774],[-122.96066,49.18792],[-122.96021,49.18822],[-122.95974,49.18851],[-122.95923,49.18872],[-122.95874,49.18889],[-122.95852,49.18913],[-122.95821,49.18937],[-122.95782,49.18864],[-122.95723,49.18819],[-122.95703,49.18859],[-122.95654,49.18886],[-122.95711,49.18961],[-122.95696,49.19005],[-122.95686,49.19025],[-122.95669,49.19038],[-122.95636,49.19048],[-122.95618,49.19072],[-122.95509,49.19124],[-122.95446,49.19119],[-122.95245,49.19271],[-122.951,49.19357],[-122.94939,49.19447],[-122.9482,49.19501],[-122.94684,49.19574],[-122.94594,49.19617],[-122.94623,49.19648],[-122.94593,49.19667],[-122.94558,49.19627],[-122.94432,49.19701],[-122.94344,49.19734],[-122.94235,49.19739],[-122.9409,49.19737],[-122.94072,49.19754],[-122.93988,49.19746],[-122.93988,49.19724],[-122.93876,49.19704],[-122.93806,49.19683],[-122.93613,49.19677],[-122.93365,49.19671],[-122.93182,49.19668],[-122.93076,49.19648],[-122.92924,49.19648],[-122.92808,49.19653],[-122.92772,49.19674],[-122.92717,49.19689],[-122.9247,49.19683],[-122.92395,49.1967],[-122.9238,49.19654],[-122.9238,49.19651],[-122.92274,49.19829],[-122.92273,49.19883],[-122.92283,49.19883],[-122.92294,49.19883],[-122.92323,49.19879],[-122.92356,49.19876],[-122.92379,49.19878],[-122.92426,49.1989],[-122.92465,49.19889],[-122.92473,49.19862],[-122.92528,49.19873],[-122.92519,49.19886],[-122.9261,49.19909],[-122.92654,49.19937],[-122.92688,49.19954],[-122.92727,49.19968],[-122.92809,49.19977],[-122.92886,49.20018],[-122.92907,49.20061],[-122.9294,49.20104],[-122.93026,49.20121],[-122.93121,49.20132],[-122.93202,49.20116],[-122.93275,49.20115],[-122.93301,49.20121],[-122.933,49.20136],[-122.93343,49.20147],[-122.93386,49.20152],[-122.93429,49.20146],[-122.93472,49.20136],[-122.93687,49.20107],[-122.93726,49.20092],[-122.93813,49.20082],[-122.93899,49.20057],[-122.94233,49.19929],[-122.94248,49.19912],[-122.94334,49.19899],[-122.94417,49.19865],[-122.9449,49.19825],[-122.94533,49.19814],[-122.94555,49.19794],[-122.94636,49.1976],[-122.94752,49.1969],[-122.94861,49.19639],[-122.949,49.19625],[-122.94981,49.19585],[-122.95068,49.19559],[-122.95111,49.19543],[-122.95154,49.1952],[-122.95197,49.19504],[-122.95235,49.19484],[-122.95279,49.19469],[-122.95409,49.19416],[-122.95495,49.19384],[-122.95542,49.19379],[-122.95576,49.19368],[-122.95619,49.19345],[-122.9574,49.19303],[-122.95814,49.19266],[-122.95852,49.19252],[-122.9593,49.19213],[-122.96021,49.19148],[-122.96055,49.19094],[-122.96085,49.19072],[-122.96171,49.19032],[-122.96274,49.18978],[-122.96462,49.18819],[-122.96482,49.18809],[-122.96508,49.18778],[-122.96577,49.18727],[-122.96656,49.18659],[-122.96706,49.18617],[-122.9677,49.18572],[-122.96809,49.18524],[-122.96878,49.18462],[-122.96895,49.18442],[-122.96904,49.18414],[-122.96938,49.18408],[-122.96981,49.18386],[-122.97016,49.18357],[-122.97041,49.18329],[-122.97076,49.18312],[-122.97111,49.18289],[-122.97132,49.18267],[-122.97214,49.18222],[-122.97257,49.1821],[-122.97296,49.1819],[-122.97382,49.18159],[-122.97468,49.1814],[-122.97555,49.18129],[-122.97641,49.18123],[-122.97774,49.18126],[-122.97813,49.1812],[-122.97899,49.18132],[-122.97946,49.18132],[-122.98071,49.18143],[-122.98157,49.18163],[-122.9836,49.18256],[-122.98562,49.18332],[-122.98774,49.18428],[-122.98846,49.18467],[-122.99149,49.18646],[-122.99204,49.18668],[-122.99239,49.18691],[-122.99274,49.18708],[-122.9931,49.18731],[-122.99433,49.1881],[-122.99493,49.18863],[-122.99593,49.1894],[-122.99651,49.19004],[-122.99713,49.19052],[-122.99756,49.19081],[-122.99782,49.19103],[-122.99816,49.19126],[-122.99894,49.19168],[-122.99928,49.19199],[-122.99946,49.19222],[-122.99928,49.1925],[-122.99906,49.19275],[-122.99956,49.19279],[-123.00015,49.19287],[-123.00129,49.19348],[-123.00211,49.19366],[-123.00244,49.19399],[-123.00283,49.1943],[-123.00324,49.1946],[-123.00366,49.19475],[-123.0039,49.19482],[-123.00441,49.19497],[-123.00505,49.19515],[-123.00548,49.19521],[-123.00634,49.19547],[-123.00677,49.19561],[-123.0075,49.19592],[-123.00836,49.1962],[-123.0088,49.19632],[-123.00922,49.19648],[-123.01047,49.19682],[-123.01176,49.19725],[-123.01219,49.1973],[-123.01344,49.19761],[-123.01605,49.19817],[-123.0161,49.19819],[-123.01706,49.19846],[-123.01878,49.19922],[-123.02042,49.2],[-123.0209,49.20012],[-123.02132,49.20018],[-123.02175,49.20035],[-123.02206,49.20043],[-123.02287,49.20088],[-123.02412,49.20128],[-123.0246,49.20136],[-123.02493,49.20153],[-123.02532,49.20153],[-123.02705,49.20184],[-123.02791,49.20192],[-123.02829,49.20204],[-123.02872,49.20207],[-123.03023,49.20236],[-123.03079,49.20254],[-123.03103,49.2026],[-123.03139,49.20258],[-123.0318,49.20258],[-123.03245,49.20269],[-123.03284,49.20273],[-123.03299,49.20268],[-123.03289,49.20263],[-123.03228,49.20243],[-123.03249,49.20227],[-123.03337,49.20258],[-123.0341,49.20283],[-123.03464,49.20296],[-123.03455,49.20332],[-123.03523,49.20351],[-123.03611,49.20384],[-123.03707,49.20411],[-123.0377,49.20425],[-123.0382,49.20425],[-123.03886,49.20423],[-123.03923,49.20425],[-123.03937,49.20431],[-123.03949,49.20455],[-123.03951,49.2047],[-123.03987,49.20491],[-123.04039,49.20509],[-123.04072,49.2051],[-123.04114,49.20506],[-123.04161,49.20509],[-123.042,49.20516],[-123.04244,49.20539],[-123.04269,49.20544],[-123.04311,49.20543],[-123.04336,49.20535],[-123.04409,49.2053],[-123.04479,49.2053],[-123.04522,49.20531],[-123.04542,49.20526],[-123.04552,49.20519],[-123.04569,49.20514],[-123.04591,49.20517],[-123.04602,49.20522],[-123.04626,49.20516],[-123.04649,49.20519],[-123.0467,49.20529],[-123.04691,49.20532],[-123.04715,49.20527],[-123.04756,49.2052],[-123.04819,49.20517],[-123.04991,49.20519],[-123.05035,49.20525],[-123.05163,49.20516],[-123.05245,49.20539],[-123.05289,49.20536],[-123.05375,49.2051],[-123.0546,49.20508],[-123.05504,49.2051],[-123.0559,49.2051],[-123.05633,49.20516],[-123.05719,49.20516],[-123.05762,49.20522],[-123.05848,49.20522],[-123.05891,49.20527],[-123.05978,49.20533],[-123.06064,49.20558],[-123.0615,49.20578],[-123.06236,49.20583],[-123.06326,49.20581],[-123.06369,49.20586],[-123.06424,49.20601],[-123.06502,49.20625],[-123.06533,49.20627],[-123.06562,49.20618],[-123.06583,49.20613],[-123.06605,49.20624],[-123.06632,49.2064],[-123.06675,49.2064],[-123.06708,49.2063],[-123.06722,49.20623],[-123.06736,49.2063],[-123.06741,49.2065],[-123.06741,49.20667],[-123.06762,49.20673],[-123.06806,49.2068],[-123.06888,49.20698],[-123.06947,49.20721],[-123.06979,49.20746],[-123.07014,49.2076],[-123.07076,49.20771],[-123.07121,49.20782],[-123.07145,49.2079],[-123.07183,49.20794],[-123.07204,49.20804],[-123.07227,49.20814],[-123.07256,49.20816],[-123.07294,49.20819],[-123.07352,49.20831],[-123.07438,49.20842],[-123.07477,49.20851],[-123.07562,49.2085],[-123.07618,49.20857],[-123.07816,49.20822],[-123.0786,49.20811],[-123.07903,49.20811],[-123.07941,49.20803],[-123.08023,49.20777],[-123.08062,49.20768],[-123.08233,49.20749],[-123.08273,49.2076],[-123.08303,49.20759],[-123.08351,49.20761],[-123.08375,49.2076],[-123.08384,49.20752],[-123.08388,49.20731],[-123.08402,49.20718],[-123.08455,49.20712],[-123.08509,49.20704],[-123.08591,49.20697],[-123.08668,49.20686],[-123.0872,49.20683],[-123.08782,49.20675],[-123.08828,49.20658],[-123.08876,49.2064],[-123.08914,49.20632],[-123.09005,49.20612],[-123.09129,49.20562],[-123.09216,49.20539],[-123.09255,49.20522],[-123.09298,49.20508],[-123.09383,49.20499],[-123.09427,49.20505],[-123.0947,49.20505],[-123.09556,49.20514],[-123.09686,49.20505],[-123.09728,49.20505],[-123.09771,49.20499],[-123.09857,49.20499],[-123.09901,49.20493],[-123.10116,49.2049],[-123.10202,49.20496],[-123.10288,49.20487],[-123.10331,49.20476],[-123.10374,49.20476],[-123.10417,49.20465],[-123.10483,49.20465],[-123.1059,49.2049],[-123.10677,49.20493],[-123.10719,49.20504],[-123.10763,49.20509],[-123.10806,49.20512],[-123.10892,49.20512],[-123.10978,49.2052],[-123.11272,49.20528],[-123.11366,49.20503],[-123.11408,49.20498],[-123.11581,49.20458],[-123.1171,49.20424],[-123.11752,49.2041],[-123.11835,49.20373],[-123.11882,49.20372],[-123.11925,49.20361],[-123.1196,49.20347],[-123.12002,49.20335],[-123.12041,49.20325],[-123.12128,49.20308],[-123.12171,49.20301],[-123.12252,49.20258],[-123.12302,49.20227],[-123.12328,49.20214],[-123.1238,49.20211],[-123.12423,49.20206],[-123.12481,49.20187],[-123.12537,49.20163],[-123.12584,49.20135],[-123.12617,49.2012],[-123.12682,49.2012],[-123.12712,49.20117],[-123.1273,49.20105],[-123.12756,49.20098],[-123.12764,49.20098],[-123.12791,49.20094],[-123.1281,49.20087],[-123.1282,49.20068],[-123.12848,49.20052],[-123.12917,49.20036],[-123.13016,49.20021],[-123.13075,49.20024],[-123.13069,49.19997],[-123.13107,49.19988],[-123.13163,49.19982],[-123.13207,49.19989],[-123.13258,49.19984],[-123.13307,49.19973],[-123.13406,49.1998],[-123.13509,49.19992],[-123.13516,49.20028],[-123.13555,49.20008],[-123.13599,49.20009],[-123.13642,49.20027],[-123.13714,49.20036],[-123.13787,49.20051],[-123.13859,49.20094],[-123.13937,49.20125],[-123.1395,49.20133],[-123.14074,49.20187],[-123.14101,49.20216],[-123.14138,49.20224],[-123.14145,49.20247],[-123.14153,49.20251],[-123.14197,49.20254],[-123.14239,49.20275],[-123.14266,49.20315],[-123.14281,49.20321],[-123.14304,49.20319],[-123.14349,49.20326],[-123.14432,49.20364],[-123.14508,49.20414],[-123.14591,49.20449],[-123.14719,49.20497],[-123.14832,49.20534],[-123.14922,49.2058],[-123.14949,49.20604],[-123.1497,49.20631],[-123.14987,49.20639],[-123.15006,49.20635],[-123.15006,49.20608],[-123.15008,49.20581],[-123.15026,49.20577],[-123.15073,49.20592],[-123.1517,49.20652],[-123.15263,49.20718],[-123.15311,49.20762],[-123.15314,49.20789],[-123.1531,49.20807],[-123.15318,49.20816],[-123.15331,49.20821],[-123.15332,49.20841],[-123.15332,49.20858],[-123.15347,49.20869],[-123.15392,49.20879],[-123.15427,49.20897],[-123.15442,49.20923],[-123.1545,49.20961],[-123.15456,49.20973],[-123.15478,49.20979],[-123.15508,49.20987],[-123.15556,49.21028],[-123.15602,49.21067],[-123.15646,49.211],[-123.15684,49.21128],[-123.15723,49.21144],[-123.15795,49.21192],[-123.15821,49.2122],[-123.15865,49.21249],[-123.15907,49.21271],[-123.15951,49.21288],[-123.1599,49.21299],[-123.16067,49.21342],[-123.16149,49.21373],[-123.16244,49.21395],[-123.16286,49.214],[-123.1633,49.21412],[-123.16369,49.21428],[-123.16455,49.21454],[-123.16502,49.21474],[-123.16541,49.21476],[-123.16619,49.21499],[-123.16706,49.21533],[-123.16792,49.21547],[-123.16835,49.21561],[-123.16926,49.21577],[-123.16969,49.21589],[-123.17007,49.21603],[-123.17094,49.21622],[-123.17141,49.21625],[-123.17313,49.21624],[-123.17397,49.21621],[-123.17446,49.21612],[-123.17496,49.21612],[-123.17524,49.21627],[-123.17548,49.21618],[-123.17564,49.21613],[-123.1758,49.21619],[-123.17598,49.21656],[-123.1762,49.21659],[-123.17641,49.21651],[-123.17647,49.21624],[-123.17747,49.21627],[-123.17774,49.21629],[-123.17817,49.21618],[-123.1787,49.21606]],[[-123.11726,49.20294],[-123.11701,49.20314],[-123.11615,49.20353],[-123.11572,49.20368],[-123.11529,49.20373],[-123.11485,49.2039],[-123.11378,49.20413],[-123.11223,49.20404],[-123.11137,49.20391],[-123.11094,49.20391],[-123.11008,49.20377],[-123.10922,49.20371],[-123.10757,49.20346],[-123.10702,49.20343],[-123.10616,49.2035],[-123.10529,49.20343],[-123.10443,49.20346],[-123.10357,49.20341],[-123.10313,49.20346],[-123.10227,49.20341],[-123.10184,49.20346],[-123.10098,49.20343],[-123.09978,49.20352],[-123.09935,49.20359],[-123.09891,49.20358],[-123.09849,49.20364],[-123.09805,49.20358],[-123.09547,49.20358],[-123.09457,49.2037],[-123.09414,49.20364],[-123.09328,49.20375],[-123.09297,49.20392],[-123.09246,49.20409],[-123.0916,49.20418],[-123.09116,49.20426],[-123.08996,49.20483],[-123.08953,49.20483],[-123.0883,49.20511],[-123.08755,49.20548],[-123.08654,49.20583],[-123.08634,49.20585],[-123.08553,49.20607],[-123.08466,49.20619],[-123.08266,49.20659],[-123.08195,49.20684],[-123.08116,49.20694],[-123.07997,49.20704],[-123.07903,49.20723],[-123.0786,49.20729],[-123.07674,49.20763],[-123.07588,49.2076],[-123.07545,49.20774],[-123.07412,49.20778],[-123.07365,49.20765],[-123.07191,49.20745],[-123.0714,49.20733],[-123.07007,49.20682],[-123.06968,49.20662],[-123.06856,49.20591],[-123.06817,49.20575],[-123.06774,49.20547],[-123.06757,49.2053],[-123.06782,49.20496],[-123.06826,49.20478],[-123.06911,49.20459],[-123.06955,49.20453],[-123.07041,49.2045],[-123.07127,49.20439],[-123.07222,49.20447],[-123.07265,49.20439],[-123.07319,49.20417],[-123.07523,49.20374],[-123.07566,49.20371],[-123.0761,49.20357],[-123.07652,49.20348],[-123.07696,49.20348],[-123.07739,49.20332],[-123.07781,49.20325],[-123.07825,49.20309],[-123.07907,49.20288],[-123.08057,49.20269],[-123.081,49.20274],[-123.08143,49.20258],[-123.08182,49.20247],[-123.08268,49.20232],[-123.08337,49.20236],[-123.08355,49.20233],[-123.08367,49.20212],[-123.08386,49.20208],[-123.08422,49.20212],[-123.08447,49.20207],[-123.08453,49.20169],[-123.08489,49.20126],[-123.08517,49.201],[-123.0857,49.20083],[-123.08612,49.2007],[-123.08661,49.20058],[-123.08717,49.2005],[-123.08746,49.20042],[-123.08775,49.20023],[-123.08858,49.19978],[-123.08987,49.1993],[-123.09029,49.19921],[-123.09073,49.19918],[-123.09107,49.19936],[-123.09119,49.1995],[-123.09129,49.19979],[-123.09155,49.19989],[-123.09205,49.19989],[-123.09307,49.19979],[-123.09389,49.19977],[-123.09477,49.19983],[-123.09564,49.19983],[-123.0965,49.19991],[-123.09736,49.19986],[-123.09908,49.19985],[-123.09951,49.19991],[-123.09994,49.19991],[-123.10037,49.19997],[-123.1008,49.19997],[-123.10123,49.20002],[-123.10166,49.20013],[-123.10188,49.20013],[-123.1042,49.2005],[-123.10546,49.20086],[-123.1059,49.20095],[-123.10676,49.20106],[-123.10761,49.20123],[-123.10796,49.20137],[-123.10883,49.20156],[-123.10999,49.20213],[-123.11055,49.20227],[-123.11098,49.20233],[-123.11141,49.2025],[-123.11184,49.20261],[-123.11227,49.20266],[-123.11313,49.20289],[-123.11399,49.20289],[-123.11443,49.20284],[-123.11485,49.20289],[-123.11529,49.20288],[-123.11567,49.20272],[-123.11649,49.2028],[-123.11692,49.20277],[-123.11726,49.20294]],[[-122.94033,49.19853],[-122.94016,49.19893],[-122.93973,49.19904],[-122.9389,49.19941],[-122.93809,49.19969],[-122.93679,49.19989],[-122.93636,49.19989],[-122.93593,49.19994],[-122.93503,49.19997],[-122.93464,49.20005],[-122.93373,49.20008],[-122.9324,49.19999],[-122.93158,49.19971],[-122.93119,49.19954],[-122.93076,49.19943],[-122.93035,49.19943],[-122.9287,49.19867],[-122.92852,49.19825],[-122.9293,49.19799],[-122.92981,49.19795],[-122.93231,49.19799],[-122.93317,49.19796],[-122.93361,49.1979],[-122.9352,49.19791],[-122.93693,49.19799],[-122.93779,49.19817],[-122.93817,49.19819],[-122.9399,49.19842],[-122.94033,49.19853]],[[-123.1495,49.20432],[-123.14927,49.20437],[-123.14875,49.20428],[-123.14805,49.20398],[-123.14712,49.20365],[-123.14635,49.20329],[-123.1451,49.20278],[-123.1439,49.20221],[-123.14262,49.20173],[-123.14175,49.20138],[-123.14136,49.20112],[-123.14143,49.20095],[-123.14175,49.2009],[-123.14265,49.20113],[-123.14376,49.20149],[-123.1451,49.20197],[-123.146,49.20235],[-123.14709,49.20291],[-123.14815,49.20349],[-123.14823,49.20356],[-123.14914,49.20404],[-123.1495,49.20432]]]},"properties":{"MGNT_AREA":29,"SUBAREA_":12,"NAME":"Subarea 29-12","LABEL":"29-12","SQ_KM":13.824423080000001}},{"type":"Feature","geometry":{"type":"Polygon","coordinates":[[[-123.20084,49.12604],[-123.20094,49.12629],[-123.19483,49.12637],[-123.19481,49.12643],[-123.19524,49.12669],[-123.19423,49.12671],[-123.19515,49.1271],[-123.19554,49.12763],[-123.19562,49.12788],[-123.19554,49.12817],[-123.19559,49.12845],[-123.19572,49.12873],[-123.19576,49.12927],[-123.19574,49.12986],[-123.19551,49.13023],[-123.19501,49.13074],[-123.19486,49.13109],[-123.19472,49.13163],[-123.19446,49.13251],[-123.19425,49.13326],[-123.19423,49.13391],[-123.19435,49.13449],[-123.19465,49.13506],[-123.19505,49.13582],[-123.19523,49.13617],[-123.19521,49.13659],[-123.19514,49.13708],[-123.19505,49.13782],[-123.19502,49.13847],[-123.19499,49.13908],[-123.19483,49.13984],[-123.19482,49.14073],[-123.19482,49.14139],[-123.19468,49.14201],[-123.19443,49.14253],[-123.19428,49.14331],[-123.19421,49.14401],[-123.19427,49.14448],[-123.19444,49.14503],[-123.19451,49.1455],[-123.19463,49.14579],[-123.19483,49.1461],[-123.19494,49.14669],[-123.19508,49.1473],[-123.1952,49.14791],[-123.19525,49.14864],[-123.19545,49.14943],[-123.1956,49.15005],[-123.19566,49.15063],[-123.19583,49.15115],[-123.19598,49.15227],[-123.19594,49.15311],[-123.19603,49.15368],[-123.19599,49.15453],[-123.19608,49.15475],[-123.19603,49.15498],[-123.1962,49.15554],[-123.19617,49.15582],[-123.19625,49.1561],[-123.19617,49.15639],[-123.19625,49.15661],[-123.19626,49.15743],[-123.19639,49.15816],[-123.19633,49.15987],[-123.19618,49.16011],[-123.19618,49.16039],[-123.19632,49.16124],[-123.19619,49.16172],[-123.19619,49.16228],[-123.19637,49.16299],[-123.19637,49.16327],[-123.19628,49.16361],[-123.19633,49.1644],[-123.19629,49.16468],[-123.19645,49.16522],[-123.1964,49.16544],[-123.19637,49.16553],[-123.19638,49.16666],[-123.19656,49.16694],[-123.19656,49.16728],[-123.19664,49.16756],[-123.1966,49.16781],[-123.19668,49.16838],[-123.19678,49.16866],[-123.19717,49.16925],[-123.19764,49.16979],[-123.19803,49.17001],[-123.19923,49.171],[-123.19967,49.17162],[-123.1998,49.1719],[-123.20004,49.17271],[-123.20007,49.17348],[-123.19958,49.17402],[-123.19946,49.17406],[-123.19996,49.17432],[-123.2092,49.18685],[-123.20934,49.18695],[-123.20957,49.18705],[-123.21005,49.18712],[-123.21024,49.18732],[-123.21026,49.18764],[-123.21006,49.18796],[-123.20976,49.18813],[-123.20963,49.18831],[-123.20959,49.18864],[-123.20943,49.1888],[-123.2092,49.1889],[-123.2092,49.18924],[-123.20906,49.1919],[-123.20881,49.19656],[-123.20868,49.19941],[-123.20856,49.19975],[-123.20825,49.20029],[-123.20345,49.20606],[-123.20342,49.20683],[-123.20338,49.20711],[-123.20321,49.20764],[-123.20338,49.20821],[-123.20326,49.20874],[-123.20326,49.20903],[-123.20312,49.20931],[-123.20309,49.20985],[-123.20309,49.21072],[-123.20318,49.211],[-123.20313,49.21125],[-123.20331,49.21182],[-123.20337,49.21212],[-123.20335,49.21225],[-123.20323,49.21228],[-123.20306,49.21221],[-123.20285,49.21212],[-123.20275,49.21219],[-123.20264,49.21269],[-123.20258,49.21315],[-123.20242,49.21371],[-123.20186,49.21504],[-123.20212,49.21561],[-123.20255,49.216],[-123.20283,49.21605],[-123.20316,49.21598],[-123.20346,49.21556],[-123.20425,49.2151],[-123.20506,49.21485],[-123.20545,49.21479],[-123.20572,49.21485],[-123.20614,49.21519],[-123.20618,49.21556],[-123.20599,49.21587],[-123.2057,49.21597],[-123.20515,49.21598],[-123.20473,49.21607],[-123.20447,49.21619],[-123.20452,49.21636],[-123.20495,49.2164],[-123.2083,49.21626],[-123.21001,49.2162],[-123.21066,49.21621],[-123.21098,49.21626],[-123.21124,49.21629],[-123.21151,49.21624],[-123.21174,49.21615],[-123.21205,49.21595],[-123.21241,49.21572],[-123.21288,49.21554],[-123.21329,49.21543],[-123.21371,49.21539],[-123.21438,49.2153],[-123.26419,49.20487],[-123.26489,49.20473],[-123.26561,49.20463],[-123.26605,49.20467],[-123.2663,49.20475],[-123.26632,49.20488],[-123.26601,49.2052],[-123.26529,49.20552],[-123.26424,49.20571],[-123.26276,49.20603],[-123.26113,49.20632],[-123.21466,49.21595],[-123.21438,49.21605],[-123.21424,49.2162],[-123.21411,49.21647],[-123.21407,49.21698],[-123.21407,49.21709],[-123.21407,49.21774],[-123.21413,49.2182],[-123.21424,49.21858],[-123.21448,49.21907],[-123.21489,49.21944],[-123.21532,49.21972],[-123.21551,49.22013],[-123.2156,49.22068],[-123.21584,49.22103],[-123.21634,49.22129],[-123.21672,49.22142],[-123.217,49.22165],[-123.21722,49.2218],[-123.21754,49.22182],[-123.2179,49.22178],[-123.21812,49.22158],[-123.21829,49.22137],[-123.21847,49.22128],[-123.21878,49.22126],[-123.21917,49.22133],[-123.22012,49.22182],[-123.22082,49.22219],[-123.22153,49.2224],[-123.2223,49.22277],[-123.22321,49.2233],[-123.22407,49.22379],[-123.22507,49.2243],[-123.22597,49.22477],[-123.22639,49.22488],[-123.22698,49.22494],[-123.22761,49.22495],[-123.228,49.22505],[-123.22836,49.22521],[-123.22862,49.22539],[-123.22905,49.22589],[-123.22935,49.22609],[-123.22973,49.22625],[-123.23015,49.22628],[-123.23048,49.22635],[-123.2309,49.22657],[-123.23157,49.22719],[-123.23199,49.22758],[-123.23244,49.22792],[-123.23273,49.22815],[-123.23289,49.22822],[-123.23303,49.22814],[-123.23306,49.22794],[-123.23321,49.22784],[-123.23369,49.22786],[-123.23418,49.22795],[-123.23465,49.22817],[-123.2348,49.22839],[-123.23478,49.22855],[-123.23458,49.22866],[-123.23434,49.22879],[-123.23428,49.22896],[-123.23446,49.2292],[-123.23489,49.2294],[-123.23508,49.2295],[-123.23521,49.2297],[-123.23515,49.23008],[-123.23512,49.23059],[-123.23679,49.23156],[-123.23705,49.23172],[-123.24153,49.23453],[-123.24174,49.23448],[-123.24185,49.23431],[-123.24205,49.23397],[-123.24233,49.23375],[-123.24287,49.23373],[-123.24348,49.23386],[-123.24385,49.23417],[-123.24387,49.23452],[-123.24363,49.23487],[-123.24315,49.23501],[-123.243,49.23519],[-123.24307,49.23541],[-123.24777,49.23827],[-123.24778,49.2383],[-123.24778,49.2383],[-123.27094,49.25282],[-123.27964,49.25733],[-123.30314,49.10597],[-123.24168,49.13054],[-123.23744,49.1321],[-123.23447,49.13256],[-123.22951,49.13278],[-123.22539,49.13232],[-123.2143,49.12984],[-123.20284,49.1269],[-123.20084,49.12604]]]},"properties":{"MGNT_AREA":29,"SUBAREA_":10,"NAME":"Subarea 29-10","LABEL":"29-10","SQ_KM":81.943231040000001}},{"type":"Feature","geometry":{"type":"Polygon","coordinates":[[[-123.15275,49.07245],[-123.15417,49.07252],[-123.15576,49.07281],[-123.15658,49.07299],[-123.15665,49.07301],[-123.15739,49.07343],[-123.15747,49.07347],[-123.15813,49.07375],[-123.15826,49.0738],[-123.16069,49.07446],[-123.1628,49.07512],[-123.16381,49.07557],[-123.16402,49.07591],[-123.16441,49.07692],[-123.1645,49.07705],[-123.16482,49.07755],[-123.16515,49.07762],[-123.16599,49.07742],[-123.16679,49.07723],[-123.16785,49.07716],[-123.16883,49.07732],[-123.16962,49.07775],[-123.17019,49.07841],[-123.17037,49.07925],[-123.17093,49.08007],[-123.17171,49.08069],[-123.1721,49.08091],[-123.17223,49.08111],[-123.17249,49.08162],[-123.17292,49.08173],[-123.17373,49.08171],[-123.17413,49.08175],[-123.17508,49.08213],[-123.17603,49.08255],[-123.17695,49.08294],[-123.17812,49.08353],[-123.17872,49.08388],[-123.1789,49.08421],[-123.17916,49.08502],[-123.17933,49.08619],[-123.17938,49.08713],[-123.17925,49.08784],[-123.17913,49.08859],[-123.17915,49.08933],[-123.17939,49.09005],[-123.17978,49.09073],[-123.17985,49.09109],[-123.17994,49.09153],[-123.18041,49.09193],[-123.18057,49.09236],[-123.18093,49.09308],[-123.18094,49.09354],[-123.18073,49.09418],[-123.18019,49.0949],[-123.1819,49.09483],[-123.18289,49.09485],[-123.18386,49.09501],[-123.18484,49.09533],[-123.18542,49.09576],[-123.18604,49.09667],[-123.18668,49.09778],[-123.18702,49.09869],[-123.18733,49.09958],[-123.18775,49.10043],[-123.18814,49.10107],[-123.18822,49.10158],[-123.18778,49.102],[-123.18719,49.10213],[-123.18638,49.10213],[-123.18519,49.10209],[-123.18453,49.10221],[-123.18407,49.10239],[-123.18376,49.10265],[-123.1835,49.10299],[-123.18348,49.10353],[-123.18361,49.10398],[-123.18397,49.10431],[-123.18412,49.10444],[-123.18545,49.10475],[-123.18635,49.10519],[-123.18671,49.10569],[-123.18684,49.10641],[-123.18697,49.10728],[-123.18697,49.10767],[-123.187,49.10834],[-123.18731,49.10849],[-123.18756,49.10869],[-123.1877,49.10894],[-123.18785,49.10913],[-123.18823,49.10931],[-123.18874,49.10957],[-123.18886,49.10971],[-123.18884,49.10983],[-123.189,49.10999],[-123.18894,49.11026],[-123.18863,49.11038],[-123.1872,49.11081],[-123.18661,49.11096],[-123.18616,49.1109],[-123.18549,49.11064],[-123.18371,49.11016],[-123.18259,49.10983],[-123.18211,49.1098],[-123.18165,49.10972],[-123.18155,49.10954],[-123.18147,49.10931],[-123.18091,49.10936],[-123.17944,49.10933],[-123.1779,49.10935],[-123.1768,49.10935],[-123.17638,49.10934],[-123.17587,49.10931],[-123.17506,49.10902],[-123.17283,49.10813],[-123.17234,49.10801],[-123.172,49.10781],[-123.17114,49.10752],[-123.1704,49.10719],[-123.17014,49.10708],[-123.16836,49.10637],[-123.16833,49.10636],[-123.16836,49.10643],[-123.16836,49.11019],[-123.16836,49.11536],[-123.16962,49.11577],[-123.16978,49.11585],[-123.17056,49.11608],[-123.17177,49.11653],[-123.17263,49.11664],[-123.17306,49.11681],[-123.17399,49.11694],[-123.17684,49.1179],[-123.1777,49.11807],[-123.17809,49.11824],[-123.17886,49.11866],[-123.17972,49.11894],[-123.18049,49.11916],[-123.18111,49.11926],[-123.18148,49.1194],[-123.18183,49.11958],[-123.18213,49.11969],[-123.18263,49.11992],[-123.18306,49.12006],[-123.18355,49.12023],[-123.18444,49.12048],[-123.18517,49.12075],[-123.18592,49.12098],[-123.18668,49.12117],[-123.18723,49.12135],[-123.18787,49.12156],[-123.18864,49.12186],[-123.18898,49.12192],[-123.18942,49.12209],[-123.18967,49.12231],[-123.18958,49.12254],[-123.18916,49.12265],[-123.18873,49.12254],[-123.18829,49.12237],[-123.18782,49.12226],[-123.18658,49.12187],[-123.18614,49.12181],[-123.18572,49.1217],[-123.18546,49.12141],[-123.18502,49.12125],[-123.18459,49.12114],[-123.18417,49.12091],[-123.18373,49.12086],[-123.18288,49.12069],[-123.18201,49.12046],[-123.18158,49.12038],[-123.18115,49.12035],[-123.17944,49.12035],[-123.17895,49.12024],[-123.17814,49.11996],[-123.17728,49.11976],[-123.17642,49.11971],[-123.17599,49.11962],[-123.17264,49.11874],[-123.17212,49.11864],[-123.17052,49.11847],[-123.16836,49.11796],[-123.16818,49.11792],[-123.16575,49.11727],[-123.16489,49.11696],[-123.16403,49.11674],[-123.16364,49.1166],[-123.16291,49.1164],[-123.16265,49.11626],[-123.16115,49.11573],[-123.16033,49.11533],[-123.15985,49.11505],[-123.158,49.11418],[-123.15724,49.11417],[-123.15599,49.11545],[-123.15707,49.11568],[-123.15771,49.11586],[-123.15829,49.11552],[-123.15856,49.11563],[-123.15868,49.11584],[-123.15871,49.11599],[-123.15914,49.11596],[-123.1592,49.11612],[-123.15944,49.11617],[-123.15949,49.11634],[-123.15981,49.11655],[-123.16016,49.11666],[-123.16059,49.11686],[-123.16128,49.11733],[-123.16145,49.11764],[-123.16094,49.11818],[-123.16064,49.11841],[-123.16021,49.11894],[-123.16003,49.11911],[-123.15995,49.11931],[-123.1616,49.11996],[-123.16245,49.11908],[-123.16251,49.11873],[-123.16244,49.11823],[-123.16252,49.11792],[-123.16273,49.11796],[-123.1636,49.11828],[-123.16441,49.11861],[-123.16507,49.11874],[-123.16539,49.11893],[-123.16575,49.119],[-123.16605,49.11907],[-123.16601,49.11929],[-123.16603,49.11947],[-123.1673,49.11982],[-123.16775,49.11967],[-123.16792,49.11976],[-123.16791,49.12008],[-123.16836,49.1202],[-123.16887,49.12034],[-123.16899,49.12011],[-123.1694,49.11982],[-123.17051,49.1202],[-123.17038,49.12042],[-123.17445,49.1216],[-123.17483,49.12169],[-123.17527,49.1217],[-123.17562,49.12182],[-123.17574,49.12204],[-123.1755,49.12218],[-123.17518,49.12218],[-123.17496,49.12225],[-123.17495,49.12239],[-123.17519,49.12263],[-123.17576,49.12266],[-123.17596,49.12253],[-123.17628,49.12226],[-123.17654,49.12226],[-123.17705,49.1223],[-123.17763,49.12228],[-123.1785,49.1225],[-123.17979,49.12295],[-123.18021,49.12295],[-123.18056,49.12306],[-123.18099,49.12312],[-123.18138,49.12328],[-123.18223,49.12343],[-123.18267,49.12345],[-123.18396,49.1237],[-123.18481,49.12381],[-123.18654,49.12417],[-123.18693,49.12429],[-123.18864,49.12445],[-123.18951,49.12445],[-123.18993,49.12449],[-123.1908,49.12445],[-123.1915,49.12438],[-123.19223,49.12438],[-123.19256,49.12457],[-123.19275,49.12479],[-123.19299,49.1248],[-123.19312,49.12467],[-123.19337,49.12451],[-123.19381,49.12442],[-123.19553,49.12438],[-123.19595,49.12433],[-123.1974,49.12432],[-123.19811,49.12433],[-123.19853,49.12442],[-123.19936,49.12469],[-123.19974,49.12489],[-123.20043,49.12537],[-123.20069,49.12565],[-123.20084,49.12604],[-123.20284,49.1269],[-123.2143,49.12984],[-123.22539,49.13232],[-123.22951,49.13278],[-123.23447,49.13256],[-123.23744,49.1321],[-123.24168,49.13054],[-123.30314,49.10597],[-123.31025,49.08769],[-123.25631,49.03817],[-123.15756,49.06684],[-123.15753,49.06687],[-123.15713,49.06716],[-123.15651,49.06744],[-123.15629,49.0677],[-123.15632,49.06797],[-123.15621,49.06815],[-123.15585,49.06822],[-123.1554,49.06812],[-123.15493,49.068],[-123.15406,49.06798],[-123.15274,49.06813],[-123.15274,49.06813],[-123.15275,49.06823],[-123.15275,49.07245]],[[-123.18594,49.11111],[-123.18534,49.11121],[-123.18436,49.11128],[-123.18381,49.11129],[-123.18347,49.11122],[-123.18317,49.11116],[-123.183,49.11113],[-123.1821,49.111],[-123.18119,49.11087],[-123.1803,49.11077],[-123.17972,49.11074],[-123.17923,49.11061],[-123.1787,49.11036],[-123.1783,49.1102],[-123.17779,49.11007],[-123.17737,49.10989],[-123.17732,49.10967],[-123.17772,49.10957],[-123.17837,49.10953],[-123.17899,49.10946],[-123.17944,49.10942],[-123.18008,49.10952],[-123.18068,49.10972],[-123.18131,49.10986],[-123.18127,49.10995],[-123.18086,49.11031],[-123.18082,49.1104],[-123.18103,49.11042],[-123.1813,49.11035],[-123.18142,49.11026],[-123.1815,49.11011],[-123.18174,49.11001],[-123.18204,49.10995],[-123.18244,49.11002],[-123.18314,49.11018],[-123.18359,49.11034],[-123.18381,49.11038],[-123.1843,49.11041],[-123.18472,49.11058],[-123.18508,49.11076],[-123.18559,49.11085],[-123.186,49.111],[-123.18594,49.11111]]]},"properties":{"MGNT_AREA":29,"SUBAREA_":9,"NAME":"Subarea 29-9","LABEL":"29-9","SQ_KM":74.140975260000005}},{"type":"Feature","geometry":{"type":"Polygon","coordinates":[[[-123.15205,49.10692],[-123.15214,49.10706],[-123.14956,49.10687],[-123.14626,49.10668],[-123.14184,49.10643],[-123.13823,49.10627],[-123.13596,49.10609],[-123.13438,49.10604],[-123.13379,49.10605],[-123.13394,49.10588],[-123.12459,49.10634],[-123.11964,49.10427],[-123.11919,49.10445],[-123.1189,49.10459],[-123.11869,49.10477],[-123.11855,49.10487],[-123.11822,49.10491],[-123.11807,49.10505],[-123.11787,49.10511],[-123.11745,49.10515],[-123.11696,49.10528],[-123.11655,49.10554],[-123.11622,49.10569],[-123.11607,49.1058],[-123.11603,49.10599],[-123.11595,49.10605],[-123.11552,49.10606],[-123.1151,49.10617],[-123.11475,49.10633],[-123.11462,49.1065],[-123.11453,49.10654],[-123.1143,49.10656],[-123.11393,49.10672],[-123.11348,49.10694],[-123.11317,49.10702],[-123.11294,49.107],[-123.1125,49.10717],[-123.11179,49.10741],[-123.11112,49.10754],[-123.11037,49.10794],[-123.10986,49.10817],[-123.10933,49.10838],[-123.10879,49.10853],[-123.10833,49.10874],[-123.10783,49.109],[-123.10624,49.10939],[-123.10578,49.10952],[-123.10549,49.10983],[-123.10514,49.11],[-123.10458,49.1101],[-123.10429,49.11024],[-123.10395,49.11047],[-123.10354,49.1108],[-123.10294,49.11098],[-123.10261,49.11107],[-123.10204,49.11146],[-123.1016,49.11167],[-123.10077,49.11183],[-123.09944,49.11204],[-123.09901,49.11215],[-123.09772,49.11235],[-123.09737,49.1125],[-123.09695,49.11255],[-123.09647,49.11255],[-123.09476,49.11269],[-123.09222,49.1134],[-123.09175,49.11337],[-123.09089,49.11354],[-123.09012,49.11377],[-123.08973,49.11397],[-123.08869,49.11429],[-123.0882,49.1144],[-123.08814,49.11439],[-123.08603,49.11476],[-123.08048,49.11609],[-123.08047,49.1161],[-123.07995,49.11647],[-123.07925,49.11673],[-123.07904,49.11692],[-123.07891,49.11713],[-123.0783,49.11732],[-123.07751,49.11761],[-123.07664,49.11803],[-123.07543,49.11868],[-123.07445,49.11913],[-123.07363,49.11953],[-123.07295,49.11978],[-123.07189,49.12013],[-123.07021,49.12081],[-123.06905,49.12136],[-123.06781,49.12182],[-123.06677,49.12232],[-123.06538,49.12303],[-123.06427,49.12375],[-123.06302,49.12447],[-123.06167,49.12531],[-123.06097,49.12582],[-123.0603,49.12634],[-123.0596,49.12674],[-123.05852,49.12693],[-123.0574,49.12705],[-123.0564,49.12706],[-123.0554,49.1271],[-123.05429,49.12736],[-123.05319,49.12762],[-123.05213,49.12785],[-123.0512,49.12813],[-123.0506,49.12842],[-123.04974,49.12902],[-123.04909,49.12956],[-123.04823,49.13016],[-123.04739,49.13078],[-123.04669,49.13148],[-123.04609,49.13222],[-123.04553,49.13309],[-123.04511,49.13367],[-123.04488,49.13387],[-123.04462,49.13408],[-123.04443,49.13457],[-123.04397,49.13508],[-123.04348,49.13575],[-123.04296,49.1363],[-123.04235,49.13709],[-123.0416,49.13805],[-123.04091,49.1387],[-123.04019,49.13941],[-123.03936,49.14011],[-123.03855,49.14085],[-123.03785,49.14144],[-123.03635,49.14252],[-123.03553,49.14297],[-123.03473,49.1435],[-123.03394,49.14395],[-123.03339,49.14405],[-123.03272,49.14432],[-123.03141,49.14467],[-123.03049,49.14486],[-123.02937,49.14514],[-123.02842,49.14542],[-123.02777,49.14573],[-123.02742,49.14602],[-123.02667,49.14637],[-123.02583,49.14662],[-123.02515,49.1468],[-123.02454,49.14709],[-123.02326,49.14738],[-123.02218,49.1475],[-123.01945,49.14767],[-123.01831,49.14775],[-123.01732,49.14787],[-123.01652,49.14789],[-123.01573,49.14784],[-123.01424,49.14778],[-123.01299,49.14758],[-123.01192,49.1474],[-123.01114,49.1473],[-123.01056,49.1473],[-123.0097,49.14741],[-123.00948,49.14741],[-123.00868,49.14739],[-123.00787,49.14747],[-123.00722,49.14757],[-123.0066,49.14749],[-123.00591,49.1475],[-123.00492,49.14764],[-123.00404,49.14764],[-123.00337,49.14752],[-123.0026,49.14756],[-123.00217,49.14761],[-123.00167,49.14763],[-123.00132,49.14779],[-123.00075,49.14832],[-123.00032,49.14855],[-122.99998,49.14878],[-122.9998,49.14906],[-122.99958,49.14918],[-122.99898,49.14948],[-122.99868,49.14968],[-122.99825,49.14991],[-122.99799,49.14968],[-122.99773,49.14951],[-122.99743,49.14959],[-122.99712,49.1497],[-122.99567,49.15022],[-122.9949,49.15056],[-122.99446,49.15059],[-122.99403,49.15073],[-122.99325,49.15115],[-122.99283,49.15126],[-122.99153,49.15143],[-122.9911,49.15143],[-122.99063,49.15152],[-122.98985,49.15174],[-122.98856,49.15189],[-122.98703,49.15224],[-122.98654,49.1525],[-122.98611,49.15262],[-122.98576,49.15262],[-122.98447,49.1529],[-122.98384,49.15311],[-122.98283,49.15327],[-122.98197,49.15352],[-122.9816,49.15366],[-122.98113,49.15384],[-122.98081,49.15385],[-122.98058,49.154],[-122.98051,49.15425],[-122.98038,49.15429],[-122.98026,49.15414],[-122.98009,49.15391],[-122.97981,49.15391],[-122.97944,49.154],[-122.97939,49.15424],[-122.97895,49.15426],[-122.97843,49.15425],[-122.97801,49.15425],[-122.97715,49.15434],[-122.97681,49.15454],[-122.97646,49.15464],[-122.97599,49.15467],[-122.97298,49.15499],[-122.97211,49.15516],[-122.97125,49.15527],[-122.9704,49.15533],[-122.96954,49.15527],[-122.96915,49.15533],[-122.96781,49.15533],[-122.96536,49.15512],[-122.9639,49.1549],[-122.96346,49.15479],[-122.9626,49.15467],[-122.96217,49.15464],[-122.96045,49.15433],[-122.95916,49.15425],[-122.9583,49.15408],[-122.95739,49.15374],[-122.95706,49.15364],[-122.95606,49.15334],[-122.95563,49.15338],[-122.95477,49.15329],[-122.95434,49.15329],[-122.9539,49.15322],[-122.95305,49.1532],[-122.9527,49.15309],[-122.95184,49.15318],[-122.95063,49.15351],[-122.9502,49.15351],[-122.94934,49.15371],[-122.94891,49.15385],[-122.94874,49.15413],[-122.94745,49.15444],[-122.94701,49.15447],[-122.94611,49.15472],[-122.94572,49.15492],[-122.94538,49.15515],[-122.94495,49.15532],[-122.9446,49.15554],[-122.94452,49.15583],[-122.94417,49.15605],[-122.94382,49.15619],[-122.94296,49.15639],[-122.94254,49.15656],[-122.94212,49.15668],[-122.94197,49.1571],[-122.94218,49.15768],[-122.9421,49.15797],[-122.94167,49.15814],[-122.94109,49.15821],[-122.94012,49.15853],[-122.93969,49.15876],[-122.9393,49.15932],[-122.93925,49.15961],[-122.93891,49.15984],[-122.93848,49.16006],[-122.93714,49.16094],[-122.93676,49.16136],[-122.9365,49.16158],[-122.93555,49.16232],[-122.9352,49.16254],[-122.93447,49.16282],[-122.93275,49.16393],[-122.93253,49.16401],[-122.93197,49.16435],[-122.93154,49.16455],[-122.9302,49.1655],[-122.92969,49.1657],[-122.92921,49.16576],[-122.92848,49.16615],[-122.9277,49.16649],[-122.92728,49.16672],[-122.92684,49.16689],[-122.92658,49.16705],[-122.92482,49.16782],[-122.92451,49.16801],[-122.92434,49.16816],[-122.92368,49.16871],[-122.92339,49.16892],[-122.92305,49.16909],[-122.92249,49.16954],[-122.92223,49.1698],[-122.92158,49.17033],[-122.92133,49.17061],[-122.92133,49.17067],[-122.92046,49.17128],[-122.91902,49.1726],[-122.91846,49.17313],[-122.91738,49.17414],[-122.91686,49.17471],[-122.91673,49.17529],[-122.91629,49.17574],[-122.91613,49.17624],[-122.91582,49.17713],[-122.91554,49.1777],[-122.91542,49.17809],[-122.91576,49.17819],[-122.91585,49.17819],[-122.91631,49.17813],[-122.91637,49.17738],[-122.9166,49.17617],[-122.91703,49.17527],[-122.9176,49.17466],[-122.918,49.17431],[-122.9185,49.17419],[-122.91873,49.17398],[-122.91878,49.1737],[-122.91903,49.17352],[-122.91972,49.17329],[-122.92025,49.17286],[-122.92054,49.17248],[-122.92071,49.17223],[-122.92102,49.17193],[-122.92131,49.17168],[-122.92158,49.17165],[-122.92145,49.17146],[-122.9233,49.17009],[-122.92412,49.16992],[-122.92461,49.17002],[-122.92248,49.17156],[-122.92276,49.17174],[-122.92209,49.17215],[-122.9218,49.17233],[-122.92202,49.17265],[-122.92213,49.17297],[-122.92175,49.17295],[-122.92159,49.1731],[-122.92175,49.17331],[-122.92163,49.17377],[-122.92128,49.1744],[-122.9211,49.17488],[-122.9193,49.17813],[-122.91685,49.18308],[-122.91668,49.18352],[-122.91583,49.18353],[-122.91503,49.18457],[-122.91528,49.1848],[-122.91242,49.18878],[-122.91165,49.18858],[-122.91092,49.18974],[-122.90917,49.19198],[-122.90887,49.19254],[-122.90857,49.19316],[-122.90777,49.19347],[-122.9073,49.19377],[-122.90692,49.19387],[-122.90653,49.19391],[-122.90659,49.19408],[-122.90685,49.19414],[-122.90703,49.19423],[-122.90688,49.19453],[-122.90646,49.19468],[-122.90614,49.19484],[-122.90567,49.1953],[-122.90509,49.19571],[-122.90471,49.19583],[-122.90425,49.19583],[-122.90389,49.19577],[-122.90373,49.19588],[-122.90375,49.19605],[-122.90361,49.19635],[-122.90324,49.19667],[-122.90282,49.19706],[-122.90208,49.19759],[-122.90159,49.19799],[-122.90123,49.19828],[-122.90072,49.19873],[-122.90018,49.19895],[-122.89984,49.19904],[-122.89967,49.19945],[-122.89949,49.19972],[-122.8989,49.19995],[-122.89861,49.20045],[-122.89817,49.20069],[-122.89782,49.20096],[-122.8976,49.20124],[-122.89719,49.20174],[-122.89656,49.20221],[-122.89559,49.20296],[-122.89529,49.20319],[-122.89495,49.20324],[-122.89469,49.2034],[-122.89469,49.20372],[-122.89453,49.20391],[-122.89419,49.20415],[-122.89394,49.20438],[-122.89363,49.2045],[-122.89332,49.20454],[-122.8933,49.20463],[-122.89338,49.20482],[-122.89329,49.20504],[-122.89329,49.20531],[-122.89326,49.20564],[-122.89304,49.20572],[-122.89302,49.2058],[-122.8929,49.20603],[-122.89255,49.20638],[-122.89225,49.20668],[-122.89773,49.20894],[-122.89782,49.20902],[-122.89833,49.20864],[-122.89867,49.20827],[-122.89885,49.20799],[-122.89928,49.20761],[-122.90041,49.20674],[-122.90015,49.20653],[-122.90442,49.20353],[-122.91038,49.20036],[-122.91087,49.20068],[-122.91203,49.20023],[-122.91212,49.20008],[-122.91206,49.19975],[-122.91249,49.19991],[-122.91293,49.19971],[-122.91335,49.19978],[-122.91303,49.19937],[-122.91319,49.19922],[-122.91297,49.19901],[-122.91455,49.19821],[-122.9191,49.19828],[-122.9216,49.19831],[-122.92161,49.1985],[-122.92252,49.19859],[-122.92257,49.19882],[-122.92273,49.19883],[-122.92274,49.19829],[-122.9238,49.19651],[-122.92379,49.19628],[-122.92352,49.19621],[-122.92318,49.1964],[-122.92268,49.19635],[-122.9222,49.19633],[-122.92187,49.19626],[-122.92173,49.19606],[-122.92101,49.19594],[-122.92117,49.19544],[-122.92125,49.19517],[-122.92172,49.19512],[-122.92203,49.19452],[-122.92166,49.1944],[-122.92181,49.19423],[-122.92204,49.19426],[-122.92258,49.19383],[-122.92319,49.19321],[-122.92357,49.19276],[-122.92569,49.19095],[-122.9268,49.19019],[-122.92745,49.1898],[-122.93047,49.18827],[-122.93155,49.18785],[-122.93241,49.18742],[-122.93314,49.18697],[-122.93401,49.18629],[-122.9344,49.1861],[-122.93504,49.18562],[-122.93587,49.18511],[-122.93616,49.18486],[-122.9369,49.18446],[-122.93733,49.18435],[-122.93768,49.18412],[-122.93849,49.18373],[-122.93932,49.18328],[-122.93974,49.18316],[-122.94025,49.18298],[-122.94052,49.18288],[-122.94155,49.18235],[-122.94199,49.18221],[-122.94242,49.18192],[-122.94319,49.18156],[-122.94449,49.18118],[-122.94488,49.181],[-122.94574,49.18071],[-122.94708,49.18034],[-122.94746,49.1802],[-122.94815,49.17984],[-122.94906,49.1795],[-122.94945,49.1793],[-122.94988,49.17916],[-122.95177,49.17831],[-122.95259,49.178],[-122.95345,49.17781],[-122.95388,49.17764],[-122.95432,49.17752],[-122.95466,49.1773],[-122.95509,49.17719],[-122.95625,49.17656],[-122.95673,49.1764],[-122.95676,49.17638],[-122.95785,49.17589],[-122.95828,49.17577],[-122.95863,49.17554],[-122.95905,49.17532],[-122.95931,49.17504],[-122.95966,49.17481],[-122.96035,49.17448],[-122.96078,49.1743],[-122.96117,49.17402],[-122.96177,49.17346],[-122.9619,49.17318],[-122.96224,49.173],[-122.96233,49.17278],[-122.9625,49.17256],[-122.96284,49.17227],[-122.96297,49.17199],[-122.96383,49.17096],[-122.96411,49.17038],[-122.96513,49.16974],[-122.96686,49.16922],[-122.96813,49.16879],[-122.96957,49.16843],[-122.97172,49.16815],[-122.9743,49.16753],[-122.97581,49.16693],[-122.97646,49.16685],[-122.9768,49.16657],[-122.97705,49.16645],[-122.98059,49.16592],[-122.98145,49.16575],[-122.98231,49.16566],[-122.98318,49.16547],[-122.9836,49.16533],[-122.98404,49.16533],[-122.98653,49.16448],[-122.98731,49.16417],[-122.98852,49.16378],[-122.98938,49.16358],[-122.98981,49.16344],[-122.99239,49.1629],[-122.99326,49.16268],[-122.99407,49.16251],[-122.99446,49.16233],[-122.9949,49.16228],[-122.99554,49.16202],[-122.99657,49.16183],[-122.99744,49.1616],[-122.99829,49.16129],[-122.99946,49.16047],[-123.00006,49.15993],[-123.00111,49.15887],[-123.00134,49.15866],[-123.002,49.15778],[-123.00255,49.15726],[-123.00289,49.15713],[-123.00307,49.15706],[-123.0034,49.15693],[-123.00346,49.15679],[-123.00352,49.15657],[-123.00412,49.15623],[-123.00468,49.15611],[-123.00514,49.15589],[-123.00564,49.15574],[-123.00636,49.1554],[-123.00743,49.15515],[-123.00847,49.15499],[-123.00928,49.15487],[-123.00981,49.15465],[-123.01022,49.15462],[-123.01079,49.15466],[-123.011,49.15463],[-123.01118,49.15437],[-123.01171,49.15427],[-123.0124,49.15407],[-123.01287,49.15401],[-123.01313,49.15418],[-123.01425,49.15362],[-123.01511,49.15337],[-123.01554,49.15334],[-123.01597,49.15339],[-123.01717,49.15311],[-123.01761,49.15322],[-123.01846,49.15314],[-123.01868,49.15294],[-123.01954,49.15269],[-123.02001,49.1526],[-123.02045,49.1526],[-123.02084,49.15252],[-123.02169,49.15246],[-123.02213,49.15246],[-123.02298,49.15223],[-123.02345,49.15221],[-123.02389,49.1521],[-123.02431,49.1521],[-123.02474,49.15204],[-123.02518,49.15187],[-123.02642,49.15164],[-123.02728,49.15155],[-123.02901,49.15122],[-123.02986,49.15108],[-123.03072,49.15088],[-123.03159,49.15079],[-123.03245,49.15062],[-123.03288,49.15048],[-123.03374,49.15031],[-123.03507,49.15017],[-123.03673,49.14973],[-123.03818,49.14935],[-123.03881,49.14908],[-123.03926,49.14897],[-123.03981,49.14898],[-123.04021,49.1489],[-123.04088,49.14853],[-123.04113,49.14842],[-123.04162,49.14846],[-123.04187,49.14836],[-123.0421,49.14807],[-123.04227,49.148],[-123.04265,49.14793],[-123.04303,49.14779],[-123.04362,49.14746],[-123.04452,49.14706],[-123.04507,49.14685],[-123.04581,49.14665],[-123.04614,49.1464],[-123.0466,49.14616],[-123.04676,49.1461],[-123.04674,49.14629],[-123.0467,49.14646],[-123.0469,49.14648],[-123.04707,49.14638],[-123.04723,49.14621],[-123.04729,49.14602],[-123.04736,49.14588],[-123.04814,49.14554],[-123.04857,49.14531],[-123.04977,49.14458],[-123.05016,49.14433],[-123.05144,49.14339],[-123.05236,49.14275],[-123.05302,49.14235],[-123.05361,49.14176],[-123.0541,49.14126],[-123.05459,49.14098],[-123.05504,49.14069],[-123.05567,49.14021],[-123.05639,49.13958],[-123.05662,49.13913],[-123.05701,49.13864],[-123.05781,49.13797],[-123.05878,49.13715],[-123.05973,49.13632],[-123.06048,49.13589],[-123.06142,49.13516],[-123.0626,49.13422],[-123.06402,49.13333],[-123.06503,49.13277],[-123.06567,49.13239],[-123.06606,49.13224],[-123.06654,49.13215],[-123.06679,49.13193],[-123.06688,49.13165],[-123.06705,49.13134],[-123.0676,49.1308],[-123.06852,49.13021],[-123.06924,49.1298],[-123.0702,49.12917],[-123.071,49.12845],[-123.07153,49.12794],[-123.07195,49.12753],[-123.07225,49.12691],[-123.07285,49.12637],[-123.07376,49.12589],[-123.07437,49.12543],[-123.07517,49.1249],[-123.07585,49.12456],[-123.07641,49.12428],[-123.07677,49.12428],[-123.0769,49.12441],[-123.07715,49.12457],[-123.07743,49.12486],[-123.07746,49.12507],[-123.07762,49.12523],[-123.07791,49.12524],[-123.07805,49.1251],[-123.07804,49.12488],[-123.07758,49.12451],[-123.07726,49.1242],[-123.07723,49.12402],[-123.07734,49.12388],[-123.07806,49.12355],[-123.07924,49.12326],[-123.07996,49.12313],[-123.08051,49.12318],[-123.08079,49.12332],[-123.08094,49.12328],[-123.08118,49.12295],[-123.08187,49.12263],[-123.0823,49.1225],[-123.08316,49.1223],[-123.08406,49.12227],[-123.08449,49.12238],[-123.08483,49.12266],[-123.08492,49.12294],[-123.08484,49.12317],[-123.08466,49.12345],[-123.08432,49.12368],[-123.08398,49.12402],[-123.08419,49.12464],[-123.08441,49.12492],[-123.08484,49.1252],[-123.08518,49.1252],[-123.08647,49.12503],[-123.08733,49.12483],[-123.08768,49.12452],[-123.08768,49.12424],[-123.08708,49.12339],[-123.08694,49.12314],[-123.08665,49.12275],[-123.08659,49.1224],[-123.0867,49.122],[-123.08698,49.12171],[-123.08775,49.12129],[-123.08844,49.12098],[-123.08932,49.12068],[-123.09021,49.12053],[-123.09068,49.12056],[-123.09065,49.12065],[-123.09045,49.12073],[-123.09044,49.12082],[-123.09056,49.12096],[-123.09112,49.12083],[-123.09157,49.1207],[-123.09238,49.12042],[-123.09306,49.12029],[-123.09349,49.1202],[-123.09423,49.11991],[-123.09553,49.11967],[-123.09567,49.11966],[-123.09619,49.11958],[-123.09662,49.1195],[-123.09712,49.1193],[-123.09904,49.1183],[-123.10031,49.11791],[-123.10074,49.11774],[-123.10116,49.11763],[-123.1016,49.1174],[-123.10203,49.11729],[-123.10242,49.11709],[-123.10327,49.11683],[-123.10371,49.11675],[-123.10437,49.1164],[-123.10534,49.11612],[-123.10615,49.11592],[-123.10694,49.11596],[-123.10776,49.11594],[-123.10805,49.11593],[-123.10764,49.11575],[-123.10747,49.1156],[-123.1077,49.11532],[-123.10841,49.11506],[-123.10989,49.11454],[-123.11189,49.11373],[-123.11449,49.11288],[-123.11615,49.11237],[-123.11798,49.11178],[-123.11858,49.11171],[-123.11875,49.1119],[-123.11865,49.11218],[-123.11896,49.11216],[-123.11919,49.11205],[-123.11947,49.11185],[-123.11973,49.11163],[-123.12015,49.11134],[-123.12058,49.11115],[-123.12144,49.11092],[-123.12222,49.1108],[-123.12321,49.11074],[-123.12406,49.11076],[-123.12434,49.11081],[-123.12459,49.11073],[-123.12503,49.11053],[-123.12538,49.11045],[-123.1258,49.11045],[-123.12614,49.11038],[-123.12635,49.11021],[-123.12669,49.1101],[-123.12713,49.11003],[-123.12746,49.11021],[-123.12833,49.11007],[-123.13004,49.10987],[-123.13133,49.10984],[-123.13219,49.10989],[-123.13262,49.10998],[-123.13306,49.10998],[-123.13348,49.11003],[-123.13391,49.11003],[-123.13435,49.11009],[-123.13693,49.11018],[-123.13735,49.11022],[-123.13821,49.11022],[-123.13864,49.11031],[-123.13907,49.11031],[-123.14022,49.11045],[-123.14294,49.11053],[-123.1444,49.11055],[-123.14472,49.11059],[-123.14501,49.11072],[-123.14512,49.11089],[-123.14532,49.1109],[-123.14569,49.11079],[-123.1461,49.11084],[-123.14684,49.11111],[-123.14848,49.11164],[-123.14929,49.11198],[-123.15081,49.11256],[-123.1518,49.11299],[-123.15263,49.11346],[-123.15318,49.11393],[-123.15381,49.11447],[-123.15389,49.11455],[-123.15419,49.11482],[-123.15453,49.1149],[-123.15508,49.11497],[-123.15555,49.11511],[-123.15582,49.11541],[-123.15599,49.11545],[-123.15724,49.11417],[-123.158,49.11418],[-123.15783,49.1141],[-123.15757,49.1139],[-123.15766,49.11367],[-123.15809,49.1135],[-123.15873,49.11341],[-123.15981,49.11356],[-123.16106,49.11361],[-123.16185,49.11375],[-123.16293,49.11411],[-123.16402,49.11446],[-123.16483,49.11457],[-123.16551,49.11476],[-123.16729,49.11504],[-123.16772,49.11515],[-123.16836,49.11536],[-123.16836,49.11536],[-123.16836,49.11019],[-123.15711,49.10751],[-123.15205,49.10692]],[[-122.98204,49.16188],[-122.98119,49.16233],[-122.98042,49.16259],[-122.98032,49.1627],[-122.9781,49.16363],[-122.97723,49.16391],[-122.97689,49.16414],[-122.97645,49.1642],[-122.97512,49.16454],[-122.97469,49.16462],[-122.97392,49.1649],[-122.97349,49.16499],[-122.97232,49.16533],[-122.96991,49.16589],[-122.96949,49.16603],[-122.96863,49.16617],[-122.96828,49.16629],[-122.96764,49.16636],[-122.9666,49.16671],[-122.96574,49.16691],[-122.96531,49.16708],[-122.96445,49.1673],[-122.96406,49.16747],[-122.96268,49.16854],[-122.96242,49.16883],[-122.96173,49.16993],[-122.96121,49.17044],[-122.96113,49.17075],[-122.96087,49.17097],[-122.96078,49.1712],[-122.96052,49.17147],[-122.96043,49.17176],[-122.95966,49.1727],[-122.9585,49.17363],[-122.95755,49.17422],[-122.9569,49.17448],[-122.95647,49.17452],[-122.95609,49.17467],[-122.95513,49.17524],[-122.95406,49.17538],[-122.95354,49.17521],[-122.95337,49.17487],[-122.95355,49.1743],[-122.95354,49.17402],[-122.95294,49.17402],[-122.95234,49.17463],[-122.95277,49.17524],[-122.95258,49.17544],[-122.95187,49.17537],[-122.95,49.17568],[-122.94794,49.1764],[-122.94691,49.17667],[-122.94647,49.17684],[-122.94613,49.17712],[-122.94578,49.17723],[-122.94544,49.17743],[-122.94471,49.17774],[-122.94276,49.17831],[-122.94229,49.17833],[-122.94139,49.1787],[-122.94074,49.17907],[-122.93996,49.17944],[-122.93957,49.17955],[-122.93923,49.17972],[-122.9388,49.17983],[-122.93837,49.17989],[-122.93803,49.18],[-122.93768,49.18017],[-122.93711,49.18039],[-122.9353,49.18139],[-122.93385,49.18203],[-122.93298,49.18225],[-122.93259,49.18232],[-122.93202,49.18232],[-122.9304,49.18263],[-122.93018,49.18282],[-122.93009,49.18304],[-122.93053,49.18327],[-122.93095,49.18333],[-122.93186,49.18327],[-122.93272,49.18313],[-122.9332,49.18322],[-122.93346,49.18345],[-122.93346,49.1837],[-122.93333,49.18423],[-122.93311,49.18455],[-122.9325,49.18517],[-122.93198,49.18559],[-122.93164,49.18576],[-122.93121,49.18587],[-122.93078,49.18593],[-122.93034,49.18604],[-122.9288,49.18655],[-122.92751,49.18716],[-122.92629,49.18785],[-122.92569,49.18836],[-122.92487,49.18917],[-122.92418,49.18977],[-122.92353,49.1901],[-122.92301,49.19067],[-122.92284,49.19095],[-122.92254,49.19118],[-122.92116,49.1925],[-122.92094,49.19265],[-122.92077,49.19292],[-122.92034,49.1931],[-122.91989,49.19348],[-122.91898,49.19419],[-122.91849,49.19427],[-122.91817,49.19387],[-122.91827,49.19323],[-122.92072,49.18851],[-122.92046,49.18837],[-122.92172,49.18656],[-122.92194,49.18661],[-122.92207,49.18615],[-122.92246,49.18564],[-122.92298,49.18454],[-122.92319,49.18428],[-122.92329,49.184],[-122.92342,49.18375],[-122.92391,49.18289],[-122.92406,49.18276],[-122.92423,49.18248],[-122.92423,49.18217],[-122.92462,49.1816],[-122.92523,49.18047],[-122.92549,49.17991],[-122.92574,49.17968],[-122.92588,49.1792],[-122.92639,49.17836],[-122.9267,49.17812],[-122.92739,49.17771],[-122.92799,49.17666],[-122.92816,49.17612],[-122.92825,49.1753],[-122.92834,49.17502],[-122.92864,49.17446],[-122.92873,49.17418],[-122.92907,49.17356],[-122.92916,49.17327],[-122.92937,49.17302],[-122.92968,49.17245],[-122.92994,49.1722],[-122.93007,49.17195],[-122.9308,49.1709],[-122.93106,49.17068],[-122.93114,49.17045],[-122.93166,49.16997],[-122.93266,49.16918],[-122.93321,49.16867],[-122.93399,49.16819],[-122.93433,49.16791],[-122.93477,49.16774],[-122.93511,49.16746],[-122.93663,49.16664],[-122.93692,49.16639],[-122.93736,49.16621],[-122.93761,49.16594],[-122.93839,49.16554],[-122.93929,49.16489],[-122.93968,49.16469],[-122.94003,49.16447],[-122.94054,49.16424],[-122.94071,49.16407],[-122.94145,49.16365],[-122.94183,49.16351],[-122.94218,49.16328],[-122.94223,49.16311],[-122.94283,49.16214],[-122.94321,49.16198],[-122.94365,49.16198],[-122.94399,49.16221],[-122.94428,49.16221],[-122.9455,49.16173],[-122.94675,49.1609],[-122.948,49.16024],[-122.94886,49.15989],[-122.94968,49.15967],[-122.9514,49.15944],[-122.95218,49.1593],[-122.9539,49.15925],[-122.95519,49.15925],[-122.95605,49.15931],[-122.95692,49.15942],[-122.95734,49.15942],[-122.95821,49.15956],[-122.95907,49.15965],[-122.96122,49.15967],[-122.96156,49.15979],[-122.962,49.15981],[-122.96286,49.15996],[-122.96716,49.16041],[-122.96874,49.16069],[-122.96931,49.16069],[-122.96975,49.16075],[-122.97018,49.16075],[-122.9706,49.16067],[-122.97189,49.16061],[-122.97233,49.16064],[-122.97276,49.1606],[-122.97362,49.16067],[-122.97491,49.16067],[-122.97707,49.16058],[-122.97792,49.16047],[-122.97835,49.16036],[-122.97878,49.16029],[-122.97964,49.16013],[-122.98051,49.16002],[-122.98094,49.1599],[-122.98124,49.15971],[-122.98202,49.15948],[-122.98288,49.15937],[-122.98335,49.1594],[-122.98374,49.15928],[-122.98508,49.15917],[-122.98559,49.15934],[-122.98514,49.15981],[-122.98331,49.16121],[-122.98204,49.16188]],[[-122.98872,49.1604],[-122.98878,49.16039],[-122.98951,49.1601],[-122.99076,49.15979],[-122.9911,49.15968],[-122.99197,49.15948],[-122.99265,49.15911],[-122.99347,49.15883],[-122.99456,49.15873],[-122.99515,49.15854],[-122.99524,49.15872],[-122.99516,49.15906],[-122.99459,49.15965],[-122.99446,49.1599],[-122.99412,49.16018],[-122.99334,49.16053],[-122.99205,49.16086],[-122.99115,49.16106],[-122.99033,49.16129],[-122.98817,49.16171],[-122.98774,49.16177],[-122.98684,49.16197],[-122.98645,49.16199],[-122.98645,49.16154],[-122.98679,49.16137],[-122.98718,49.16106],[-122.98816,49.16058],[-122.98872,49.1604]],[[-122.99758,49.1587],[-122.99817,49.15829],[-122.99866,49.158],[-123.00002,49.15765],[-123.00032,49.15765],[-123.00084,49.15753],[-123.00066,49.15781],[-123.00024,49.15821],[-123.00014,49.15849],[-122.99924,49.15942],[-122.99808,49.16025],[-122.99765,49.16047],[-122.99722,49.16064],[-122.99635,49.16095],[-122.99593,49.16103],[-122.99532,49.16086],[-122.99597,49.16022],[-122.99619,49.15994],[-122.99661,49.15951],[-122.99687,49.15934],[-122.99713,49.159],[-122.99758,49.1587]],[[-123.01166,49.14877],[-123.01217,49.14888],[-123.01292,49.14903],[-123.01354,49.14905],[-123.01392,49.14914],[-123.01388,49.14935],[-123.01354,49.14954],[-123.01306,49.1496],[-123.01267,49.14957],[-123.01171,49.14938],[-123.01149,49.14928],[-123.01097,49.1491],[-123.01088,49.14895],[-123.01102,49.14879],[-123.01166,49.14877]]]},"properties":{"MGNT_AREA":29,"SUBAREA_":13,"NAME":"Subarea 29-13","LABEL":"29-13","SQ_KM":18.388704329999999}},{"type":"Feature","geometry":{"type":"Polygon","coordinates":[[[-123.15274,49.06813],[-123.15129,49.06836],[-123.15077,49.0686],[-123.15059,49.06863],[-123.15006,49.0686],[-123.14967,49.06862],[-123.14909,49.06882],[-123.14838,49.06892],[-123.14772,49.06907],[-123.14723,49.0692],[-123.14628,49.06929],[-123.14334,49.06987],[-123.14248,49.06998],[-123.14076,49.07032],[-123.13991,49.07041],[-123.13948,49.07055],[-123.13862,49.07069],[-123.13819,49.07086],[-123.13776,49.07097],[-123.13733,49.07114],[-123.1369,49.07125],[-123.13647,49.07149],[-123.13605,49.07159],[-123.13519,49.07199],[-123.13484,49.07219],[-123.13403,49.07259],[-123.13373,49.07281],[-123.13224,49.07367],[-123.13201,49.07397],[-123.1311,49.0746],[-123.13019,49.07535],[-123.12958,49.0758],[-123.12952,49.07585],[-123.12927,49.07629],[-123.12894,49.07684],[-123.12823,49.0778],[-123.12775,49.07823],[-123.12733,49.07888],[-123.12688,49.07987],[-123.12648,49.08037],[-123.12586,49.08114],[-123.12544,49.08189],[-123.12533,49.08231],[-123.12471,49.0829],[-123.12412,49.08375],[-123.12373,49.08443],[-123.12373,49.08472],[-123.12401,49.0846],[-123.12445,49.08397],[-123.12476,49.08358],[-123.12521,49.0829],[-123.12523,49.08317],[-123.12504,49.08369],[-123.1249,49.08411],[-123.1246,49.08438],[-123.12435,49.08464],[-123.12409,49.08511],[-123.12383,49.0855],[-123.1236,49.08571],[-123.12315,49.08585],[-123.12302,49.08589],[-123.12217,49.08622],[-123.12078,49.08607],[-123.12057,49.08612],[-123.11953,49.08604],[-123.11925,49.08568],[-123.11867,49.08583],[-123.11797,49.08565],[-123.11655,49.08559],[-123.11577,49.0855],[-123.11497,49.08548],[-123.11394,49.0854],[-123.11352,49.08519],[-123.11327,49.08501],[-123.113,49.08519],[-123.11261,49.08533],[-123.11172,49.08539],[-123.11046,49.08538],[-123.10965,49.08549],[-123.10914,49.08551],[-123.10875,49.08519],[-123.10866,49.08541],[-123.10849,49.08559],[-123.10793,49.08579],[-123.10746,49.08576],[-123.10709,49.08589],[-123.10691,49.08609],[-123.10608,49.08616],[-123.10474,49.08639],[-123.10464,49.08648],[-123.10461,49.08668],[-123.10416,49.08665],[-123.10382,49.0867],[-123.10345,49.0869],[-123.10322,49.08698],[-123.10266,49.08699],[-123.10252,49.0871],[-123.10213,49.0872],[-123.10114,49.08737],[-123.1002,49.08777],[-123.09966,49.08805],[-123.09924,49.08811],[-123.09885,49.08837],[-123.09799,49.08851],[-123.09691,49.08883],[-123.09579,49.08928],[-123.09484,49.08957],[-123.09434,49.08965],[-123.09389,49.08997],[-123.0932,49.09031],[-123.09277,49.09057],[-123.09269,49.09065],[-123.09167,49.09075],[-123.09084,49.0909],[-123.09033,49.09117],[-123.08961,49.09182],[-123.08894,49.0921],[-123.08835,49.09227],[-123.08774,49.09264],[-123.08759,49.09277],[-123.08726,49.09285],[-123.08698,49.09302],[-123.08675,49.09328],[-123.08653,49.09341],[-123.08634,49.09335],[-123.08569,49.09288],[-123.08533,49.09267],[-123.08519,49.09262],[-123.08493,49.09283],[-123.08537,49.0932],[-123.08636,49.09388],[-123.0855,49.09433],[-123.08482,49.09474],[-123.08446,49.09464],[-123.08406,49.09466],[-123.08319,49.09515],[-123.08231,49.09593],[-123.08208,49.09623],[-123.08228,49.09635],[-123.08202,49.09671],[-123.08183,49.09703],[-123.08159,49.09737],[-123.08099,49.09788],[-123.08069,49.0981],[-123.08058,49.09843],[-123.08061,49.09859],[-123.08066,49.09883],[-123.0808,49.09893],[-123.08106,49.09883],[-123.08134,49.0988],[-123.08157,49.09891],[-123.08169,49.09895],[-123.08194,49.09892],[-123.08208,49.09897],[-123.08187,49.09919],[-123.08202,49.0995],[-123.0823,49.09973],[-123.08237,49.10006],[-123.08262,49.10026],[-123.08308,49.10019],[-123.08331,49.10001],[-123.08327,49.09982],[-123.08305,49.09964],[-123.08306,49.09943],[-123.083,49.09916],[-123.08283,49.09895],[-123.08272,49.09871],[-123.08269,49.09843],[-123.08302,49.09832],[-123.0836,49.0984],[-123.08423,49.09866],[-123.08453,49.09868],[-123.08447,49.0985],[-123.08408,49.09812],[-123.08405,49.09793],[-123.08426,49.09785],[-123.08459,49.09798],[-123.08544,49.09836],[-123.0858,49.09847],[-123.08621,49.09843],[-123.08688,49.09819],[-123.08736,49.09804],[-123.08764,49.09796],[-123.08773,49.09804],[-123.08772,49.09832],[-123.08735,49.09907],[-123.08698,49.09926],[-123.08675,49.09959],[-123.08625,49.09997],[-123.08551,49.10022],[-123.08499,49.10035],[-123.08432,49.10047],[-123.08354,49.10083],[-123.08287,49.10115],[-123.08214,49.10138],[-123.08101,49.10162],[-123.0805,49.10183],[-123.08025,49.102],[-123.08049,49.1024],[-123.08063,49.10299],[-123.08047,49.10347],[-123.08069,49.10393],[-123.08063,49.10436],[-123.08011,49.10492],[-123.07989,49.10532],[-123.07999,49.1057],[-123.08003,49.10612],[-123.08,49.10693],[-123.07976,49.10736],[-123.07937,49.10755],[-123.0789,49.10764],[-123.07857,49.10777],[-123.07861,49.1078],[-123.07872,49.10788],[-123.0794,49.10804],[-123.07994,49.10839],[-123.08028,49.1087],[-123.08037,49.10923],[-123.08028,49.10946],[-123.08021,49.10956],[-123.08032,49.10971],[-123.08032,49.10994],[-123.08015,49.11008],[-123.0802,49.11027],[-123.081,49.11032],[-123.08141,49.11046],[-123.08154,49.11035],[-123.08146,49.10996],[-123.08169,49.1098],[-123.08208,49.10974],[-123.08262,49.10989],[-123.08317,49.10995],[-123.08363,49.10998],[-123.08387,49.11016],[-123.08401,49.11043],[-123.08416,49.11053],[-123.08452,49.11053],[-123.08463,49.1106],[-123.08401,49.11108],[-123.08346,49.11153],[-123.08279,49.11197],[-123.08195,49.11225],[-123.08147,49.11245],[-123.08084,49.11279],[-123.08022,49.11292],[-123.07953,49.113],[-123.07903,49.11297],[-123.07829,49.11306],[-123.0777,49.11329],[-123.07719,49.11351],[-123.07631,49.11361],[-123.07529,49.11361],[-123.07417,49.11356],[-123.07343,49.11363],[-123.07256,49.11378],[-123.07166,49.11383],[-123.07076,49.11382],[-123.07014,49.11393],[-123.06959,49.11404],[-123.06878,49.11407],[-123.06815,49.11406],[-123.06789,49.11409],[-123.06743,49.11425],[-123.06732,49.11447],[-123.06703,49.11455],[-123.06681,49.11457],[-123.06638,49.11443],[-123.06583,49.11429],[-123.0656,49.11393],[-123.06544,49.11393],[-123.06516,49.11419],[-123.06492,49.11445],[-123.06473,49.11459],[-123.06433,49.11457],[-123.06403,49.11471],[-123.06383,49.11482],[-123.06344,49.11489],[-123.06309,49.1152],[-123.06175,49.11622],[-123.06114,49.11676],[-123.06071,49.11715],[-123.06042,49.11725],[-123.06024,49.11758],[-123.06022,49.11778],[-123.05984,49.11789],[-123.0595,49.11823],[-123.05908,49.11877],[-123.05817,49.11963],[-123.0575,49.12025],[-123.057,49.12089],[-123.05661,49.12151],[-123.05622,49.12209],[-123.05595,49.1226],[-123.05544,49.12304],[-123.05524,49.12339],[-123.05508,49.1238],[-123.05473,49.12405],[-123.05446,49.12445],[-123.05428,49.12483],[-123.05382,49.12523],[-123.05351,49.1256],[-123.05328,49.1259],[-123.05303,49.1261],[-123.05278,49.12636],[-123.0527,49.12654],[-123.05292,49.12661],[-123.05331,49.12654],[-123.05363,49.12643],[-123.05395,49.12638],[-123.05464,49.12642],[-123.05524,49.12635],[-123.05558,49.12626],[-123.05587,49.12599],[-123.05611,49.12558],[-123.05638,49.12513],[-123.05673,49.12471],[-123.0571,49.12415],[-123.05785,49.1232],[-123.05857,49.12266],[-123.05901,49.12213],[-123.0593,49.12195],[-123.05966,49.12177],[-123.05978,49.12146],[-123.06005,49.12121],[-123.06052,49.12078],[-123.06139,49.1202],[-123.0619,49.11972],[-123.06242,49.11923],[-123.063,49.11863],[-123.06365,49.11798],[-123.06429,49.11749],[-123.06502,49.11704],[-123.06551,49.11679],[-123.06597,49.1166],[-123.06628,49.11654],[-123.06664,49.11634],[-123.06731,49.11621],[-123.06786,49.11614],[-123.06799,49.11603],[-123.06787,49.11583],[-123.06757,49.11566],[-123.06749,49.11544],[-123.0676,49.11519],[-123.0679,49.11504],[-123.06837,49.11501],[-123.06875,49.11534],[-123.06943,49.11577],[-123.06979,49.1159],[-123.07008,49.11586],[-123.07028,49.11575],[-123.07054,49.11582],[-123.07083,49.11591],[-123.07152,49.1159],[-123.07288,49.11582],[-123.07427,49.1157],[-123.075,49.11559],[-123.07558,49.11555],[-123.0762,49.11567],[-123.07622,49.11583],[-123.07597,49.11602],[-123.07496,49.11632],[-123.07415,49.11662],[-123.07381,49.11689],[-123.07358,49.11718],[-123.07358,49.11734],[-123.0739,49.1173],[-123.07442,49.11691],[-123.07514,49.11655],[-123.07603,49.11622],[-123.07655,49.11598],[-123.07713,49.11557],[-123.07744,49.11547],[-123.07797,49.11557],[-123.07843,49.11564],[-123.07896,49.1156],[-123.07964,49.11551],[-123.0803,49.11549],[-123.08076,49.11558],[-123.08079,49.11582],[-123.08047,49.1161],[-123.08047,49.1161],[-123.08048,49.11609],[-123.08603,49.11476],[-123.08814,49.11439],[-123.08765,49.11439],[-123.08759,49.11423],[-123.08791,49.11403],[-123.08806,49.11367],[-123.08795,49.11331],[-123.08791,49.11306],[-123.08801,49.11293],[-123.08838,49.11279],[-123.08855,49.11263],[-123.08861,49.11235],[-123.08866,49.11213],[-123.08899,49.11187],[-123.0899,49.11047],[-123.09075,49.10962],[-123.09118,49.10945],[-123.09161,49.1094],[-123.09204,49.10928],[-123.09241,49.10915],[-123.09346,49.10886],[-123.09466,49.10861],[-123.09548,49.10841],[-123.09563,49.10837],[-123.09696,49.10797],[-123.09775,49.10775],[-123.09852,49.10748],[-123.09955,49.10725],[-123.10043,49.10703],[-123.1015,49.10659],[-123.10273,49.10612],[-123.10359,49.10581],[-123.10472,49.1054],[-123.10545,49.10515],[-123.10577,49.10511],[-123.10605,49.1052],[-123.10635,49.10538],[-123.10657,49.1054],[-123.10663,49.10524],[-123.10653,49.10498],[-123.10666,49.10475],[-123.10688,49.10459],[-123.10789,49.10425],[-123.11024,49.10376],[-123.11034,49.10379],[-123.11197,49.1036],[-123.1124,49.10351],[-123.11278,49.10348],[-123.11498,49.10289],[-123.11627,49.10271],[-123.11692,49.10254],[-123.1179,49.10249],[-123.11834,49.10254],[-123.11877,49.10254],[-123.11919,49.1026],[-123.11963,49.1026],[-123.12006,49.10265],[-123.12048,49.10277],[-123.12135,49.10291],[-123.12221,49.10321],[-123.12186,49.1035],[-123.121,49.10392],[-123.12015,49.10406],[-123.11964,49.10427],[-123.12459,49.10634],[-123.13394,49.10588],[-123.13406,49.10575],[-123.13431,49.10567],[-123.13454,49.10571],[-123.13524,49.10562],[-123.13584,49.10558],[-123.13697,49.10564],[-123.13751,49.10578],[-123.13843,49.1058],[-123.13918,49.10571],[-123.14,49.10573],[-123.1404,49.1058],[-123.14102,49.10575],[-123.14143,49.10571],[-123.14185,49.10586],[-123.14253,49.10604],[-123.14375,49.10606],[-123.14486,49.10614],[-123.14571,49.10619],[-123.14635,49.10619],[-123.1466,49.10606],[-123.1468,49.10604],[-123.14722,49.10611],[-123.14764,49.10603],[-123.14777,49.10595],[-123.14806,49.10589],[-123.14835,49.10595],[-123.14873,49.10615],[-123.14913,49.10627],[-123.14999,49.10636],[-123.15132,49.1066],[-123.15193,49.10672],[-123.15205,49.10692],[-123.15711,49.10751],[-123.16836,49.11019],[-123.16836,49.10643],[-123.16833,49.10636],[-123.16773,49.10612],[-123.16752,49.10598],[-123.16597,49.10537],[-123.16416,49.1045],[-123.16338,49.10396],[-123.16356,49.10373],[-123.16394,49.10365],[-123.1648,49.10336],[-123.16523,49.10325],[-123.16609,49.1031],[-123.1663,49.1031],[-123.16776,49.10285],[-123.16858,49.10257],[-123.16869,49.1025],[-123.16896,49.10246],[-123.16972,49.10245],[-123.17013,49.10237],[-123.17027,49.10224],[-123.1703,49.10194],[-123.17054,49.10188],[-123.17069,49.1018],[-123.17068,49.10152],[-123.17025,49.10129],[-123.1694,49.10149],[-123.16905,49.10163],[-123.16863,49.10175],[-123.16686,49.102],[-123.166,49.10217],[-123.16515,49.10246],[-123.16476,49.10249],[-123.16428,49.1026],[-123.16312,49.10311],[-123.1627,49.10316],[-123.16222,49.10314],[-123.16136,49.10294],[-123.16106,49.10272],[-123.16059,49.10255],[-123.15997,49.10217],[-123.15925,49.10185],[-123.15852,49.10144],[-123.15784,49.10096],[-123.1572,49.10056],[-123.15693,49.10034],[-123.15665,49.09998],[-123.15623,49.09962],[-123.15542,49.09928],[-123.1546,49.09877],[-123.15327,49.09824],[-123.1525,49.09787],[-123.15163,49.09762],[-123.15031,49.09716],[-123.1493,49.09681],[-123.14848,49.09655],[-123.14764,49.09639],[-123.14651,49.09619],[-123.14566,49.09597],[-123.14531,49.09574],[-123.14428,49.09489],[-123.14402,49.09473],[-123.1435,49.09427],[-123.14342,49.0941],[-123.14282,49.0936],[-123.14239,49.09338],[-123.14212,49.09309],[-123.1413,49.09258],[-123.14105,49.09236],[-123.14027,49.09194],[-123.13958,49.09143],[-123.13833,49.09084],[-123.13747,49.09033],[-123.13541,49.08947],[-123.13463,49.089],[-123.13386,49.0887],[-123.13295,49.0882],[-123.13244,49.08777],[-123.1321,49.08757],[-123.13153,49.08704],[-123.1312,49.08678],[-123.13067,49.08562],[-123.13058,49.08489],[-123.13062,49.08376],[-123.13066,49.08351],[-123.13058,49.08323],[-123.13058,49.08294],[-123.1304,49.08241],[-123.13045,49.08185],[-123.13074,49.081],[-123.13117,49.08043],[-123.13126,49.08018],[-123.13155,49.07967],[-123.13186,49.07944],[-123.13198,49.07928],[-123.13361,49.07786],[-123.13404,49.07744],[-123.1349,49.07679],[-123.13571,49.07639],[-123.13653,49.07594],[-123.13679,49.07586],[-123.13803,49.07503],[-123.13872,49.0747],[-123.1391,49.07439],[-123.1395,49.07407],[-123.1397,49.07391],[-123.14037,49.07372],[-123.14109,49.07344],[-123.14214,49.07317],[-123.14253,49.07302],[-123.14339,49.07286],[-123.14382,49.07275],[-123.14468,49.07263],[-123.14515,49.07266],[-123.14641,49.07246],[-123.14764,49.07241],[-123.14847,49.07231],[-123.14883,49.0723],[-123.14925,49.07244],[-123.15237,49.07243],[-123.15275,49.07245],[-123.15275,49.06823],[-123.15274,49.06813]],[[-123.11076,49.0986],[-123.11033,49.09863],[-123.10947,49.09863],[-123.10904,49.0986],[-123.10861,49.09863],[-123.10775,49.09863],[-123.10689,49.09858],[-123.1056,49.09869],[-123.10431,49.09894],[-123.10345,49.09903],[-123.10257,49.09925],[-123.10198,49.09943],[-123.10141,49.09949],[-123.10112,49.09942],[-123.10097,49.09912],[-123.10104,49.09877],[-123.10134,49.09852],[-123.10191,49.09827],[-123.10233,49.09798],[-123.1027,49.0978],[-123.10392,49.09677],[-123.10444,49.09629],[-123.10464,49.09596],[-123.10488,49.09568],[-123.10535,49.09535],[-123.10603,49.0949],[-123.10672,49.09457],[-123.10713,49.09425],[-123.10761,49.09393],[-123.10807,49.09364],[-123.10866,49.09347],[-123.10933,49.09337],[-123.11004,49.09319],[-123.11058,49.09301],[-123.11076,49.09285],[-123.11069,49.09272],[-123.11042,49.09266],[-123.11003,49.09261],[-123.11003,49.09249],[-123.1104,49.09217],[-123.11083,49.09194],[-123.11127,49.0918],[-123.11208,49.09146],[-123.11294,49.09106],[-123.11543,49.09029],[-123.1166,49.08993],[-123.11752,49.08967],[-123.11811,49.08961],[-123.11872,49.08968],[-123.11883,49.08978],[-123.11853,49.0899],[-123.118,49.08999],[-123.11753,49.09004],[-123.11731,49.09021],[-123.11746,49.0903],[-123.11788,49.0903],[-123.11857,49.09015],[-123.119,49.09024],[-123.11934,49.09046],[-123.11874,49.09111],[-123.11749,49.09162],[-123.11707,49.09198],[-123.11695,49.09232],[-123.11686,49.0927],[-123.11665,49.0929],[-123.11647,49.09299],[-123.11646,49.09326],[-123.11664,49.09344],[-123.11697,49.09346],[-123.1171,49.09325],[-123.11723,49.09294],[-123.11781,49.09273],[-123.11828,49.09256],[-123.11868,49.09259],[-123.1187,49.09276],[-123.11841,49.09298],[-123.11799,49.09304],[-123.11787,49.09326],[-123.11799,49.09339],[-123.11822,49.09347],[-123.11833,49.09355],[-123.11838,49.09374],[-123.11872,49.09381],[-123.11889,49.09394],[-123.1188,49.09409],[-123.11814,49.09427],[-123.11768,49.09444],[-123.11759,49.09467],[-123.11782,49.09509],[-123.11854,49.09532],[-123.11942,49.09546],[-123.12048,49.09536],[-123.12134,49.09515],[-123.12195,49.09496],[-123.12257,49.09496],[-123.12275,49.0951],[-123.12263,49.09523],[-123.12228,49.09531],[-123.12141,49.09551],[-123.12055,49.09566],[-123.12013,49.09583],[-123.1197,49.09578],[-123.11884,49.09588],[-123.11699,49.09598],[-123.11645,49.09604],[-123.11597,49.09617],[-123.11551,49.09639],[-123.11472,49.0972],[-123.1142,49.09775],[-123.11334,49.0982],[-123.11292,49.09829],[-123.11205,49.09829],[-123.11163,49.09837],[-123.11076,49.0986]],[[-123.10564,49.10236],[-123.10416,49.10308],[-123.10374,49.10332],[-123.10321,49.10363],[-123.10259,49.10397],[-123.10188,49.10424],[-123.10152,49.10431],[-123.10098,49.10431],[-123.10068,49.10437],[-123.10065,49.10442],[-123.10059,49.1045],[-123.10062,49.10468],[-123.10091,49.10485],[-123.10105,49.105],[-123.10093,49.10519],[-123.10023,49.10555],[-123.09931,49.10589],[-123.09831,49.10622],[-123.09726,49.10643],[-123.09626,49.10658],[-123.09556,49.10661],[-123.09519,49.10656],[-123.09486,49.10646],[-123.09446,49.10646],[-123.09375,49.10647],[-123.09354,49.10639],[-123.09353,49.10623],[-123.09371,49.106],[-123.09375,49.10572],[-123.09385,49.10548],[-123.09414,49.10533],[-123.09424,49.10507],[-123.09423,49.10501],[-123.09422,49.10493],[-123.0939,49.10476],[-123.09386,49.10458],[-123.09408,49.10435],[-123.09421,49.10417],[-123.09429,49.10386],[-123.09441,49.10361],[-123.09483,49.10312],[-123.09535,49.10273],[-123.09584,49.1022],[-123.09717,49.10121],[-123.09843,49.1006],[-123.09908,49.10019],[-123.09959,49.10008],[-123.09977,49.10014],[-123.10001,49.1004],[-123.10025,49.10042],[-123.10033,49.10026],[-123.10037,49.09998],[-123.10059,49.09988],[-123.1009,49.09991],[-123.10136,49.1],[-123.10176,49.09994],[-123.10262,49.09981],[-123.10384,49.09969],[-123.10496,49.09947],[-123.10598,49.09925],[-123.10668,49.09924],[-123.10705,49.09932],[-123.1084,49.09932],[-123.10895,49.09945],[-123.10908,49.09978],[-123.10887,49.10011],[-123.10839,49.10032],[-123.10806,49.10049],[-123.10782,49.10071],[-123.10759,49.10106],[-123.10712,49.10148],[-123.10651,49.10184],[-123.10564,49.10236]],[[-123.09471,49.09058],[-123.09495,49.09068],[-123.09494,49.09084],[-123.09483,49.09101],[-123.0947,49.09153],[-123.09454,49.09227],[-123.09438,49.09278],[-123.09442,49.09321],[-123.09435,49.09354],[-123.09418,49.09369],[-123.09397,49.09367],[-123.09354,49.09364],[-123.09294,49.09369],[-123.09228,49.09391],[-123.09187,49.09424],[-123.09142,49.09447],[-123.09112,49.09463],[-123.09069,49.09497],[-123.09051,49.09533],[-123.09036,49.09571],[-123.09018,49.09605],[-123.09003,49.09637],[-123.08986,49.09649],[-123.08963,49.09649],[-123.08938,49.09636],[-123.08903,49.09628],[-123.08897,49.09632],[-123.08912,49.0965],[-123.08923,49.09666],[-123.08915,49.09677],[-123.08867,49.09709],[-123.08794,49.09748],[-123.0872,49.09783],[-123.08678,49.09798],[-123.08635,49.09816],[-123.08595,49.09821],[-123.08564,49.09813],[-123.08516,49.09789],[-123.08416,49.09739],[-123.08337,49.09691],[-123.08327,49.09661],[-123.08341,49.09632],[-123.08408,49.09595],[-123.08479,49.09564],[-123.08545,49.0953],[-123.08584,49.09509],[-123.08674,49.09464],[-123.08764,49.09425],[-123.08807,49.09422],[-123.08828,49.09399],[-123.0889,49.09361],[-123.08952,49.0934],[-123.09017,49.0931],[-123.09025,49.09299],[-123.09016,49.09285],[-123.09014,49.09271],[-123.09032,49.09268],[-123.09052,49.0928],[-123.09089,49.09311],[-123.0912,49.0931],[-123.0916,49.09295],[-123.09217,49.09269],[-123.09267,49.09255],[-123.09286,49.09245],[-123.09281,49.09227],[-123.09258,49.09208],[-123.09256,49.09189],[-123.0927,49.0918],[-123.0933,49.09161],[-123.09373,49.0914],[-123.09396,49.09115],[-123.0942,49.09069],[-123.09441,49.0906],[-123.09471,49.09058]],[[-123.12504,49.10161],[-123.12442,49.10161],[-123.1238,49.10143],[-123.12322,49.10108],[-123.12282,49.10081],[-123.12205,49.10055],[-123.12119,49.10038],[-123.11966,49.10033],[-123.11858,49.10036],[-123.11821,49.1003],[-123.11786,49.10006],[-123.11695,49.09972],[-123.11642,49.09961],[-123.11625,49.09952],[-123.11633,49.09933],[-123.11655,49.09919],[-123.11694,49.09921],[-123.11727,49.09924],[-123.11764,49.09914],[-123.11793,49.09902],[-123.11831,49.09902],[-123.11848,49.09912],[-123.11866,49.09921],[-123.11867,49.09935],[-123.11861,49.09963],[-123.11861,49.09977],[-123.11893,49.09967],[-123.11936,49.09951],[-123.11964,49.09949],[-123.11983,49.09937],[-123.12019,49.09927],[-123.12035,49.09914],[-123.12042,49.0988],[-123.12047,49.09866],[-123.1206,49.09861],[-123.12092,49.09861],[-123.12109,49.09858],[-123.12124,49.09838],[-123.12141,49.0983],[-123.1217,49.09833],[-123.12188,49.09853],[-123.1221,49.09875],[-123.12229,49.09879],[-123.12255,49.0987],[-123.12291,49.09846],[-123.12341,49.09822],[-123.12396,49.09814],[-123.12437,49.09814],[-123.12476,49.09825],[-123.12486,49.09843],[-123.12482,49.09883],[-123.12485,49.09908],[-123.12506,49.09937],[-123.12522,49.09939],[-123.1254,49.09945],[-123.12545,49.09963],[-123.12556,49.09986],[-123.12582,49.09991],[-123.12608,49.09999],[-123.12627,49.10015],[-123.12643,49.10026],[-123.12702,49.10028],[-123.12775,49.1002],[-123.12787,49.10024],[-123.12774,49.10038],[-123.12737,49.10058],[-123.12726,49.10072],[-123.12723,49.10095],[-123.12709,49.10113],[-123.12655,49.1012],[-123.12611,49.10122],[-123.12586,49.1013],[-123.12532,49.10152],[-123.12504,49.10161]],[[-123.11179,49.08806],[-123.11239,49.08809],[-123.11268,49.08815],[-123.11271,49.08831],[-123.11237,49.08846],[-123.11164,49.08856],[-123.11089,49.08864],[-123.11018,49.08888],[-123.10995,49.08905],[-123.10978,49.0895],[-123.10971,49.08974],[-123.10937,49.08994],[-123.10876,49.09047],[-123.10812,49.09093],[-123.10707,49.0916],[-123.10621,49.09194],[-123.10587,49.09187],[-123.10598,49.09164],[-123.1064,49.09137],[-123.10725,49.09113],[-123.10751,49.09089],[-123.10741,49.09079],[-123.10715,49.09079],[-123.10669,49.09092],[-123.10606,49.09109],[-123.10534,49.09117],[-123.10494,49.0911],[-123.10481,49.09074],[-123.10456,49.09035],[-123.10432,49.09029],[-123.10373,49.09052],[-123.1031,49.091],[-123.10247,49.09137],[-123.10223,49.09137],[-123.10223,49.09125],[-123.10261,49.09085],[-123.10361,49.09008],[-123.10446,49.08955],[-123.10485,49.08938],[-123.10497,49.08934],[-123.10661,49.08878],[-123.1067,49.08878],[-123.10751,49.08847],[-123.10837,49.08833],[-123.10924,49.0883],[-123.10966,49.08833],[-123.11053,49.08827],[-123.11125,49.08812],[-123.11179,49.08806]],[[-123.12277,49.10156],[-123.1226,49.10162],[-123.12206,49.10152],[-123.12115,49.10137],[-123.12054,49.10139],[-123.11996,49.10132],[-123.1191,49.10133],[-123.11849,49.1014],[-123.11803,49.1015],[-123.11738,49.10149],[-123.11662,49.10159],[-123.11581,49.10174],[-123.11508,49.10193],[-123.11443,49.10201],[-123.11422,49.10204],[-123.11273,49.10227],[-123.11182,49.10227],[-123.11134,49.10221],[-123.11124,49.10206],[-123.11168,49.10166],[-123.11211,49.10144],[-123.11275,49.10138],[-123.11321,49.10127],[-123.11448,49.10113],[-123.11549,49.10101],[-123.11656,49.10083],[-123.11716,49.10076],[-123.11761,49.10086],[-123.11851,49.10089],[-123.11969,49.10085],[-123.12086,49.10086],[-123.12129,49.10092],[-123.12178,49.1011],[-123.12225,49.10129],[-123.12262,49.10143],[-123.12277,49.10156]],[[-123.10167,49.08862],[-123.1019,49.08864],[-123.10228,49.08891],[-123.10242,49.08908],[-123.10242,49.08932],[-123.10217,49.0896],[-123.10098,49.09031],[-123.10074,49.0905],[-123.10006,49.09089],[-123.09981,49.09103],[-123.09888,49.09161],[-123.09831,49.09196],[-123.09798,49.09201],[-123.09792,49.09183],[-123.09804,49.09141],[-123.09806,49.09121],[-123.09803,49.09102],[-123.09805,49.09092],[-123.09824,49.09077],[-123.09841,49.0906],[-123.09856,49.09037],[-123.09866,49.0901],[-123.09883,49.08987],[-123.0991,49.08968],[-123.09945,49.08957],[-123.09975,49.08952],[-123.10006,49.0895],[-123.10043,49.08937],[-123.10105,49.08898],[-123.10142,49.08871],[-123.10167,49.08862]],[[-123.10112,49.09806],[-123.10127,49.09812],[-123.10117,49.09832],[-123.10089,49.09851],[-123.10081,49.09855],[-123.10001,49.09887],[-123.09946,49.09919],[-123.09913,49.09953],[-123.09893,49.09982],[-123.09878,49.10004],[-123.09856,49.10009],[-123.09844,49.09988],[-123.09862,49.09944],[-123.09901,49.09906],[-123.09961,49.09869],[-123.10013,49.09841],[-123.10069,49.09813],[-123.10112,49.09806]],[[-123.12737,49.08022],[-123.12756,49.08027],[-123.12755,49.08042],[-123.12729,49.08073],[-123.1271,49.0812],[-123.12704,49.0815],[-123.12708,49.08171],[-123.12675,49.08196],[-123.12672,49.08206],[-123.1266,49.08239],[-123.12655,49.08257],[-123.12646,49.08264],[-123.12631,49.08263],[-123.12626,49.08248],[-123.12622,49.08237],[-123.12624,49.0821],[-123.12636,49.08175],[-123.12653,49.08143],[-123.12676,49.08096],[-123.12707,49.08056],[-123.12737,49.08022]],[[-123.08665,49.09413],[-123.08662,49.09434],[-123.08635,49.09451],[-123.08595,49.09463],[-123.08584,49.0947],[-123.08559,49.09487],[-123.08537,49.09503],[-123.08505,49.09518],[-123.08488,49.09536],[-123.08462,49.09553],[-123.08429,49.09553],[-123.08425,49.09539],[-123.08447,49.0953],[-123.08478,49.09512],[-123.08502,49.09491],[-123.08535,49.09479],[-123.08562,49.09461],[-123.08607,49.09434],[-123.08646,49.09413],[-123.08665,49.09413]],[[-123.12737,49.0799],[-123.12736,49.08007],[-123.12665,49.08075],[-123.12637,49.08117],[-123.12614,49.08177],[-123.12595,49.08229],[-123.12583,49.08226],[-123.12579,49.08202],[-123.12591,49.08165],[-123.12608,49.08148],[-123.12613,49.08112],[-123.1265,49.08067],[-123.12714,49.07995],[-123.12737,49.0799]],[[-123.12811,49.07833],[-123.12812,49.07843],[-123.12801,49.07871],[-123.12779,49.07897],[-123.12763,49.07936],[-123.12761,49.07955],[-123.12747,49.07958],[-123.1273,49.07948],[-123.12733,49.07932],[-123.1274,49.07922],[-123.12752,49.07901],[-123.12756,49.0788],[-123.12785,49.07837],[-123.12811,49.07833]]]},"properties":{"MGNT_AREA":29,"SUBAREA_":14,"NAME":"Subarea 29-14","LABEL":"29-14","SQ_KM":10.65047268}},{"type":"Feature","geometry":{"type":"Polygon","coordinates":[[[-122.89218,49.21991],[-122.89226,49.21957],[-122.89209,49.21929],[-122.89204,49.21901],[-122.89209,49.21873],[-122.89244,49.21849],[-122.89262,49.21827],[-122.89314,49.21742],[-122.89314,49.21714],[-122.89335,49.21692],[-122.89339,49.21635],[-122.89357,49.21607],[-122.89349,49.21579],[-122.89349,49.21508],[-122.89375,49.21466],[-122.89388,49.21454],[-122.89444,49.21381],[-122.89452,49.2135],[-122.89491,49.21299],[-122.89517,49.21246],[-122.89539,49.21222],[-122.89539,49.21194],[-122.89582,49.21144],[-122.89651,49.21042],[-122.89655,49.21011],[-122.89703,49.2096],[-122.89778,49.20905],[-122.89782,49.20902],[-122.89773,49.20894],[-122.89225,49.20668],[-122.8922,49.20673],[-122.89184,49.20684],[-122.8915,49.20687],[-122.89109,49.20689],[-122.89099,49.20699],[-122.89101,49.20724],[-122.89095,49.20741],[-122.89041,49.20766],[-122.88979,49.20803],[-122.88939,49.2084],[-122.88883,49.20898],[-122.88702,49.21011],[-122.88618,49.21059],[-122.88532,49.21099],[-122.88415,49.21154],[-122.88322,49.21201],[-122.88239,49.21273],[-122.88086,49.21329],[-122.8796,49.21366],[-122.87841,49.21417],[-122.8765,49.21481],[-122.87463,49.21523],[-122.87299,49.21528],[-122.87234,49.21527],[-122.86926,49.21602],[-122.86779,49.21605],[-122.86672,49.21614],[-122.86621,49.21638],[-122.8649,49.21635],[-122.86249,49.21654],[-122.86156,49.21672],[-122.86157,49.21694],[-122.86078,49.21697],[-122.86074,49.2168],[-122.85941,49.21676],[-122.85897,49.21687],[-122.8585,49.21685],[-122.85763,49.21693],[-122.85677,49.21693],[-122.85638,49.21698],[-122.85591,49.21693],[-122.85505,49.21693],[-122.85461,49.21687],[-122.85402,49.21684],[-122.85272,49.21679],[-122.85229,49.21681],[-122.85143,49.21678],[-122.851,49.21684],[-122.85014,49.21683],[-122.8497,49.21681],[-122.84841,49.21687],[-122.84755,49.21686],[-122.84711,49.21692],[-122.84625,49.21692],[-122.84582,49.21697],[-122.84409,49.217],[-122.8437,49.21708],[-122.84237,49.21711],[-122.84194,49.21708],[-122.84108,49.21694],[-122.84077,49.21708],[-122.84035,49.21719],[-122.83991,49.21725],[-122.83948,49.21719],[-122.83862,49.21724],[-122.83704,49.21753],[-122.83646,49.2175],[-122.83388,49.21766],[-122.83297,49.21786],[-122.83211,49.21775],[-122.83172,49.21774],[-122.83028,49.21793],[-122.82995,49.21799],[-122.82909,49.21799],[-122.82866,49.21803],[-122.82784,49.21813],[-122.82706,49.21819],[-122.82663,49.2183],[-122.8262,49.21835],[-122.82404,49.21835],[-122.82236,49.21815],[-122.8215,49.21815],[-122.81986,49.21806],[-122.81857,49.21792],[-122.81728,49.21783],[-122.81516,49.21754],[-122.81473,49.2176],[-122.8143,49.21754],[-122.81387,49.21732],[-122.81344,49.21726],[-122.81258,49.21709],[-122.81171,49.21698],[-122.8114,49.21698],[-122.81496,49.22406],[-122.81499,49.22441],[-122.81514,49.22433],[-122.816,49.22408],[-122.81686,49.22391],[-122.81729,49.2238],[-122.81846,49.22344],[-122.81889,49.22332],[-122.81975,49.22315],[-122.82019,49.22301],[-122.82105,49.2229],[-122.82278,49.22262],[-122.82407,49.22237],[-122.82494,49.22226],[-122.82541,49.22226],[-122.8258,49.22231],[-122.82666,49.22237],[-122.82752,49.22234],[-122.82799,49.22226],[-122.82838,49.22226],[-122.82925,49.22232],[-122.83097,49.22232],[-122.83183,49.22227],[-122.83274,49.22238],[-122.83313,49.22232],[-122.83399,49.22241],[-122.83447,49.22238],[-122.83485,49.22245],[-122.83572,49.22247],[-122.83658,49.22244],[-122.8387,49.22264],[-122.83912,49.22279],[-122.83955,49.22301],[-122.84006,49.22312],[-122.8405,49.22313],[-122.84084,49.22324],[-122.84127,49.22318],[-122.84213,49.22324],[-122.84299,49.22336],[-122.84343,49.22335],[-122.84472,49.22358],[-122.84515,49.22358],[-122.84558,49.22364],[-122.84602,49.22364],[-122.84688,49.2237],[-122.84731,49.22376],[-122.84774,49.22376],[-122.84946,49.22399],[-122.84989,49.2241],[-122.85024,49.22427],[-122.85067,49.22432],[-122.85174,49.22449],[-122.85296,49.2245],[-122.85352,49.22458],[-122.85417,49.22462],[-122.8545,49.22479],[-122.85517,49.22481],[-122.85545,49.22485],[-122.85616,49.22503],[-122.85837,49.22514],[-122.85839,49.22548],[-122.85935,49.22552],[-122.85947,49.22536],[-122.86115,49.22545],[-122.86139,49.22517],[-122.86491,49.22546],[-122.86603,49.22556],[-122.866,49.22604],[-122.87042,49.22621],[-122.87052,49.22594],[-122.87189,49.22579],[-122.87276,49.2258],[-122.87491,49.22566],[-122.87577,49.22552],[-122.87684,49.22522],[-122.87741,49.22515],[-122.87793,49.22532],[-122.87793,49.2256],[-122.87849,49.22572],[-122.87888,49.22509],[-122.87905,49.2249],[-122.87983,49.22473],[-122.88069,49.22464],[-122.88155,49.22447],[-122.88285,49.22414],[-122.88328,49.22397],[-122.88358,49.22372],[-122.88423,49.22335],[-122.88505,49.22309],[-122.88574,49.22296],[-122.88671,49.22295],[-122.88725,49.22267],[-122.88751,49.22239],[-122.8879,49.22216],[-122.88872,49.22177],[-122.88915,49.22161],[-122.88959,49.22164],[-122.88989,49.22155],[-122.8897,49.22123],[-122.88974,49.22098],[-122.89019,49.22074],[-122.89055,49.22047],[-122.8908,49.22018],[-122.8912,49.21987],[-122.89153,49.21971],[-122.8918,49.21976],[-122.89175,49.21994],[-122.89218,49.21991]],[[-122.8479,49.22014],[-122.85005,49.22021],[-122.85038,49.22038],[-122.85014,49.22129],[-122.84968,49.22122],[-122.8492,49.22106],[-122.84887,49.22105],[-122.84862,49.22121],[-122.84837,49.22144],[-122.84685,49.2207],[-122.8479,49.22014]],[[-122.88436,49.2199],[-122.88464,49.21995],[-122.88464,49.22017],[-122.88412,49.22041],[-122.88379,49.22076],[-122.8835,49.22086],[-122.88303,49.22087],[-122.88287,49.22074],[-122.8829,49.22049],[-122.88303,49.22038],[-122.88375,49.22],[-122.88436,49.2199]],[[-122.88502,49.21821],[-122.88502,49.21843],[-122.88467,49.21863],[-122.88424,49.21883],[-122.88403,49.21893],[-122.88374,49.21896],[-122.88356,49.21883],[-122.8837,49.21863],[-122.88415,49.21838],[-122.88459,49.21827],[-122.88502,49.21821]]]},"properties":{"MGNT_AREA":29,"SUBAREA_":17,"NAME":"Subarea 29-17","LABEL":"29-17","SQ_KM":5.2917579799999999}},{"type":"Feature","geometry":{"type":"Polygon","coordinates":[[[-122.57536,49.18817],[-122.57557,49.18835],[-122.57652,49.18913],[-122.57729,49.1899],[-122.57806,49.19077],[-122.57819,49.19103],[-122.57878,49.19174],[-122.57912,49.19207],[-122.57951,49.19264],[-122.58019,49.19349],[-122.58053,49.19406],[-122.58096,49.19463],[-122.58112,49.19491],[-122.5818,49.19576],[-122.58185,49.19601],[-122.58223,49.19658],[-122.58325,49.19765],[-122.58385,49.19825],[-122.58462,49.19922],[-122.58525,49.19994],[-122.58561,49.20036],[-122.58561,49.20047],[-122.5856,49.20047],[-122.58604,49.20101],[-122.58619,49.20107],[-122.58623,49.20108],[-122.58633,49.2012],[-122.58749,49.20233],[-122.58813,49.20284],[-122.58924,49.20358],[-122.58984,49.20404],[-122.59018,49.20424],[-122.59061,49.20438],[-122.59087,49.20461],[-122.59134,49.20473],[-122.59285,49.20554],[-122.59422,49.20657],[-122.59456,49.20694],[-122.59499,49.20705],[-122.59567,49.20765],[-122.5961,49.20784],[-122.59682,49.20841],[-122.59707,49.20861],[-122.59816,49.20941],[-122.59933,49.21011],[-122.60046,49.21066],[-122.60146,49.21086],[-122.60255,49.21114],[-122.60375,49.21144],[-122.60493,49.21198],[-122.6068,49.21239],[-122.60806,49.21257],[-122.60883,49.21252],[-122.60927,49.21246],[-122.6097,49.2123],[-122.61013,49.21227],[-122.61099,49.21233],[-122.61154,49.21239],[-122.6128,49.21254],[-122.61323,49.21265],[-122.61405,49.21274],[-122.61487,49.21288],[-122.61581,49.2128],[-122.61711,49.21283],[-122.61745,49.21289],[-122.61926,49.21289],[-122.62099,49.21267],[-122.62147,49.21251],[-122.62233,49.21244],[-122.62315,49.21223],[-122.62358,49.21229],[-122.62392,49.21211],[-122.62431,49.21204],[-122.62475,49.21198],[-122.62552,49.21181],[-122.626,49.21179],[-122.62643,49.21167],[-122.62687,49.21162],[-122.6273,49.21144],[-122.62773,49.21144],[-122.62817,49.21134],[-122.62859,49.21117],[-122.62903,49.21111],[-122.62933,49.21094],[-122.63058,49.21067],[-122.63101,49.21047],[-122.63188,49.21033],[-122.63231,49.21022],[-122.63274,49.21017],[-122.63284,49.21012],[-122.63482,49.20961],[-122.63516,49.20944],[-122.6356,49.20939],[-122.63599,49.20916],[-122.63685,49.20893],[-122.6394,49.20812],[-122.63983,49.20801],[-122.64069,49.20768],[-122.64156,49.20742],[-122.6429,49.2069],[-122.6432,49.20686],[-122.64424,49.20646],[-122.64527,49.2062],[-122.64562,49.20602],[-122.64739,49.20545],[-122.65171,49.20361],[-122.65375,49.20299],[-122.65574,49.20238],[-122.65847,49.20159],[-122.66109,49.20092],[-122.66349,49.20039],[-122.66532,49.20001],[-122.66694,49.19976],[-122.66851,49.19974],[-122.66866,49.19997],[-122.66849,49.20014],[-122.66817,49.20031],[-122.66808,49.20072],[-122.66821,49.20105],[-122.66859,49.20117],[-122.66899,49.20113],[-122.66906,49.20079],[-122.66916,49.20011],[-122.66943,49.19974],[-122.6713,49.19978],[-122.67266,49.19997],[-122.67451,49.20015],[-122.67634,49.20018],[-122.67792,49.20027],[-122.67908,49.20053],[-122.68029,49.20073],[-122.68121,49.20087],[-122.68243,49.2011],[-122.6829,49.20127],[-122.68329,49.20133],[-122.68415,49.20162],[-122.68459,49.20173],[-122.68539,49.20208],[-122.68626,49.20233],[-122.68671,49.20242],[-122.68834,49.20309],[-122.68858,49.20316],[-122.6894,49.20358],[-122.68987,49.20378],[-122.69202,49.20435],[-122.69276,49.20458],[-122.69353,49.20486],[-122.69521,49.20532],[-122.6956,49.20546],[-122.69646,49.20563],[-122.69676,49.20578],[-122.69714,49.20586],[-122.698,49.20615],[-122.69887,49.20632],[-122.69972,49.20655],[-122.70011,49.20675],[-122.70036,49.20694],[-122.70023,49.20752],[-122.70064,49.207],[-122.70102,49.207],[-122.70209,49.20743],[-122.70338,49.20791],[-122.70467,49.20834],[-122.70742,49.20918],[-122.70811,49.20934],[-122.7085,49.20948],[-122.70897,49.20959],[-122.70931,49.20971],[-122.70966,49.20987],[-122.71008,49.20996],[-122.71095,49.21019],[-122.71138,49.21033],[-122.71181,49.21042],[-122.71353,49.21093],[-122.71439,49.21116],[-122.71525,49.21133],[-122.71616,49.21144],[-122.71648,49.21155],[-122.71788,49.21179],[-122.71874,49.21188],[-122.71922,49.21199],[-122.72047,49.21214],[-122.72137,49.21217],[-122.7218,49.21222],[-122.72223,49.21222],[-122.72266,49.21228],[-122.72353,49.21234],[-122.72439,49.21246],[-122.7252,49.21265],[-122.72607,49.2128],[-122.72645,49.21294],[-122.72731,49.21317],[-122.72775,49.21331],[-122.72832,49.21343],[-122.73058,49.21391],[-122.73102,49.21405],[-122.73144,49.21408],[-122.73231,49.21436],[-122.7327,49.21445],[-122.73487,49.21526],[-122.73519,49.21536],[-122.73648,49.21562],[-122.73773,49.21596],[-122.73859,49.21616],[-122.73924,49.21637],[-122.74114,49.21659],[-122.74156,49.21673],[-122.742,49.21682],[-122.74286,49.21707],[-122.74415,49.21733],[-122.74534,49.21743],[-122.74669,49.21754],[-122.74799,49.2177],[-122.74912,49.21791],[-122.74962,49.21816],[-122.75005,49.21822],[-122.75195,49.21897],[-122.75242,49.21921],[-122.7534,49.21998],[-122.75469,49.22131],[-122.75504,49.22184],[-122.75568,49.22235],[-122.75598,49.22269],[-122.75667,49.22318],[-122.75688,49.22343],[-122.75718,49.22366],[-122.75809,49.22448],[-122.75831,49.22479],[-122.75874,49.22507],[-122.75899,49.22536],[-122.75929,49.22558],[-122.75981,49.2261],[-122.76109,49.22715],[-122.76127,49.22737],[-122.76161,49.22793],[-122.76178,49.2285],[-122.76186,49.22897],[-122.76187,49.22905],[-122.7616,49.22996],[-122.76106,49.23077],[-122.76066,49.2312],[-122.76031,49.2319],[-122.75967,49.23244],[-122.75886,49.23302],[-122.75796,49.23365],[-122.7567,49.23417],[-122.75508,49.23476],[-122.75363,49.23528],[-122.75284,49.23557],[-122.75185,49.23586],[-122.75106,49.23596],[-122.75004,49.23625],[-122.74841,49.23689],[-122.74706,49.23745],[-122.74577,49.23796],[-122.74474,49.23843],[-122.74417,49.23845],[-122.74338,49.23858],[-122.74252,49.23893],[-122.74104,49.23951],[-122.73893,49.24015],[-122.73748,49.24067],[-122.73543,49.24133],[-122.73455,49.24157],[-122.73434,49.24151],[-122.73406,49.24141],[-122.73362,49.24155],[-122.73353,49.24178],[-122.73379,49.24188],[-122.73385,49.24191],[-122.73412,49.24205],[-122.73338,49.24261],[-122.73242,49.24321],[-122.73164,49.24371],[-122.73056,49.2441],[-122.73024,49.24444],[-122.72977,49.24496],[-122.72974,49.24554],[-122.72958,49.24565],[-122.72897,49.24557],[-122.72897,49.24575],[-122.72934,49.246],[-122.72913,49.24613],[-122.72849,49.24655],[-122.72823,49.24675],[-122.72835,49.24694],[-122.72891,49.24677],[-122.72901,49.24701],[-122.72765,49.24738],[-122.72739,49.2476],[-122.72721,49.24788],[-122.72601,49.24858],[-122.72557,49.24878],[-122.7247,49.24931],[-122.72393,49.24992],[-122.72234,49.25011],[-122.72183,49.25022],[-122.7208,49.25033],[-122.72033,49.25058],[-122.7199,49.25092],[-122.71964,49.25098],[-122.7193,49.25125],[-122.71887,49.25142],[-122.71844,49.25167],[-122.71749,49.25209],[-122.71706,49.25243],[-122.71689,49.2527],[-122.71646,49.25288],[-122.71629,49.25318],[-122.7156,49.2538],[-122.71487,49.2543],[-122.71396,49.25545],[-122.71379,49.25559],[-122.71228,49.25794],[-122.71223,49.25842],[-122.71098,49.26052],[-122.71085,49.26088],[-122.71015,49.26183],[-122.70996,49.26243],[-122.70957,49.2627],[-122.70943,49.26305],[-122.70901,49.26354],[-122.70842,49.26384],[-122.7078,49.26496],[-122.70797,49.26497],[-122.70808,49.26509],[-122.70782,49.26547],[-122.70769,49.26609],[-122.70732,49.26665],[-122.70646,49.26745],[-122.70597,49.26803],[-122.70499,49.26899],[-122.70423,49.26989],[-122.70331,49.27072],[-122.70221,49.27168],[-122.70118,49.27254],[-122.70005,49.27345],[-122.69856,49.27454],[-122.69742,49.27548],[-122.69655,49.27609],[-122.69601,49.27655],[-122.69515,49.27711],[-122.69437,49.27777],[-122.69344,49.27849],[-122.69273,49.27906],[-122.69177,49.27982],[-122.69072,49.28043],[-122.69024,49.2808],[-122.68982,49.28113],[-122.68941,49.28127],[-122.68879,49.28142],[-122.68787,49.28183],[-122.68684,49.28224],[-122.68565,49.28282],[-122.68458,49.28322],[-122.68333,49.28368],[-122.68237,49.28384],[-122.68169,49.28404],[-122.68085,49.28434],[-122.67943,49.28476],[-122.67855,49.28495],[-122.67847,49.28497],[-122.6777,49.28526],[-122.67632,49.28551],[-122.674,49.2859],[-122.67223,49.28616],[-122.67058,49.2862],[-122.6688,49.28634],[-122.66728,49.28654],[-122.66559,49.28664],[-122.66393,49.28679],[-122.66379,49.28709],[-122.66361,49.28712],[-122.66337,49.28707],[-122.66302,49.28691],[-122.66277,49.28695],[-122.6624,49.28721],[-122.66199,49.28759],[-122.66159,49.28796],[-122.66116,49.28821],[-122.66087,49.2885],[-122.66033,49.28879],[-122.66016,49.28896],[-122.66007,49.28914],[-122.66017,49.2892],[-122.66035,49.28911],[-122.6607,49.28916],[-122.66088,49.28948],[-122.66076,49.2897],[-122.66054,49.28976],[-122.66048,49.28985],[-122.66033,49.29004],[-122.66008,49.29008],[-122.65991,49.29021],[-122.65983,49.29035],[-122.65958,49.29041],[-122.65942,49.29057],[-122.65912,49.29058],[-122.65908,49.29069],[-122.65892,49.29084],[-122.65849,49.29084],[-122.65835,49.29094],[-122.65766,49.29173],[-122.65672,49.29244],[-122.65601,49.2929],[-122.65601,49.29309],[-122.656,49.29342],[-122.65612,49.2936],[-122.65608,49.29396],[-122.65606,49.29455],[-122.65618,49.29509],[-122.65636,49.29572],[-122.6565,49.29617],[-122.65681,49.29658],[-122.657,49.29705],[-122.65724,49.29763],[-122.65749,49.29828],[-122.65765,49.29866],[-122.65783,49.29918],[-122.6581,49.29983],[-122.65825,49.29996],[-122.65865,49.30032],[-122.65928,49.30058],[-122.65976,49.30055],[-122.66003,49.30067],[-122.6606,49.30061],[-122.66083,49.30072],[-122.6613,49.30087],[-122.66233,49.30088],[-122.6631,49.30095],[-122.66349,49.30107],[-122.66421,49.30122],[-122.66472,49.30148],[-122.66514,49.30167],[-122.6656,49.3018],[-122.66608,49.30203],[-122.66666,49.30229],[-122.66733,49.30263],[-122.66814,49.30317],[-122.66917,49.30389],[-122.67013,49.30457],[-122.67069,49.30492],[-122.67094,49.30493],[-122.67149,49.30507],[-122.67179,49.30551],[-122.67253,49.30613],[-122.67306,49.3067],[-122.67349,49.30706],[-122.67398,49.30737],[-122.67413,49.30771],[-122.67397,49.30812],[-122.67389,49.30851],[-122.67406,49.30894],[-122.67422,49.30941],[-122.67443,49.31005],[-122.67448,49.31099],[-122.67448,49.31164],[-122.67454,49.31231],[-122.67457,49.31296],[-122.67453,49.31367],[-122.67435,49.31396],[-122.67423,49.31424],[-122.67423,49.31462],[-122.67406,49.31517],[-122.67364,49.31553],[-122.67324,49.31597],[-122.67275,49.31659],[-122.67215,49.31702],[-122.67159,49.31728],[-122.67113,49.31734],[-122.67081,49.31744],[-122.67026,49.31745],[-122.66997,49.31757],[-122.66944,49.31788],[-122.66876,49.31814],[-122.66818,49.31829],[-122.66775,49.31842],[-122.66762,49.31869],[-122.66748,49.31919],[-122.66728,49.31964],[-122.66716,49.31979],[-122.66657,49.31996],[-122.66644,49.32006],[-122.66641,49.32009],[-122.66637,49.32027],[-122.66636,49.32059],[-122.66611,49.32076],[-122.66575,49.32086],[-122.66547,49.32119],[-122.66508,49.32146],[-122.66476,49.32172],[-122.66441,49.32213],[-122.66397,49.32244],[-122.66344,49.32294],[-122.66298,49.32319],[-122.66238,49.32344],[-122.66201,49.32372],[-122.66161,49.32412],[-122.66144,49.32437],[-122.66114,49.32441],[-122.66068,49.32462],[-122.66032,49.32482],[-122.66021,49.32505],[-122.66011,49.32526],[-122.65979,49.32534],[-122.65927,49.32558],[-122.65867,49.32586],[-122.65807,49.32615],[-122.65767,49.32642],[-122.65669,49.32706],[-122.65556,49.32785],[-122.65453,49.32855],[-122.65355,49.32918],[-122.65284,49.32969],[-122.65225,49.33017],[-122.6518,49.3306],[-122.65158,49.33106],[-122.65123,49.33138],[-122.65055,49.33168],[-122.65025,49.33173],[-122.65026,49.33157],[-122.65071,49.33128],[-122.65114,49.33108],[-122.65119,49.33089],[-122.65096,49.33092],[-122.65024,49.33136],[-122.64956,49.33192],[-122.64893,49.3324],[-122.64824,49.33278],[-122.64709,49.33334],[-122.64619,49.33369],[-122.64492,49.3339],[-122.64432,49.334],[-122.64438,49.33414],[-122.64471,49.3342],[-122.64538,49.33409],[-122.64639,49.33386],[-122.64664,49.33387],[-122.64654,49.33407],[-122.64593,49.33437],[-122.64507,49.3347],[-122.64445,49.3349],[-122.64382,49.33521],[-122.64298,49.33569],[-122.64239,49.33583],[-122.64229,49.3357],[-122.64251,49.33552],[-122.64296,49.3353],[-122.64355,49.33496],[-122.64366,49.33467],[-122.6433,49.3346],[-122.64201,49.33466],[-122.64124,49.33482],[-122.64118,49.33511],[-122.64143,49.33554],[-122.64161,49.33603],[-122.64159,49.33618],[-122.64143,49.33616],[-122.64127,49.33585],[-122.64094,49.33534],[-122.64079,49.33488],[-122.64092,49.33469],[-122.64122,49.33449],[-122.64185,49.33435],[-122.64195,49.33423],[-122.6422,49.33416],[-122.64239,49.33413],[-122.64218,49.33387],[-122.64198,49.33387],[-122.64175,49.33394],[-122.64146,49.33405],[-122.64134,49.33395],[-122.64106,49.33394],[-122.64048,49.33406],[-122.64053,49.33419],[-122.641,49.33424],[-122.64108,49.33432],[-122.64066,49.33437],[-122.64015,49.33435],[-122.64009,49.3346],[-122.64001,49.33465],[-122.63969,49.33461],[-122.63956,49.33466],[-122.63948,49.33488],[-122.63921,49.33494],[-122.63828,49.33498],[-122.63769,49.33506],[-122.63684,49.33526],[-122.63515,49.3361],[-122.63435,49.33666],[-122.63328,49.33741],[-122.63255,49.33804],[-122.63226,49.33832],[-122.63256,49.33842],[-122.63294,49.33808],[-122.63355,49.33752],[-122.63455,49.3369],[-122.63561,49.33616],[-122.63676,49.33565],[-122.63747,49.33545],[-122.63794,49.33535],[-122.63871,49.33524],[-122.63918,49.33509],[-122.63924,49.33514],[-122.63968,49.33498],[-122.63966,49.33509],[-122.63939,49.33533],[-122.63965,49.33541],[-122.63787,49.33585],[-122.6376,49.33585],[-122.63712,49.3358],[-122.63638,49.336],[-122.63582,49.33634],[-122.63523,49.33672],[-122.63438,49.33736],[-122.63353,49.33788],[-122.6328,49.33845],[-122.63276,49.33848],[-122.64336,49.3418],[-122.64347,49.34163],[-122.64368,49.34155],[-122.64439,49.34156],[-122.64489,49.34151],[-122.6455,49.34122],[-122.64595,49.3411],[-122.64623,49.34108],[-122.64663,49.34126],[-122.64714,49.34112],[-122.64773,49.3408],[-122.64813,49.34047],[-122.64857,49.34006],[-122.64954,49.3395],[-122.65028,49.33916],[-122.65097,49.33881],[-122.6518,49.33855],[-122.65247,49.33839],[-122.65312,49.33807],[-122.65369,49.33787],[-122.65454,49.33755],[-122.65535,49.33716],[-122.65614,49.33665],[-122.65671,49.33617],[-122.65731,49.33577],[-122.65795,49.33543],[-122.65823,49.33521],[-122.6584,49.33497],[-122.65874,49.33471],[-122.65906,49.33428],[-122.65938,49.33387],[-122.65965,49.33348],[-122.65974,49.33314],[-122.65997,49.33286],[-122.66042,49.33248],[-122.66061,49.33246],[-122.6638,49.33008],[-122.6668,49.32869],[-122.66679,49.32855],[-122.66699,49.32838],[-122.66737,49.32824],[-122.66775,49.32806],[-122.66828,49.32778],[-122.66867,49.32743],[-122.66922,49.32728],[-122.66975,49.32713],[-122.66978,49.32702],[-122.66929,49.32695],[-122.66896,49.32689],[-122.66883,49.32662],[-122.66873,49.32637],[-122.66836,49.32619],[-122.66834,49.32589],[-122.6685,49.32579],[-122.66855,49.32553],[-122.66846,49.32503],[-122.66868,49.32466],[-122.66866,49.3246],[-122.66859,49.32433],[-122.66869,49.32405],[-122.66899,49.32354],[-122.66937,49.32335],[-122.66951,49.32282],[-122.66972,49.32253],[-122.67041,49.32203],[-122.67058,49.32175],[-122.67084,49.32147],[-122.67153,49.32103],[-122.67197,49.32092],[-122.67236,49.32066],[-122.67287,49.32019],[-122.6733,49.31971],[-122.67348,49.31943],[-122.67408,49.31905],[-122.67447,49.31898],[-122.67529,49.31862],[-122.6761,49.31848],[-122.67653,49.31835],[-122.67765,49.31762],[-122.67939,49.316],[-122.67998,49.31584],[-122.68041,49.31561],[-122.68011,49.31502],[-122.68006,49.31456],[-122.68026,49.31424],[-122.68033,49.31394],[-122.68073,49.3135],[-122.68073,49.3135],[-122.68071,49.31348],[-122.68022,49.31309],[-122.68015,49.31282],[-122.68033,49.31213],[-122.68058,49.31166],[-122.68044,49.31163],[-122.68002,49.31168],[-122.67988,49.3116],[-122.67993,49.31148],[-122.67998,49.31136],[-122.67982,49.31129],[-122.67973,49.31121],[-122.6799,49.31107],[-122.68028,49.31082],[-122.68031,49.31068],[-122.68018,49.31051],[-122.68018,49.31023],[-122.68036,49.30994],[-122.6807,49.30967],[-122.6814,49.30928],[-122.68166,49.30846],[-122.68166,49.30795],[-122.68149,49.30767],[-122.68102,49.3072],[-122.68069,49.30666],[-122.68056,49.30639],[-122.68024,49.3062],[-122.68011,49.30583],[-122.67989,49.30563],[-122.67954,49.30529],[-122.67919,49.30506],[-122.67898,49.30481],[-122.67886,49.30425],[-122.67868,49.30399],[-122.67851,49.30343],[-122.67818,49.3029],[-122.6777,49.30233],[-122.67767,49.30196],[-122.6776,49.3016],[-122.67725,49.30133],[-122.67692,49.30099],[-122.67668,49.30055],[-122.67633,49.30013],[-122.67571,49.29946],[-122.67524,49.29897],[-122.67494,49.29887],[-122.67458,49.29879],[-122.67417,49.29848],[-122.67353,49.29817],[-122.67233,49.29774],[-122.67037,49.29732],[-122.66828,49.29729],[-122.66775,49.297],[-122.66732,49.29689],[-122.66698,49.29667],[-122.66655,49.2965],[-122.66527,49.29621],[-122.66474,49.29593],[-122.66382,49.29491],[-122.66373,49.29464],[-122.6637,49.29385],[-122.66393,49.29362],[-122.66451,49.29327],[-122.66544,49.29294],[-122.66614,49.29275],[-122.667,49.29271],[-122.66748,49.29274],[-122.66791,49.29253],[-122.6685,49.2925],[-122.66912,49.29236],[-122.66969,49.29239],[-122.67016,49.29231],[-122.67056,49.29211],[-122.6709,49.29212],[-122.67133,49.29199],[-122.67181,49.29202],[-122.67259,49.29172],[-122.67297,49.2916],[-122.67572,49.291],[-122.67658,49.29097],[-122.67744,49.29072],[-122.6783,49.29058],[-122.68096,49.29031],[-122.6816,49.29015],[-122.68247,49.29006],[-122.68371,49.28981],[-122.68504,49.28987],[-122.68623,49.28946],[-122.68727,49.28931],[-122.68771,49.28928],[-122.68821,49.28923],[-122.68853,49.28917],[-122.68845,49.28928],[-122.6886,49.28959],[-122.68877,49.2896],[-122.68889,49.28933],[-122.68902,49.28919],[-122.69034,49.28863],[-122.6913,49.28841],[-122.69216,49.28815],[-122.69345,49.28787],[-122.69504,49.28735],[-122.69766,49.28671],[-122.69873,49.28624],[-122.6992,49.28609],[-122.69964,49.28604],[-122.70131,49.2854],[-122.70196,49.28512],[-122.70341,49.28437],[-122.70557,49.28278],[-122.70673,49.28189],[-122.70728,49.2815],[-122.70763,49.28123],[-122.70789,49.28096],[-122.70833,49.28073],[-122.70854,49.28043],[-122.70931,49.27987],[-122.70979,49.2796],[-122.71016,49.27954],[-122.71007,49.27944],[-122.70962,49.27936],[-122.70922,49.27921],[-122.70922,49.27908],[-122.70947,49.27906],[-122.71009,49.2792],[-122.7104,49.27863],[-122.71033,49.27834],[-122.7114,49.27623],[-122.71178,49.27567],[-122.71211,49.27493],[-122.71226,49.27483],[-122.71233,49.27467],[-122.71291,49.27346],[-122.71309,49.27323],[-122.71313,49.27295],[-122.71339,49.27245],[-122.71352,49.27192],[-122.71369,49.27166],[-122.71323,49.27167],[-122.71383,49.27096],[-122.71413,49.27071],[-122.71469,49.26995],[-122.71491,49.26971],[-122.71503,49.26942],[-122.71535,49.26863],[-122.71555,49.26865],[-122.7158,49.26844],[-122.71602,49.26817],[-122.7162,49.26796],[-122.71638,49.26763],[-122.71651,49.26738],[-122.71741,49.26673],[-122.71786,49.26617],[-122.71815,49.26555],[-122.71865,49.26482],[-122.7197,49.26302],[-122.72044,49.26222],[-122.72126,49.26083],[-122.72147,49.26054],[-122.72169,49.26001],[-122.72212,49.25925],[-122.72251,49.25883],[-122.7226,49.2583],[-122.72256,49.25802],[-122.72278,49.25752],[-122.72312,49.25698],[-122.72321,49.25671],[-122.72342,49.25637],[-122.72369,49.2555],[-122.72399,49.25508],[-122.72433,49.25486],[-122.72476,49.25474],[-122.72502,49.25444],[-122.72571,49.25399],[-122.72614,49.25343],[-122.72688,49.25295],[-122.727,49.2527],[-122.72743,49.25225],[-122.7282,49.25167],[-122.7289,49.25128],[-122.72915,49.25105],[-122.72948,49.2509],[-122.72993,49.24992],[-122.73061,49.24941],[-122.73131,49.24894],[-122.73152,49.24868],[-122.73196,49.24846],[-122.73239,49.24834],[-122.73334,49.24761],[-122.73377,49.24745],[-122.73421,49.24733],[-122.73462,49.24733],[-122.73481,49.24711],[-122.73499,49.24694],[-122.73576,49.24677],[-122.73745,49.24623],[-122.73827,49.24607],[-122.7387,49.24604],[-122.74086,49.24562],[-122.7413,49.2456],[-122.74242,49.24534],[-122.74354,49.24504],[-122.7438,49.24492],[-122.74387,49.24485],[-122.74527,49.24431],[-122.74583,49.244],[-122.74709,49.24351],[-122.74803,49.24324],[-122.74829,49.2431],[-122.74916,49.24287],[-122.74959,49.24273],[-122.75046,49.2424],[-122.7508,49.24217],[-122.75124,49.24209],[-122.75205,49.24175],[-122.75292,49.24147],[-122.75465,49.24073],[-122.75495,49.24049],[-122.75568,49.2402],[-122.75616,49.24009],[-122.75633,49.23987],[-122.75668,49.23976],[-122.7578,49.23902],[-122.75902,49.23846],[-122.75944,49.23835],[-122.75951,49.23817],[-122.76196,49.23666],[-122.76304,49.23632],[-122.7639,49.23598],[-122.76472,49.23582],[-122.76488,49.2357],[-122.76628,49.23469],[-122.76714,49.23427],[-122.76758,49.23424],[-122.76792,49.23379],[-122.76844,49.23339],[-122.76879,49.2332],[-122.76944,49.23269],[-122.76978,49.23249],[-122.77077,49.23182],[-122.77122,49.2315],[-122.77182,49.23106],[-122.77298,49.2299],[-122.77341,49.22958],[-122.77372,49.22936],[-122.7755,49.22872],[-122.77635,49.22855],[-122.77808,49.22833],[-122.7798,49.228],[-122.7811,49.22783],[-122.78196,49.22781],[-122.78239,49.22772],[-122.78373,49.22762],[-122.78416,49.22761],[-122.78451,49.22744],[-122.78537,49.22753],[-122.78662,49.22719],[-122.78748,49.22711],[-122.78796,49.22711],[-122.7883,49.22702],[-122.78917,49.22691],[-122.79089,49.2268],[-122.79176,49.22683],[-122.79391,49.22672],[-122.79478,49.22655],[-122.79585,49.22642],[-122.7981,49.22594],[-122.79896,49.22594],[-122.79939,49.22591],[-122.79982,49.22594],[-122.80112,49.22581],[-122.80198,49.22581],[-122.80245,49.2259],[-122.80284,49.22581],[-122.80392,49.22584],[-122.80458,49.22612],[-122.80458,49.22612],[-122.80571,49.22604],[-122.8057,49.22603],[-122.80588,49.22574],[-122.80667,49.22551],[-122.80842,49.22535],[-122.81007,49.2252],[-122.81151,49.22512],[-122.81307,49.22478],[-122.81486,49.22449],[-122.81499,49.22441],[-122.81496,49.22406],[-122.8114,49.21698],[-122.81107,49.21698],[-122.81085,49.21695],[-122.81038,49.21687],[-122.8087,49.2166],[-122.80784,49.21643],[-122.8074,49.2164],[-122.80695,49.21625],[-122.80529,49.21609],[-122.80447,49.21589],[-122.80275,49.21566],[-122.80189,49.21538],[-122.80146,49.21526],[-122.80017,49.21509],[-122.79974,49.21498],[-122.79931,49.21492],[-122.79887,49.21493],[-122.79845,49.21486],[-122.79715,49.21461],[-122.79543,49.21441],[-122.79459,49.21429],[-122.79357,49.21415],[-122.79319,49.21406],[-122.79275,49.21406],[-122.79228,49.21395],[-122.79142,49.21392],[-122.79103,49.21394],[-122.7906,49.21389],[-122.79012,49.21389],[-122.78926,49.2138],[-122.78883,49.21371],[-122.78716,49.21354],[-122.78681,49.21349],[-122.78633,49.21346],[-122.78547,49.21334],[-122.78418,49.21325],[-122.78379,49.21317],[-122.7825,49.21306],[-122.78164,49.21289],[-122.77991,49.21268],[-122.77862,49.2126],[-122.77819,49.21254],[-122.77733,49.21257],[-122.77647,49.21243],[-122.77603,49.2124],[-122.77517,49.21228],[-122.77345,49.21214],[-122.77263,49.21197],[-122.7722,49.21194],[-122.77134,49.2118],[-122.77009,49.21169],[-122.76846,49.21163],[-122.76811,49.21171],[-122.76763,49.21173],[-122.76633,49.21193],[-122.76586,49.21187],[-122.76457,49.21201],[-122.76371,49.21204],[-122.76327,49.21209],[-122.76221,49.21215],[-122.76059,49.21235],[-122.75933,49.21257],[-122.75807,49.21273],[-122.75637,49.21304],[-122.75594,49.21304],[-122.75465,49.2132],[-122.7512,49.21311],[-122.75076,49.21314],[-122.74991,49.21305],[-122.74947,49.21305],[-122.74861,49.21288],[-122.74771,49.21279],[-122.74685,49.21276],[-122.74512,49.21251],[-122.74426,49.21227],[-122.7434,49.21199],[-122.74254,49.21182],[-122.74129,49.21148],[-122.74086,49.21131],[-122.74034,49.21117],[-122.73793,49.21034],[-122.73621,49.20966],[-122.73578,49.20955],[-122.73544,49.20937],[-122.73479,49.20893],[-122.73456,49.20882],[-122.73448,49.20878],[-122.73415,49.20875],[-122.7338,49.20864],[-122.73346,49.20841],[-122.73312,49.20824],[-122.7326,49.2079],[-122.73157,49.20708],[-122.73097,49.20651],[-122.73071,49.2062],[-122.73037,49.20566],[-122.72994,49.20512],[-122.72977,49.20484],[-122.72951,49.20456],[-122.72892,49.20374],[-122.72883,49.20345],[-122.72849,49.20289],[-122.72836,49.20235],[-122.7279,49.20125],[-122.72755,49.20015],[-122.72704,49.1993],[-122.727,49.19896],[-122.72705,49.19839],[-122.72697,49.19811],[-122.72701,49.1978],[-122.72693,49.19724],[-122.72697,49.19698],[-122.72685,49.19667],[-122.72676,49.1961],[-122.72659,49.19585],[-122.7265,49.19429],[-122.72623,49.19351],[-122.72601,49.19284],[-122.72594,49.19176],[-122.72579,49.19133],[-122.72562,49.19099],[-122.72527,49.1898],[-122.72469,49.18907],[-122.72392,49.18771],[-122.72332,49.18709],[-122.72298,49.1868],[-122.72255,49.18629],[-122.72147,49.18573],[-122.72066,49.18542],[-122.71989,49.18499],[-122.71945,49.18484],[-122.7186,49.18462],[-122.71816,49.18442],[-122.71773,49.18431],[-122.71739,49.18408],[-122.71653,49.18371],[-122.71529,49.18325],[-122.71442,49.183],[-122.714,49.18291],[-122.71356,49.18288],[-122.71279,49.1826],[-122.71154,49.18231],[-122.71111,49.18225],[-122.71064,49.18221],[-122.7096,49.18211],[-122.70874,49.182],[-122.70683,49.18193],[-122.70611,49.1819],[-122.70396,49.18212],[-122.70353,49.18209],[-122.70095,49.18223],[-122.70009,49.18222],[-122.69923,49.18231],[-122.69888,49.18239],[-122.69759,49.18256],[-122.69672,49.18259],[-122.69479,49.1828],[-122.69392,49.1828],[-122.69263,49.18294],[-122.69224,49.18294],[-122.69181,49.18299],[-122.69051,49.18333],[-122.68836,49.18361],[-122.68706,49.18372],[-122.68578,49.18394],[-122.68543,49.18405],[-122.68456,49.18414],[-122.68422,49.18427],[-122.68378,49.18433],[-122.68344,49.18444],[-122.68172,49.18472],[-122.68013,49.18513],[-122.67973,49.18539],[-122.67959,49.18541],[-122.67748,49.18618],[-122.67636,49.18679],[-122.67502,49.18716],[-122.67424,49.18758],[-122.67338,49.18789],[-122.67252,49.18837],[-122.67152,49.18883],[-122.67027,49.18948],[-122.66979,49.1896],[-122.66953,49.18983],[-122.66876,49.19019],[-122.66793,49.19064],[-122.66754,49.19078],[-122.66728,49.19094],[-122.66608,49.19145],[-122.66569,49.19161],[-122.66448,49.19197],[-122.66412,49.1921],[-122.66374,49.19223],[-122.66331,49.19229],[-122.66219,49.1928],[-122.66175,49.19291],[-122.66016,49.19359],[-122.65847,49.19432],[-122.65804,49.19454],[-122.65674,49.19513],[-122.6563,49.19527],[-122.65596,49.19546],[-122.65456,49.19606],[-122.65334,49.19658],[-122.65166,49.19735],[-122.65086,49.19779],[-122.65036,49.19815],[-122.64979,49.19836],[-122.64893,49.19887],[-122.64752,49.19945],[-122.64613,49.20016],[-122.64443,49.20096],[-122.64393,49.20127],[-122.64151,49.20228],[-122.64116,49.20251],[-122.63965,49.20287],[-122.63762,49.20371],[-122.63692,49.20408],[-122.63654,49.20419],[-122.63572,49.20452],[-122.63528,49.20467],[-122.63485,49.20486],[-122.63442,49.20497],[-122.63399,49.2052],[-122.63355,49.20528],[-122.63287,49.20562],[-122.63243,49.2057],[-122.63204,49.20581],[-122.63005,49.20651],[-122.62966,49.20668],[-122.6288,49.20685],[-122.62846,49.20698],[-122.62716,49.20732],[-122.62586,49.20749],[-122.625,49.20766],[-122.62413,49.20777],[-122.6237,49.20785],[-122.62241,49.20794],[-122.62197,49.20793],[-122.62111,49.20801],[-122.62068,49.2081],[-122.6199,49.20815],[-122.61938,49.20835],[-122.61852,49.20848],[-122.61421,49.20873],[-122.61201,49.20895],[-122.61114,49.20897],[-122.60899,49.20896],[-122.60813,49.20884],[-122.60727,49.20868],[-122.60683,49.20856],[-122.60598,49.20827],[-122.60512,49.20796],[-122.60469,49.20776],[-122.6034,49.2073],[-122.60258,49.20693],[-122.60155,49.20628],[-122.6012,49.20611],[-122.60086,49.20588],[-122.6006,49.20563],[-122.59975,49.20506],[-122.59846,49.20401],[-122.59795,49.20347],[-122.59726,49.20293],[-122.59675,49.2024],[-122.59637,49.20211],[-122.59555,49.20134],[-122.5945,49.20046],[-122.59421,49.20012],[-122.59384,49.1997],[-122.5935,49.19942],[-122.59333,49.19919],[-122.5932,49.19888],[-122.59282,49.19837],[-122.59273,49.19811],[-122.59248,49.19777],[-122.59214,49.19718],[-122.59193,49.19661],[-122.59163,49.19605],[-122.59163,49.19579],[-122.59154,49.19551],[-122.59155,49.19523],[-122.5913,49.19438],[-122.5913,49.1941],[-122.59105,49.19325],[-122.59105,49.19291],[-122.59088,49.19263],[-122.59088,49.19234],[-122.59071,49.19206],[-122.59042,49.19122],[-122.59026,49.19034],[-122.59017,49.1898],[-122.59018,49.18924],[-122.59005,49.18895],[-122.59004,49.1889],[-122.59001,49.18867],[-122.59006,49.18839],[-122.59006,49.18834],[-122.59006,49.18814],[-122.58838,49.18814],[-122.58836,49.18827],[-122.58812,49.18835],[-122.58789,49.18814],[-122.57552,49.18813],[-122.57536,49.18817]],[[-122.72733,49.20913],[-122.72681,49.2093],[-122.72639,49.20924],[-122.72595,49.20913],[-122.72419,49.20889],[-122.72333,49.20884],[-122.72289,49.20875],[-122.72204,49.20866],[-122.72165,49.20866],[-122.71992,49.20844],[-122.71945,49.20832],[-122.71859,49.20817],[-122.71687,49.20809],[-122.71519,49.20786],[-122.71471,49.20783],[-122.71381,49.20771],[-122.71338,49.2076],[-122.71157,49.207],[-122.71026,49.20635],[-122.70916,49.2057],[-122.70856,49.20544],[-122.7074,49.20504],[-122.7065,49.20467],[-122.70606,49.20453],[-122.70538,49.20416],[-122.70495,49.20401],[-122.70452,49.20393],[-122.70366,49.2037],[-122.7028,49.20339],[-122.70237,49.20319],[-122.70159,49.20277],[-122.70083,49.20243],[-122.69997,49.20197],[-122.6991,49.20166],[-122.69829,49.20129],[-122.69747,49.20086],[-122.69662,49.20046],[-122.69559,49.20022],[-122.69363,49.19964],[-122.69334,49.1995],[-122.69292,49.19938],[-122.69257,49.19921],[-122.6921,49.1991],[-122.69124,49.19876],[-122.69085,49.1987],[-122.69042,49.19859],[-122.68995,49.19856],[-122.68909,49.19838],[-122.68736,49.19793],[-122.68646,49.19778],[-122.68603,49.19767],[-122.6856,49.19761],[-122.68431,49.19724],[-122.68327,49.19707],[-122.68044,49.19621],[-122.67957,49.1961],[-122.67876,49.19581],[-122.67837,49.19561],[-122.67781,49.1951],[-122.67756,49.19482],[-122.6767,49.19448],[-122.67584,49.19428],[-122.67545,49.19414],[-122.67412,49.1939],[-122.67373,49.1939],[-122.67329,49.19379],[-122.67291,49.19359],[-122.67236,49.19342],[-122.67147,49.19296],[-122.67272,49.19221],[-122.67323,49.19188],[-122.67356,49.19186],[-122.67347,49.19218],[-122.67323,49.1925],[-122.67336,49.19262],[-122.67394,49.19243],[-122.67451,49.1921],[-122.67495,49.19193],[-122.67529,49.19171],[-122.67564,49.19154],[-122.67599,49.19148],[-122.67638,49.19126],[-122.67716,49.19098],[-122.67737,49.19081],[-122.67771,49.1907],[-122.6778,49.1905],[-122.67854,49.18999],[-122.6791,49.18954],[-122.67975,49.18915],[-122.68126,49.18834],[-122.68299,49.18755],[-122.68381,49.18729],[-122.68463,49.18694],[-122.68546,49.18671],[-122.68632,49.1866],[-122.68675,49.18649],[-122.68848,49.18615],[-122.68938,49.18604],[-122.68977,49.18593],[-122.69054,49.18585],[-122.69141,49.18568],[-122.69145,49.18567],[-122.69167,49.18565],[-122.69309,49.18554],[-122.69417,49.18538],[-122.69697,49.1851],[-122.69869,49.18499],[-122.69913,49.18499],[-122.69955,49.18494],[-122.70081,49.18486],[-122.70123,49.18489],[-122.70209,49.18489],[-122.70252,49.18483],[-122.70338,49.18481],[-122.70377,49.1847],[-122.70464,49.18467],[-122.71006,49.18501],[-122.71101,49.18511],[-122.71187,49.18525],[-122.71229,49.18536],[-122.7129,49.18545],[-122.7141,49.18576],[-122.71536,49.18622],[-122.71583,49.18634],[-122.71621,49.18656],[-122.71751,49.18713],[-122.71789,49.18724],[-122.71832,49.18753],[-122.71875,49.18776],[-122.71973,49.18855],[-122.72038,49.189],[-122.72081,49.18954],[-122.72111,49.18977],[-122.7224,49.19109],[-122.72278,49.19181],[-122.72329,49.19307],[-122.72341,49.19364],[-122.72345,49.19421],[-122.72353,49.19455],[-122.72353,49.19483],[-122.72362,49.19511],[-122.72357,49.19536],[-122.7237,49.1959],[-122.72369,49.19697],[-122.72361,49.19726],[-122.72363,49.19789],[-122.7236,49.1981],[-122.72369,49.19839],[-122.72369,49.19867],[-122.72377,49.19895],[-122.72372,49.19923],[-122.72385,49.19977],[-122.72398,49.20096],[-122.72423,49.20152],[-122.72457,49.20265],[-122.7247,49.20296],[-122.72466,49.20319],[-122.72504,49.2041],[-122.72499,49.20432],[-122.7252,49.20489],[-122.72542,49.20517],[-122.72554,49.20573],[-122.72572,49.20607],[-122.7258,49.20636],[-122.72597,49.20655],[-122.72623,49.20712],[-122.72634,49.20753],[-122.72678,49.20823],[-122.72704,49.2085],[-122.72733,49.20913]],[[-122.79164,49.21926],[-122.79166,49.21929],[-122.79096,49.21976],[-122.79057,49.2199],[-122.78979,49.22033],[-122.78958,49.2205],[-122.7879,49.22146],[-122.78642,49.22239],[-122.78556,49.22284],[-122.78474,49.22318],[-122.78375,49.22369],[-122.78349,49.22382],[-122.7828,49.22427],[-122.78228,49.22453],[-122.78107,49.22492],[-122.78037,49.22525],[-122.7793,49.22563],[-122.77852,49.22588],[-122.77774,49.22607],[-122.77692,49.22621],[-122.77541,49.22629],[-122.77434,49.22607],[-122.77347,49.22603],[-122.77304,49.22609],[-122.77218,49.22606],[-122.77132,49.2262],[-122.76986,49.22622],[-122.76804,49.22603],[-122.76718,49.22574],[-122.76675,49.22565],[-122.76649,49.22543],[-122.76591,49.22511],[-122.76528,49.22458],[-122.76451,49.22407],[-122.76417,49.22379],[-122.76266,49.22217],[-122.76232,49.22161],[-122.76134,49.22042],[-122.76083,49.21988],[-122.76031,49.21951],[-122.75945,49.21914],[-122.75919,49.2188],[-122.75906,49.21849],[-122.75941,49.21799],[-122.75969,49.21786],[-122.75971,49.21784],[-122.76006,49.21762],[-122.76088,49.21737],[-122.76308,49.21712],[-122.76351,49.21701],[-122.76385,49.21684],[-122.76472,49.21672],[-122.7655,49.21644],[-122.76636,49.21636],[-122.76718,49.21613],[-122.76761,49.21608],[-122.76843,49.21591],[-122.76886,49.21585],[-122.76972,49.21589],[-122.77058,49.21572],[-122.77102,49.21569],[-122.77232,49.21564],[-122.7736,49.21564],[-122.77447,49.2157],[-122.7749,49.21579],[-122.77619,49.21579],[-122.77663,49.21584],[-122.77705,49.21596],[-122.77792,49.21613],[-122.77878,49.21624],[-122.77964,49.21644],[-122.78007,49.2165],[-122.78088,49.21672],[-122.78136,49.21675],[-122.78179,49.21687],[-122.78459,49.21746],[-122.78477,49.21746],[-122.78563,49.2177],[-122.78649,49.21783],[-122.78684,49.21795],[-122.7877,49.21806],[-122.78837,49.21827],[-122.78938,49.21841],[-122.79024,49.21864],[-122.79067,49.21872],[-122.79153,49.219],[-122.79164,49.21926]],[[-122.81297,49.22272],[-122.81319,49.22278],[-122.81297,49.22295],[-122.81245,49.22314],[-122.81195,49.22325],[-122.81152,49.22331],[-122.81031,49.22359],[-122.80988,49.22364],[-122.80901,49.22364],[-122.80815,49.22358],[-122.80772,49.22358],[-122.80686,49.22364],[-122.80643,49.2237],[-122.80557,49.22361],[-122.80533,49.22352],[-122.80587,49.2234],[-122.80679,49.22326],[-122.81023,49.22319],[-122.81122,49.223],[-122.81232,49.22279],[-122.81297,49.22272]],[[-122.76205,49.21232],[-122.76253,49.21234],[-122.76267,49.2125],[-122.76149,49.21282],[-122.76038,49.21299],[-122.75909,49.21317],[-122.75793,49.21324],[-122.75671,49.21327],[-122.75665,49.21315],[-122.75722,49.21302],[-122.75808,49.21287],[-122.75916,49.21275],[-122.75985,49.21266],[-122.76057,49.21251],[-122.76142,49.21243],[-122.76205,49.21232]],[[-122.75503,49.23616],[-122.75555,49.23624],[-122.75552,49.23643],[-122.75527,49.2366],[-122.7549,49.23677],[-122.75433,49.23687],[-122.75394,49.23684],[-122.75381,49.23673],[-122.754,49.23653],[-122.75453,49.23632],[-122.75503,49.23616]],[[-122.80018,49.22452],[-122.80052,49.22458],[-122.80062,49.22477],[-122.80027,49.22486],[-122.79993,49.22488],[-122.79932,49.22493],[-122.79881,49.22491],[-122.79876,49.22466],[-122.79952,49.22453],[-122.80018,49.22452]],[[-122.64016,49.3349],[-122.64049,49.33493],[-122.64092,49.33561],[-122.64116,49.33615],[-122.64118,49.33629],[-122.64103,49.33629],[-122.64085,49.3361],[-122.64068,49.33596],[-122.64068,49.33569],[-122.64052,49.33554],[-122.64048,49.33531],[-122.64029,49.33506],[-122.64005,49.33493],[-122.64016,49.3349]],[[-122.67795,49.31445],[-122.67814,49.31459],[-122.6781,49.31475],[-122.67792,49.31498],[-122.67785,49.31503],[-122.6777,49.31509],[-122.67748,49.31505],[-122.67742,49.31484],[-122.67758,49.31457],[-122.67795,49.31445]],[[-122.80456,49.22348],[-122.80476,49.2236],[-122.8047,49.22374],[-122.80449,49.22377],[-122.80435,49.22374],[-122.80429,49.22362],[-122.80441,49.2235],[-122.80456,49.22348]]]},"properties":{"MGNT_AREA":29,"SUBAREA_":15,"NAME":"Subarea 29-15","LABEL":"29-15","SQ_KM":25.567630380000001}},{"type":"Feature","geometry":{"type":"Polygon","coordinates":[[[-122.58789,49.18814],[-122.58781,49.18807],[-122.58704,49.18753],[-122.58548,49.18672],[-122.58516,49.18642],[-122.58439,49.18594],[-122.58362,49.18557],[-122.58109,49.18397],[-122.58035,49.18366],[-122.57987,49.18343],[-122.57881,49.18292],[-122.57799,49.18258],[-122.57761,49.18252],[-122.57726,49.18235],[-122.57669,49.1822],[-122.57486,49.18152],[-122.57409,49.18118],[-122.57185,49.18054],[-122.56881,49.17966],[-122.56704,49.17912],[-122.56618,49.17898],[-122.56536,49.17878],[-122.56493,49.17872],[-122.56407,49.17849],[-122.56368,49.17846],[-122.56154,49.17789],[-122.5611,49.17783],[-122.55986,49.17746],[-122.559,49.17734],[-122.55818,49.17711],[-122.55775,49.17708],[-122.5574,49.17697],[-122.55698,49.17691],[-122.55655,49.1768],[-122.55611,49.17677],[-122.55526,49.17662],[-122.55457,49.17642],[-122.55328,49.17588],[-122.55294,49.17568],[-122.55234,49.17505],[-122.55183,49.17463],[-122.55161,49.17435],[-122.5508,49.1735],[-122.55064,49.17321],[-122.55013,49.17261],[-122.54996,49.17214],[-122.55004,49.17186],[-122.54979,49.17169],[-122.54945,49.17151],[-122.54906,49.17109],[-122.54877,49.17039],[-122.54859,49.1701],[-122.54842,49.16953],[-122.54852,49.16925],[-122.54869,49.16903],[-122.54921,49.16891],[-122.55007,49.16892],[-122.5505,49.16898],[-122.55136,49.16898],[-122.55179,49.16909],[-122.55265,49.16918],[-122.55506,49.16954],[-122.55601,49.16973],[-122.5573,49.16991],[-122.55859,49.17014],[-122.55936,49.17023],[-122.56023,49.17043],[-122.56108,49.17052],[-122.56194,49.17055],[-122.56272,49.17072],[-122.5636,49.17087],[-122.56451,49.17093],[-122.56574,49.17092],[-122.56642,49.17068],[-122.56689,49.17059],[-122.56776,49.17059],[-122.56901,49.17074],[-122.5703,49.17083],[-122.57137,49.17101],[-122.57202,49.17123],[-122.57284,49.17143],[-122.57322,49.1716],[-122.57408,49.17189],[-122.57532,49.17243],[-122.57683,49.17321],[-122.57825,49.17398],[-122.57934,49.17462],[-122.58037,49.17506],[-122.58102,49.17527],[-122.58172,49.17554],[-122.58206,49.17576],[-122.58283,49.1761],[-122.58339,49.17647],[-122.58485,49.17797],[-122.58585,49.17911],[-122.58681,49.18026],[-122.58761,49.18191],[-122.5879,49.18304],[-122.5882,49.18386],[-122.58811,49.18409],[-122.58815,49.18437],[-122.58828,49.18465],[-122.5884,49.18536],[-122.58847,49.18737],[-122.58838,49.18814],[-122.59006,49.18814],[-122.59006,49.18698],[-122.58994,49.1861],[-122.58999,49.18585],[-122.58987,49.18556],[-122.58971,49.18405],[-122.58945,49.18336],[-122.58942,49.18279],[-122.58933,49.18221],[-122.5892,49.18178],[-122.58897,49.18118],[-122.58872,49.18055],[-122.58843,49.17987],[-122.58797,49.17908],[-122.5871,49.17809],[-122.58659,49.17757],[-122.5866,49.17756],[-122.58639,49.17737],[-122.58637,49.17738],[-122.58555,49.17675],[-122.58483,49.17616],[-122.58348,49.17509],[-122.58092,49.17358],[-122.57954,49.1727],[-122.57916,49.17242],[-122.57882,49.17231],[-122.57838,49.1721],[-122.57761,49.17184],[-122.57719,49.17179],[-122.57675,49.17168],[-122.57633,49.17144],[-122.5759,49.17133],[-122.57555,49.17105],[-122.57495,49.17068],[-122.5741,49.17037],[-122.57379,49.17022],[-122.57294,49.16997],[-122.57208,49.16979],[-122.57164,49.16979],[-122.57079,49.16974],[-122.5704,49.16967],[-122.56992,49.16967],[-122.56863,49.16959],[-122.56825,49.16961],[-122.56773,49.16956],[-122.56738,49.16955],[-122.56609,49.16937],[-122.56562,49.16935],[-122.56476,49.1692],[-122.56437,49.16903],[-122.56394,49.16903],[-122.56351,49.16897],[-122.56303,49.16897],[-122.56217,49.16888],[-122.56135,49.16874],[-122.56101,49.16862],[-122.56058,49.16862],[-122.56007,49.16851],[-122.55972,49.16839],[-122.55886,49.16828],[-122.55843,49.16827],[-122.558,49.16821],[-122.55714,49.16819],[-122.55589,49.1681],[-122.5555,49.16809],[-122.55508,49.16803],[-122.55331,49.16797],[-122.55244,49.16785],[-122.55159,49.16782],[-122.55115,49.16777],[-122.55029,49.16771],[-122.54987,49.16762],[-122.549,49.16756],[-122.54808,49.16744],[-122.54729,49.16732],[-122.54556,49.16698],[-122.54471,49.16678],[-122.54346,49.16646],[-122.54298,49.16626],[-122.54217,49.16603],[-122.54131,49.16586],[-122.54088,49.16583],[-122.54045,49.16566],[-122.53882,49.16531],[-122.53567,49.16481],[-122.53538,49.16473],[-122.53431,49.1642],[-122.53349,49.16391],[-122.53306,49.16382],[-122.53263,49.16357],[-122.53181,49.16328],[-122.53122,49.16315],[-122.53113,49.16305],[-122.53057,49.16306],[-122.52842,49.16298],[-122.52799,49.16301],[-122.52713,49.16298],[-122.52585,49.16303],[-122.52519,49.16306],[-122.52485,49.16311],[-122.52356,49.16314],[-122.52226,49.16322],[-122.52187,49.16327],[-122.5214,49.16327],[-122.52058,49.16341],[-122.5167,49.16375],[-122.51562,49.16398],[-122.51498,49.16397],[-122.51454,49.16409],[-122.51411,49.16409],[-122.51377,49.16419],[-122.51334,49.16419],[-122.51291,49.1643],[-122.51118,49.1643],[-122.51032,49.16435],[-122.50989,49.16435],[-122.50976,49.16436],[-122.50834,49.16446],[-122.5079,49.16451],[-122.50748,49.16451],[-122.50661,49.16459],[-122.50489,49.16469],[-122.50403,49.16466],[-122.50359,49.16472],[-122.50317,49.16466],[-122.50148,49.16488],[-122.49971,49.165],[-122.49799,49.16514],[-122.49729,49.16511],[-122.4966,49.16519],[-122.49626,49.16516],[-122.49557,49.1653],[-122.49453,49.16538],[-122.49388,49.16549],[-122.49229,49.16585],[-122.49159,49.16591],[-122.49125,49.16602],[-122.49091,49.16607],[-122.49046,49.16612],[-122.48978,49.16608],[-122.48914,49.16597],[-122.48888,49.16584],[-122.48888,49.16577],[-122.48836,49.1658],[-122.48817,49.16599],[-122.48777,49.16613],[-122.4869,49.16614],[-122.48602,49.16626],[-122.48553,49.16635],[-122.48501,49.16649],[-122.48436,49.16655],[-122.48361,49.16674],[-122.48292,49.16677],[-122.48222,49.16688],[-122.48193,49.16699],[-122.48158,49.16699],[-122.48054,49.16715],[-122.48019,49.16726],[-122.47981,49.16726],[-122.47912,49.1674],[-122.47842,49.16745],[-122.47778,49.16759],[-122.4767,49.16768],[-122.47605,49.16781],[-122.47579,49.16792],[-122.47441,49.16795],[-122.47303,49.16788],[-122.47131,49.16787],[-122.47037,49.16779],[-122.46998,49.16781],[-122.46929,49.16781],[-122.46899,49.16778],[-122.46796,49.1678],[-122.46726,49.16777],[-122.46692,49.16772],[-122.46426,49.1677],[-122.46175,49.1677],[-122.46129,49.16774],[-122.46094,49.16777],[-122.46036,49.16782],[-122.45972,49.16787],[-122.4583,49.16782],[-122.45597,49.16772],[-122.45532,49.16763],[-122.45463,49.1676],[-122.45394,49.16748],[-122.45364,49.16737],[-122.4533,49.16737],[-122.45226,49.16717],[-122.45037,49.16673],[-122.4502,49.16665],[-122.44986,49.16656],[-122.44882,49.16639],[-122.44692,49.16618],[-122.44633,49.16589],[-122.44559,49.16577],[-122.44521,49.16552],[-122.44482,49.16544],[-122.44414,49.1652],[-122.44384,49.16517],[-122.44319,49.165],[-122.44242,49.16468],[-122.44173,49.16457],[-122.44143,49.16448],[-122.44104,49.16446],[-122.44035,49.16431],[-122.43863,49.16413],[-122.43794,49.16399],[-122.43726,49.16389],[-122.43588,49.16358],[-122.43489,49.16327],[-122.43382,49.16315],[-122.43235,49.16274],[-122.43205,49.16272],[-122.4314,49.16251],[-122.43037,49.16226],[-122.42934,49.16194],[-122.42866,49.16182],[-122.42732,49.16136],[-122.42629,49.16116],[-122.42603,49.16107],[-122.42535,49.16095],[-122.42474,49.16076],[-122.42422,49.16066],[-122.42389,49.16052],[-122.42319,49.16038],[-122.42148,49.15981],[-122.4201,49.1594],[-122.41976,49.15923],[-122.41911,49.15909],[-122.41843,49.15886],[-122.4177,49.15854],[-122.41737,49.15846],[-122.41736,49.15845],[-122.41676,49.15823],[-122.41611,49.15794],[-122.41509,49.15754],[-122.4144,49.15734],[-122.41296,49.1566],[-122.41238,49.15636],[-122.41171,49.15609],[-122.4116,49.15606],[-122.41101,49.1558],[-122.41075,49.15562],[-122.41036,49.15545],[-122.40972,49.15505],[-122.40878,49.15459],[-122.40779,49.15416],[-122.40711,49.15379],[-122.40681,49.15368],[-122.40595,49.15316],[-122.40556,49.15302],[-122.40505,49.15276],[-122.40449,49.15237],[-122.40403,49.15197],[-122.40244,49.15094],[-122.40193,49.15049],[-122.40159,49.15032],[-122.40083,49.14964],[-122.40057,49.14946],[-122.4004,49.14924],[-122.39928,49.14849],[-122.3992,49.14838],[-122.39894,49.14818],[-122.39835,49.14784],[-122.39787,49.14744],[-122.39736,49.14687],[-122.39716,49.14645],[-122.39703,49.14597],[-122.39703,49.14574],[-122.39674,49.14529],[-122.39674,49.14509],[-122.39657,49.14486],[-122.39648,49.14463],[-122.39564,49.14373],[-122.39538,49.14327],[-122.39512,49.14281],[-122.3946,49.14203],[-122.39428,49.14154],[-122.39407,49.14114],[-122.39384,49.14096],[-122.39381,49.14074],[-122.3936,49.14033],[-122.39329,49.14001],[-122.39302,49.13973],[-122.39288,49.13956],[-122.39249,49.13898],[-122.39204,49.13846],[-122.39131,49.13774],[-122.39043,49.13698],[-122.38918,49.13552],[-122.38866,49.13509],[-122.3885,49.13487],[-122.38815,49.13464],[-122.38773,49.13421],[-122.38765,49.13401],[-122.38739,49.13381],[-122.38713,49.13367],[-122.38696,49.13342],[-122.38693,49.13338],[-122.38654,49.13302],[-122.3862,49.13276],[-122.38586,49.13259],[-122.3856,49.13242],[-122.38472,49.13175],[-122.38389,49.13134],[-122.3832,49.13111],[-122.38192,49.13031],[-122.38123,49.12996],[-122.38084,49.12985],[-122.38016,49.12953],[-122.37982,49.12942],[-122.37917,49.1291],[-122.37821,49.12838],[-122.37781,49.12825],[-122.37695,49.12771],[-122.37662,49.12744],[-122.37541,49.12691],[-122.3749,49.12656],[-122.37344,49.12582],[-122.37289,49.12542],[-122.37144,49.12469],[-122.37122,49.12465],[-122.37087,49.12445],[-122.37019,49.1242],[-122.36993,49.12402],[-122.36887,49.12311],[-122.3678,49.12231],[-122.36729,49.12186],[-122.36605,49.12106],[-122.36575,49.12083],[-122.36417,49.11997],[-122.36336,49.11946],[-122.36301,49.11935],[-122.36294,49.11927],[-122.36131,49.11849],[-122.36114,49.11826],[-122.36098,49.11823],[-122.36079,49.1182],[-122.36019,49.11783],[-122.35968,49.11746],[-122.35934,49.11735],[-122.35899,49.11712],[-122.35835,49.11678],[-122.3578,49.11632],[-122.35695,49.11575],[-122.35609,49.11524],[-122.35574,49.11507],[-122.35515,49.11467],[-122.35451,49.11429],[-122.35429,49.11421],[-122.35403,49.11404],[-122.35369,49.11392],[-122.35361,49.11375],[-122.35331,49.11352],[-122.35245,49.11301],[-122.3522,49.11281],[-122.35168,49.1125],[-122.35138,49.11238],[-122.35108,49.11216],[-122.35049,49.11184],[-122.34993,49.11161],[-122.34967,49.11147],[-122.3486,49.11107],[-122.348,49.11072],[-122.34749,49.11038],[-122.34655,49.10987],[-122.34573,49.10949],[-122.34522,49.10938],[-122.34457,49.10915],[-122.3442,49.1091],[-122.34428,49.10896],[-122.34392,49.10878],[-122.34341,49.1087],[-122.3428,49.10863],[-122.34183,49.10843],[-122.34087,49.10826],[-122.3397,49.10801],[-122.34016,49.10788],[-122.34069,49.10782],[-122.34073,49.10769],[-122.34048,49.10759],[-122.33984,49.10766],[-122.33926,49.10785],[-122.3386,49.10806],[-122.33778,49.10809],[-122.33675,49.10826],[-122.3361,49.10839],[-122.33537,49.10842],[-122.33507,49.1085],[-122.33472,49.1085],[-122.33265,49.10883],[-122.33231,49.10891],[-122.33161,49.10899],[-122.33127,49.10907],[-122.33058,49.1091],[-122.33024,49.10906],[-122.32989,49.10909],[-122.32954,49.10918],[-122.32886,49.10928],[-122.32851,49.10928],[-122.32782,49.10939],[-122.32751,49.1095],[-122.32652,49.10975],[-122.32618,49.10975],[-122.32411,49.11042],[-122.32241,49.11078],[-122.32237,49.11074],[-122.32214,49.11085],[-122.32178,49.11102],[-122.32181,49.11104],[-122.32116,49.11133],[-122.32082,49.11142],[-122.32021,49.11172],[-122.31986,49.11186],[-122.31964,49.112],[-122.31895,49.11226],[-122.31865,49.11242],[-122.3183,49.1125],[-122.31731,49.11284],[-122.3167,49.11314],[-122.31622,49.11348],[-122.3156,49.11378],[-122.31505,49.11415],[-122.31474,49.11429],[-122.31353,49.11505],[-122.3128,49.11533],[-122.31253,49.11544],[-122.31184,49.11557],[-122.31143,49.11575],[-122.31034,49.11635],[-122.30989,49.11646],[-122.30894,49.11689],[-122.30862,49.11715],[-122.30702,49.11809],[-122.30634,49.11823],[-122.30603,49.11834],[-122.30564,49.11871],[-122.30487,49.1193],[-122.30476,49.11961],[-122.30468,49.11988],[-122.30439,49.12006],[-122.30392,49.12038],[-122.30345,49.12067],[-122.30314,49.12078],[-122.30292,49.12101],[-122.30255,49.12115],[-122.30215,49.12144],[-122.30199,49.12176],[-122.3018,49.12205],[-122.30067,49.12289],[-122.29971,49.12345],[-122.29936,49.12362],[-122.2991,49.12384],[-122.29884,49.12394],[-122.29862,49.12418],[-122.2981,49.1244],[-122.29794,49.12448],[-122.29785,49.12451],[-122.30304,49.12776],[-122.30309,49.12785],[-122.30313,49.12782],[-122.30418,49.1274],[-122.30557,49.12709],[-122.30642,49.12685],[-122.30726,49.1264],[-122.30772,49.12614],[-122.30951,49.12511],[-122.31033,49.12476],[-122.3115,49.12437],[-122.31237,49.12417],[-122.31276,49.12412],[-122.31362,49.12387],[-122.31409,49.12382],[-122.31445,49.12368],[-122.31531,49.12357],[-122.31574,49.12346],[-122.31624,49.12337],[-122.31708,49.12324],[-122.3179,49.12307],[-122.31919,49.12305],[-122.32005,49.12312],[-122.32048,49.12312],[-122.32091,49.12318],[-122.32177,49.12335],[-122.32391,49.12405],[-122.32434,49.12421],[-122.32473,49.12428],[-122.32542,49.1247],[-122.32652,49.12533],[-122.32691,49.12559],[-122.32713,49.12585],[-122.32862,49.12676],[-122.32948,49.12716],[-122.33164,49.12834],[-122.33279,49.12883],[-122.33356,49.12907],[-122.33378,49.12914],[-122.33401,49.12918],[-122.33444,49.12919],[-122.3353,49.12931],[-122.33746,49.12941],[-122.33875,49.12961],[-122.34004,49.12959],[-122.3409,49.12963],[-122.34176,49.12972],[-122.34229,49.12982],[-122.34391,49.13029],[-122.34581,49.13074],[-122.34615,49.13079],[-122.34657,49.13091],[-122.34696,49.13093],[-122.34782,49.13111],[-122.34863,49.13131],[-122.34997,49.13152],[-122.35078,49.13175],[-122.35121,49.13181],[-122.35207,49.13204],[-122.3525,49.13218],[-122.35332,49.13233],[-122.35371,49.13247],[-122.35413,49.13258],[-122.35542,49.13285],[-122.35642,49.13312],[-122.35747,49.13329],[-122.358,49.13332],[-122.3584,49.13336],[-122.35891,49.13343],[-122.35977,49.13346],[-122.36024,49.13358],[-122.36068,49.13358],[-122.36105,49.13368],[-122.36269,49.13393],[-122.36317,49.13394],[-122.3636,49.13405],[-122.36403,49.13406],[-122.36533,49.13424],[-122.36619,49.13427],[-122.36704,49.13441],[-122.36848,49.13453],[-122.37006,49.13485],[-122.37048,49.13499],[-122.37135,49.13517],[-122.3722,49.1354],[-122.37264,49.13538],[-122.3735,49.13552],[-122.37521,49.13593],[-122.37559,49.1361],[-122.37641,49.13655],[-122.37766,49.13718],[-122.37851,49.13755],[-122.37898,49.13764],[-122.37938,49.1378],[-122.38031,49.13858],[-122.38069,49.13887],[-122.38248,49.14003],[-122.38283,49.14021],[-122.38313,49.14043],[-122.38368,49.14095],[-122.38432,49.14138],[-122.38457,49.14163],[-122.38522,49.14214],[-122.38573,49.14271],[-122.38612,49.14299],[-122.38662,49.14357],[-122.387,49.1441],[-122.38751,49.14467],[-122.38815,49.14518],[-122.38837,49.1455],[-122.38878,49.14584],[-122.3892,49.14655],[-122.39066,49.14781],[-122.39138,49.14867],[-122.39215,49.1493],[-122.39287,49.14991],[-122.39357,49.15042],[-122.39439,49.15085],[-122.39503,49.15124],[-122.39665,49.15283],[-122.39703,49.15314],[-122.39766,49.15371],[-122.39802,49.15394],[-122.39852,49.15409],[-122.39894,49.15424],[-122.3995,49.15469],[-122.40014,49.15513],[-122.4007,49.15565],[-122.40089,49.15577],[-122.40111,49.1559],[-122.40183,49.15615],[-122.40272,49.15649],[-122.40345,49.15694],[-122.40401,49.15746],[-122.40439,49.15768],[-122.40495,49.15822],[-122.40531,49.15845],[-122.40648,49.15962],[-122.40665,49.15973],[-122.40691,49.15998],[-122.40758,49.1605],[-122.40793,49.16081],[-122.40827,49.16104],[-122.40904,49.16181],[-122.40938,49.16206],[-122.40964,49.16235],[-122.40993,49.16261],[-122.41075,49.16317],[-122.41096,49.16346],[-122.41145,49.16396],[-122.41164,49.16417],[-122.41211,49.16439],[-122.41245,49.16468],[-122.41288,49.16491],[-122.41322,49.16519],[-122.41357,49.16542],[-122.41373,49.1657],[-122.41433,49.16628],[-122.41451,49.16636],[-122.41675,49.16794],[-122.41738,49.16839],[-122.41874,49.16943],[-122.41989,49.17015],[-122.42118,49.17077],[-122.42136,49.1709],[-122.42163,49.17108],[-122.42195,49.17106],[-122.42241,49.17121],[-122.42279,49.17144],[-122.42295,49.17168],[-122.42294,49.17169],[-122.42474,49.17243],[-122.42492,49.17234],[-122.42615,49.17222],[-122.42801,49.1722],[-122.42938,49.17225],[-122.43066,49.17229],[-122.43127,49.1724],[-122.43192,49.17256],[-122.43234,49.17261],[-122.43287,49.17265],[-122.4334,49.17284],[-122.434,49.1729],[-122.43467,49.17287],[-122.43542,49.17293],[-122.43594,49.17291],[-122.43676,49.17297],[-122.43763,49.17297],[-122.43849,49.17304],[-122.43892,49.17301],[-122.43974,49.17307],[-122.44021,49.17318],[-122.44099,49.1733],[-122.44133,49.17342],[-122.44176,49.17347],[-122.44262,49.17345],[-122.44349,49.17348],[-122.44434,49.17357],[-122.44564,49.17358],[-122.44736,49.17376],[-122.44909,49.17379],[-122.44995,49.17385],[-122.45297,49.17379],[-122.45384,49.1737],[-122.45426,49.17371],[-122.4547,49.17365],[-122.45512,49.17365],[-122.45599,49.17352],[-122.45686,49.17352],[-122.45901,49.17345],[-122.45987,49.17345],[-122.46036,49.17342],[-122.46099,49.17339],[-122.46179,49.17331],[-122.46239,49.17325],[-122.46315,49.17329],[-122.46404,49.17323],[-122.46493,49.17308],[-122.46508,49.17306],[-122.46664,49.1729],[-122.46794,49.17282],[-122.46931,49.17267],[-122.47021,49.17268],[-122.47098,49.17276],[-122.47152,49.1728],[-122.47231,49.17279],[-122.47315,49.17271],[-122.47365,49.1726],[-122.47435,49.17255],[-122.4754,49.17253],[-122.47626,49.17248],[-122.47669,49.17242],[-122.47799,49.17241],[-122.47929,49.17207],[-122.48015,49.17207],[-122.48101,49.17199],[-122.48144,49.17191],[-122.4836,49.17167],[-122.48442,49.1715],[-122.48572,49.17139],[-122.48653,49.17117],[-122.48697,49.1712],[-122.48869,49.17098],[-122.49038,49.17088],[-122.4921,49.1706],[-122.49383,49.17044],[-122.49517,49.17044],[-122.49556,49.17039],[-122.49642,49.17036],[-122.49833,49.17055],[-122.49857,49.17052],[-122.49991,49.17064],[-122.50077,49.17075],[-122.50133,49.17072],[-122.50208,49.1707],[-122.5025,49.17075],[-122.50552,49.17077],[-122.50595,49.17069],[-122.50681,49.17069],[-122.50724,49.17066],[-122.50759,49.1705],[-122.50802,49.1705],[-122.50845,49.17056],[-122.5088,49.17073],[-122.51009,49.17073],[-122.5108,49.1708],[-122.51137,49.17085],[-122.51267,49.17077],[-122.5131,49.17069],[-122.51396,49.17067],[-122.51633,49.17093],[-122.51655,49.17099],[-122.51693,49.17101],[-122.51736,49.1711],[-122.51822,49.17119],[-122.51977,49.1715],[-122.5202,49.17154],[-122.52063,49.17162],[-122.52187,49.17202],[-122.52231,49.17211],[-122.52273,49.17225],[-122.52355,49.17245],[-122.52432,49.17269],[-122.52476,49.17278],[-122.52561,49.173],[-122.52734,49.17335],[-122.52781,49.17341],[-122.52824,49.17352],[-122.53081,49.17387],[-122.53116,49.17398],[-122.53136,49.174],[-122.53279,49.17413],[-122.53322,49.17422],[-122.5349,49.17468],[-122.53658,49.17497],[-122.53735,49.17519],[-122.53864,49.17543],[-122.53898,49.17554],[-122.53941,49.1756],[-122.53984,49.17571],[-122.54113,49.17626],[-122.54199,49.17646],[-122.54459,49.17724],[-122.54603,49.17774],[-122.54688,49.17797],[-122.54766,49.17839],[-122.54804,49.17854],[-122.5489,49.17879],[-122.54929,49.17897],[-122.54972,49.17903],[-122.54995,49.1791],[-122.55251,49.18006],[-122.55423,49.18057],[-122.55459,49.18069],[-122.55795,49.18188],[-122.56134,49.18298],[-122.56388,49.18368],[-122.56486,49.18391],[-122.56581,49.18412],[-122.56876,49.18503],[-122.56918,49.18512],[-122.56966,49.18526],[-122.57009,49.18532],[-122.57047,49.18547],[-122.57134,49.18563],[-122.57172,49.18578],[-122.57215,49.18584],[-122.57254,49.18599],[-122.57331,49.18641],[-122.57365,49.18663],[-122.57459,49.18743],[-122.57515,49.188],[-122.57536,49.18817],[-122.57552,49.18813],[-122.58789,49.18814]],[[-122.34724,49.11275],[-122.34792,49.11308],[-122.34905,49.11358],[-122.34954,49.11388],[-122.35011,49.11409],[-122.35111,49.1148],[-122.35217,49.11544],[-122.35264,49.11575],[-122.35405,49.11666],[-122.35486,49.11709],[-122.35516,49.11738],[-122.35576,49.11775],[-122.35652,49.11834],[-122.35682,49.11858],[-122.35759,49.11929],[-122.3581,49.11969],[-122.35835,49.12],[-122.35912,49.12053],[-122.35933,49.12064],[-122.35973,49.12085],[-122.36046,49.12139],[-122.36195,49.12228],[-122.36207,49.12242],[-122.36331,49.12325],[-122.36352,49.12333],[-122.36604,49.12502],[-122.36647,49.12524],[-122.36767,49.12601],[-122.36801,49.12627],[-122.36835,49.12658],[-122.36852,49.12673],[-122.369,49.12705],[-122.36918,49.12718],[-122.3698,49.12767],[-122.37109,49.12836],[-122.37143,49.12861],[-122.37271,49.1293],[-122.37305,49.12952],[-122.37434,49.13021],[-122.37519,49.13058],[-122.37627,49.1311],[-122.3781,49.13227],[-122.37869,49.13254],[-122.37912,49.1328],[-122.37901,49.13293],[-122.37842,49.13273],[-122.37756,49.13243],[-122.37654,49.13211],[-122.37558,49.1319],[-122.37406,49.13168],[-122.37363,49.13156],[-122.3732,49.13156],[-122.37277,49.13145],[-122.37191,49.13138],[-122.36798,49.13085],[-122.36764,49.13085],[-122.36679,49.13071],[-122.36636,49.13067],[-122.36511,49.1305],[-122.36477,49.13039],[-122.36349,49.12967],[-122.36314,49.12952],[-122.36276,49.12943],[-122.36234,49.12932],[-122.36124,49.12917],[-122.36055,49.1291],[-122.35926,49.129],[-122.35892,49.12899],[-122.35767,49.12897],[-122.35641,49.1289],[-122.35536,49.12877],[-122.35468,49.12867],[-122.35296,49.12864],[-122.35119,49.12846],[-122.34969,49.12827],[-122.34869,49.12811],[-122.34796,49.12807],[-122.34706,49.12791],[-122.34682,49.12787],[-122.34601,49.12765],[-122.34482,49.12726],[-122.34357,49.12664],[-122.34284,49.12624],[-122.3426,49.12615],[-122.34045,49.12493],[-122.33917,49.12436],[-122.33856,49.12404],[-122.33586,49.12289],[-122.33501,49.12267],[-122.33453,49.12249],[-122.33367,49.12232],[-122.33153,49.12177],[-122.33025,49.12128],[-122.32981,49.12119],[-122.32896,49.12091],[-122.32819,49.12056],[-122.32776,49.12027],[-122.32747,49.12016],[-122.32613,49.11951],[-122.32527,49.11919],[-122.32463,49.11876],[-122.32348,49.11827],[-122.32296,49.1181],[-122.32253,49.11782],[-122.32228,49.11753],[-122.32246,49.11725],[-122.32281,49.11697],[-122.32324,49.11674],[-122.32367,49.11663],[-122.32497,49.11613],[-122.32627,49.11552],[-122.32675,49.11515],[-122.32722,49.1149],[-122.32749,49.11468],[-122.32879,49.1139],[-122.32922,49.11373],[-122.33001,49.11333],[-122.33035,49.11311],[-122.33148,49.11266],[-122.33191,49.11258],[-122.33273,49.11228],[-122.33312,49.11217],[-122.33351,49.11211],[-122.33485,49.11172],[-122.33501,49.11158],[-122.3361,49.11115],[-122.33727,49.11086],[-122.33813,49.11078],[-122.33857,49.11078],[-122.339,49.11073],[-122.33943,49.11073],[-122.34003,49.11065],[-122.34201,49.1108],[-122.34283,49.11094],[-122.34403,49.11135],[-122.3445,49.11156],[-122.34475,49.11167],[-122.34612,49.11222],[-122.34724,49.11275]],[[-122.46037,49.16956],[-122.45995,49.16968],[-122.45853,49.16999],[-122.45818,49.17002],[-122.4575,49.17013],[-122.45638,49.17015],[-122.45495,49.17023],[-122.45189,49.17025],[-122.45081,49.1701],[-122.45016,49.17012],[-122.44943,49.17004],[-122.44758,49.16997],[-122.44598,49.16985],[-122.4453,49.16985],[-122.44495,49.16979],[-122.44426,49.16973],[-122.44357,49.16961],[-122.44327,49.16953],[-122.44292,49.16952],[-122.4412,49.16923],[-122.44089,49.16913],[-122.43841,49.16874],[-122.436,49.16822],[-122.43531,49.16804],[-122.43466,49.16782],[-122.43434,49.16776],[-122.43398,49.16761],[-122.43329,49.16747],[-122.43157,49.16703],[-122.43053,49.16683],[-122.42989,49.1666],[-122.42895,49.16637],[-122.42796,49.16595],[-122.42762,49.16586],[-122.42693,49.1656],[-122.42594,49.16534],[-122.42525,49.16511],[-122.42457,49.16499],[-122.42422,49.16491],[-122.42319,49.16454],[-122.42062,49.16373],[-122.42023,49.16353],[-122.41985,49.16341],[-122.4192,49.16305],[-122.4186,49.16262],[-122.41839,49.16217],[-122.41818,49.16193],[-122.4181,49.16148],[-122.41844,49.16149],[-122.41913,49.1616],[-122.41947,49.16172],[-122.41982,49.16172],[-122.42017,49.16187],[-122.42102,49.16212],[-122.42361,49.16253],[-122.42464,49.16265],[-122.42567,49.16291],[-122.4267,49.16325],[-122.42876,49.16374],[-122.42975,49.16409],[-122.43044,49.16426],[-122.43067,49.16439],[-122.43203,49.16475],[-122.43237,49.16489],[-122.4334,49.16523],[-122.43404,49.16549],[-122.43439,49.16555],[-122.43504,49.16581],[-122.43602,49.1661],[-122.43632,49.16621],[-122.4379,49.16648],[-122.43822,49.16667],[-122.43856,49.16679],[-122.43916,49.1671],[-122.43985,49.16724],[-122.44157,49.16754],[-122.4426,49.16754],[-122.44363,49.16763],[-122.44418,49.1677],[-122.44467,49.16772],[-122.44639,49.16798],[-122.44708,49.16802],[-122.44743,49.16813],[-122.44915,49.16839],[-122.44984,49.16845],[-122.45018,49.16846],[-122.45087,49.16851],[-122.45122,49.16857],[-122.4519,49.16858],[-122.45225,49.16861],[-122.45363,49.16884],[-122.45397,49.16884],[-122.45501,49.16901],[-122.45535,49.169],[-122.45638,49.16913],[-122.45776,49.16922],[-122.45845,49.16923],[-122.46037,49.16956]],[[-122.36327,49.13033],[-122.36266,49.13033],[-122.36212,49.13027],[-122.36184,49.13024],[-122.36104,49.13016],[-122.36049,49.13008],[-122.3601,49.12999],[-122.36005,49.12989],[-122.36047,49.1298],[-122.36104,49.1298],[-122.36192,49.12984],[-122.36259,49.12991],[-122.36308,49.13003],[-122.36333,49.13018],[-122.36327,49.13033]]]},"properties":{"MGNT_AREA":29,"SUBAREA_":16,"NAME":"Subarea 29-16","LABEL":"29-16","SQ_KM":17.487464840000001}},{"type":"Feature","geometry":{"type":"Polygon","coordinates":[[[-123.09082,49.00206],[-123.09097,49.00231],[-123.09132,49.00313],[-123.09173,49.0039],[-123.09201,49.00452],[-123.09216,49.005],[-123.0922,49.00552],[-123.0923,49.00626],[-123.09248,49.00677],[-123.09243,49.00723],[-123.09238,49.0078],[-123.09235,49.00817],[-123.09254,49.00863],[-123.09277,49.00912],[-123.09284,49.00949],[-123.09307,49.00985],[-123.0935,49.01038],[-123.09379,49.01099],[-123.09398,49.01158],[-123.09407,49.01216],[-123.0942,49.01284],[-123.0946,49.01362],[-123.0946,49.01385],[-123.09528,49.01495],[-123.09546,49.01548],[-123.09563,49.01576],[-123.09572,49.01604],[-123.09624,49.01689],[-123.09671,49.01746],[-123.09681,49.01764],[-123.09769,49.01886],[-123.09795,49.01915],[-123.0983,49.01943],[-123.0986,49.01963],[-123.09917,49.02011],[-123.09964,49.02095],[-123.09985,49.02123],[-123.10041,49.0218],[-123.10059,49.02208],[-123.10144,49.02312],[-123.1017,49.02351],[-123.10206,49.02369],[-123.10236,49.02393],[-123.10281,49.02412],[-123.10318,49.02408],[-123.10365,49.02384],[-123.10407,49.02379],[-123.10455,49.02376],[-123.10492,49.02359],[-123.10591,49.02303],[-123.10728,49.02224],[-123.10824,49.02153],[-123.10932,49.02063],[-123.11113,49.01937],[-123.11173,49.01894],[-123.11267,49.0182],[-123.1134,49.01775],[-123.11539,49.01637],[-123.1161,49.01588],[-123.11702,49.01517],[-123.11785,49.01472],[-123.11884,49.01394],[-123.12038,49.01281],[-123.12079,49.01249],[-123.12206,49.01173],[-123.12283,49.01137],[-123.12312,49.01115],[-123.12351,49.01091],[-123.1242,49.01035],[-123.12441,49.01006],[-123.12463,49.00944],[-123.12505,49.00875],[-123.12573,49.00809],[-123.12648,49.00755],[-123.12715,49.00716],[-123.12795,49.00686],[-123.12879,49.00641],[-123.12946,49.00633],[-123.13154,49.00617],[-123.13264,49.00677],[-123.1333,49.00702],[-123.133,49.00719],[-123.13261,49.00734],[-123.13238,49.00759],[-123.132,49.00766],[-123.13173,49.00767],[-123.13134,49.00758],[-123.13107,49.00756],[-123.13065,49.00766],[-123.12987,49.0081],[-123.12865,49.00909],[-123.12807,49.00941],[-123.1271,49.01009],[-123.12651,49.01057],[-123.12591,49.01088],[-123.12521,49.0111],[-123.12466,49.01128],[-123.12429,49.01156],[-123.12385,49.01189],[-123.12316,49.01226],[-123.12242,49.01275],[-123.12186,49.01328],[-123.1212,49.01363],[-123.12077,49.01382],[-123.12009,49.01427],[-123.11974,49.01456],[-123.11966,49.01467],[-123.1185,49.01543],[-123.1182,49.01574],[-123.11778,49.01597],[-123.11613,49.01703],[-123.11507,49.0179],[-123.11452,49.01818],[-123.11359,49.01881],[-123.11253,49.01954],[-123.11191,49.02013],[-123.11121,49.02059],[-123.11065,49.02088],[-123.10995,49.02136],[-123.10973,49.02168],[-123.10929,49.02182],[-123.1086,49.02235],[-123.10835,49.02264],[-123.10796,49.02284],[-123.10616,49.02411],[-123.10558,49.02451],[-123.10525,49.02476],[-123.10496,49.02486],[-123.10435,49.02527],[-123.1035,49.02583],[-123.103,49.02622],[-123.10262,49.0264],[-123.10229,49.02664],[-123.10197,49.02739],[-123.10179,49.02812],[-123.10158,49.02846],[-123.10148,49.02897],[-123.10119,49.02948],[-123.10104,49.02996],[-123.10124,49.03112],[-123.10132,49.03173],[-123.10124,49.03208],[-123.10107,49.03251],[-123.10081,49.03284],[-123.10059,49.03313],[-123.10038,49.03319],[-123.1002,49.03313],[-123.10019,49.03298],[-123.1004,49.03275],[-123.10056,49.03251],[-123.10055,49.0317],[-123.10057,49.0313],[-123.10046,49.03081],[-123.10045,49.03027],[-123.10052,49.02999],[-123.10056,49.02973],[-123.10049,49.02943],[-123.10053,49.02905],[-123.10069,49.02876],[-123.10065,49.02871],[-123.10033,49.02869],[-123.1001,49.02863],[-123.09982,49.02845],[-123.09955,49.02839],[-123.09916,49.02847],[-123.09881,49.02874],[-123.09848,49.02911],[-123.09829,49.0297],[-123.09812,49.03059],[-123.09807,49.03145],[-123.09798,49.03173],[-123.09807,49.03202],[-123.0979,49.0323],[-123.09786,49.03255],[-123.09791,49.03399],[-123.09782,49.03425],[-123.09778,49.03481],[-123.09782,49.03512],[-123.09799,49.03534],[-123.09791,49.03563],[-123.09795,49.03588],[-123.09782,49.03645],[-123.09778,49.03701],[-123.09787,49.03757],[-123.09817,49.03814],[-123.09827,49.03851],[-123.09837,49.03898],[-123.09843,49.03955],[-123.09868,49.04009],[-123.09915,49.04045],[-123.09961,49.0409],[-123.10034,49.04135],[-123.10161,49.04223],[-123.10183,49.04245],[-123.10269,49.0429],[-123.10355,49.04347],[-123.10437,49.04395],[-123.10471,49.0442],[-123.1051,49.04437],[-123.10587,49.04488],[-123.10665,49.04524],[-123.10772,49.04597],[-123.10798,49.0462],[-123.10935,49.04696],[-123.10987,49.0475],[-123.11099,49.04826],[-123.11157,49.04848],[-123.11271,49.04851],[-123.11314,49.04848],[-123.11446,49.04828],[-123.11533,49.04826],[-123.11618,49.04811],[-123.11704,49.04814],[-123.11752,49.04819],[-123.11794,49.04831],[-123.11838,49.04848],[-123.1188,49.04859],[-123.11923,49.04881],[-123.11953,49.04904],[-123.12026,49.04949],[-123.1207,49.04972],[-123.12112,49.04977],[-123.12207,49.04966],[-123.12293,49.04921],[-123.15005,49.02979],[-123.15591,49.02319],[-123.15634,49.02272],[-123.15646,49.02239],[-123.15644,49.02206],[-123.15623,49.02171],[-123.15572,49.02142],[-123.15186,49.01965],[-123.15718,49.01383],[-123.15777,49.01367],[-123.15842,49.01362],[-123.15925,49.01361],[-123.15993,49.01369],[-123.16566,49.01581],[-123.16653,49.01582],[-123.1682,49.01645],[-123.16865,49.01709],[-123.17059,49.01784],[-123.17086,49.01804],[-123.17088,49.01832],[-123.17068,49.01865],[-123.16603,49.0243],[-123.16531,49.0247],[-123.1646,49.02487],[-123.16391,49.02493],[-123.16312,49.02484],[-123.16252,49.02468],[-123.16013,49.02377],[-123.15955,49.02364],[-123.15894,49.02365],[-123.1582,49.02382],[-123.15761,49.02421],[-123.1508,49.03136],[-123.12398,49.05046],[-123.12396,49.05082],[-123.12422,49.05109],[-123.12465,49.05135],[-123.12504,49.05152],[-123.12589,49.05171],[-123.12671,49.05197],[-123.12843,49.05259],[-123.12886,49.0527],[-123.12971,49.05301],[-123.13136,49.05377],[-123.13237,49.05418],[-123.13313,49.05442],[-123.13403,49.05464],[-123.13498,49.05491],[-123.13573,49.05519],[-123.1369,49.05571],[-123.13729,49.05597],[-123.13879,49.05655],[-123.13957,49.05706],[-123.14103,49.05765],[-123.14275,49.05827],[-123.14357,49.05866],[-123.14391,49.05889],[-123.14434,49.05911],[-123.14477,49.05926],[-123.14632,49.05989],[-123.14675,49.06024],[-123.14718,49.06041],[-123.14761,49.06052],[-123.14787,49.06075],[-123.14829,49.06092],[-123.14907,49.06131],[-123.14993,49.06167],[-123.15036,49.06176],[-123.15075,49.06187],[-123.1516,49.06193],[-123.15199,49.06204],[-123.15242,49.06209],[-123.15285,49.06209],[-123.15371,49.0622],[-123.15458,49.06246],[-123.15591,49.06254],[-123.15569,49.06282],[-123.15535,49.06294],[-123.15613,49.06327],[-123.15647,49.0635],[-123.15681,49.06378],[-123.15707,49.06406],[-123.15776,49.06454],[-123.15804,49.06547],[-123.15813,49.06592],[-123.15797,49.06637],[-123.15756,49.06684],[-123.25631,49.03817],[-123.12864,49.00217],[-123.12826,49.00206],[-123.09082,49.00206]]]},"properties":{"MGNT_AREA":29,"SUBAREA_":7,"NAME":"Subarea 29-7","LABEL":"29-7","SQ_KM":44.460226120000002}},{"type":"Feature","geometry":{"type":"Polygon","coordinates":[[[-122.85311,49.08311],[-122.85313,49.08311],[-122.85336,49.08314],[-122.85358,49.08345],[-122.85395,49.08374],[-122.85459,49.08416],[-122.85542,49.08463],[-122.8562,49.08509],[-122.85674,49.08524],[-122.85746,49.0853],[-122.85815,49.08554],[-122.85875,49.08571],[-122.85954,49.08578],[-122.85983,49.08586],[-122.86025,49.08633],[-122.86045,49.08648],[-122.86116,49.0867],[-122.86228,49.08703],[-122.86234,49.0872],[-122.86247,49.08776],[-122.86274,49.08791],[-122.86307,49.08791],[-122.86342,49.08779],[-122.86378,49.08748],[-122.864,49.08712],[-122.86437,49.08698],[-122.86469,49.08716],[-122.86489,49.08761],[-122.86529,49.08786],[-122.86573,49.08787],[-122.86589,49.08759],[-122.8661,49.08737],[-122.86625,49.0875],[-122.86625,49.08794],[-122.86617,49.08807],[-122.86627,49.0882],[-122.86621,49.08879],[-122.86659,49.08883],[-122.86659,49.08895],[-122.86646,49.08935],[-122.86644,49.08997],[-122.86662,49.09061],[-122.86674,49.09065],[-122.86711,49.09061],[-122.8674,49.09064],[-122.86767,49.09063],[-122.86768,49.0902],[-122.86775,49.08971],[-122.86813,49.08956],[-122.86871,49.08956],[-122.86918,49.08959],[-122.86932,49.08992],[-122.86976,49.09014],[-122.87017,49.09019],[-122.87022,49.08945],[-122.87061,49.08922],[-122.87099,49.08923],[-122.87185,49.08953],[-122.87232,49.08956],[-122.87276,49.08951],[-122.87335,49.08996],[-122.87366,49.09013],[-122.87435,49.09061],[-122.87482,49.09081],[-122.87521,49.09084],[-122.87607,49.09084],[-122.87822,49.09106],[-122.87865,49.09115],[-122.87994,49.09124],[-122.88037,49.09129],[-122.88123,49.09132],[-122.88166,49.09138],[-122.88252,49.09138],[-122.88295,49.09144],[-122.88323,49.09144],[-122.88381,49.09144],[-122.88467,49.0915],[-122.8851,49.09147],[-122.88596,49.09158],[-122.88812,49.09174],[-122.89001,49.09183],[-122.89124,49.09179],[-122.89212,49.09167],[-122.89237,49.0915],[-122.89306,49.09103],[-122.89363,49.09066],[-122.89462,49.09031],[-122.89574,49.09019],[-122.89786,49.09021],[-122.89834,49.09017],[-122.8988,49.08992],[-122.8992,49.08934],[-122.89977,49.08869],[-122.9,49.08833],[-122.90042,49.08774],[-122.90121,49.08723],[-122.90231,49.08684],[-122.90273,49.08659],[-122.9028,49.08643],[-122.90249,49.08635],[-122.90172,49.08631],[-122.90141,49.08618],[-122.90169,49.08593],[-122.90215,49.08572],[-122.90293,49.08549],[-122.90388,49.08547],[-122.90472,49.08541],[-122.90553,49.08519],[-122.90613,49.08512],[-122.90752,49.08511],[-122.90848,49.08503],[-122.90899,49.08496],[-122.90938,49.08472],[-122.90964,49.08445],[-122.90971,49.08425],[-122.9101,49.08421],[-122.91043,49.08386],[-122.91058,49.08371],[-122.91077,49.08376],[-122.91085,49.08393],[-122.91112,49.08401],[-122.91143,49.08389],[-122.91171,49.08389],[-122.91197,49.08392],[-122.91225,49.0841],[-122.91263,49.08415],[-122.91378,49.08421],[-122.91383,49.08401],[-122.91412,49.08387],[-122.9147,49.0838],[-122.9152,49.08375],[-122.91642,49.08339],[-122.91738,49.08296],[-122.91811,49.08263],[-122.91854,49.08249],[-122.91897,49.08226],[-122.91978,49.08195],[-122.92027,49.08187],[-122.92052,49.08163],[-122.92095,49.08155],[-122.92177,49.08121],[-122.92306,49.0808],[-122.92349,49.08059],[-122.92435,49.08029],[-122.92478,49.0802],[-122.92602,49.07975],[-122.92792,49.07919],[-122.92809,49.0791],[-122.92895,49.0789],[-122.92981,49.07859],[-122.93205,49.07803],[-122.93481,49.07711],[-122.93757,49.0765],[-122.93953,49.07594],[-122.93997,49.07589],[-122.94121,49.07547],[-122.94164,49.07538],[-122.9425,49.07513],[-122.94297,49.07505],[-122.94344,49.07489],[-122.94629,49.07419],[-122.94719,49.07386],[-122.94762,49.07375],[-122.94805,49.07358],[-122.94848,49.07352],[-122.94891,49.07335],[-122.94929,49.07333],[-122.95016,49.07333],[-122.95102,49.07321],[-122.95274,49.07282],[-122.95355,49.07259],[-122.95579,49.07208],[-122.95665,49.072],[-122.95691,49.07188],[-122.95776,49.0718],[-122.95897,49.07152],[-122.96101,49.07121],[-122.96155,49.07121],[-122.96198,49.0711],[-122.96357,49.07092],[-122.96506,49.07061],[-122.9662,49.07051],[-122.96767,49.07027],[-122.9686,49.0701],[-122.96989,49.06987],[-122.97031,49.06985],[-122.97074,49.06971],[-122.9716,49.06954],[-122.97247,49.06932],[-122.97289,49.06917],[-122.97591,49.06866],[-122.97676,49.0685],[-122.9772,49.0685],[-122.97934,49.06822],[-122.98063,49.06811],[-122.98149,49.06799],[-122.98193,49.06799],[-122.98235,49.06794],[-122.98407,49.0676],[-122.9845,49.06749],[-122.98665,49.0672],[-122.98708,49.06712],[-122.98837,49.06698],[-122.99095,49.06627],[-122.99181,49.06615],[-122.99224,49.06604],[-122.99393,49.06578],[-122.99439,49.0657],[-122.99525,49.06548],[-122.99568,49.06533],[-122.99611,49.06511],[-122.99654,49.065],[-122.99692,49.06483],[-122.99774,49.06458],[-122.99847,49.06427],[-122.99886,49.06416],[-122.99929,49.06416],[-122.99963,49.06421],[-122.99998,49.06449],[-123.00014,49.06488],[-123.00047,49.06507],[-123.00087,49.06508],[-123.00132,49.06482],[-123.00205,49.06425],[-123.00242,49.06411],[-123.00249,49.06408],[-123.00288,49.064],[-123.00314,49.06379],[-123.00352,49.06352],[-123.00387,49.06342],[-123.00425,49.06345],[-123.00445,49.06349],[-123.00471,49.06349],[-123.0048,49.06366],[-123.00481,49.06408],[-123.00486,49.0644],[-123.00508,49.06443],[-123.00517,49.0641],[-123.00513,49.06355],[-123.00514,49.06334],[-123.00516,49.06326],[-123.00556,49.06324],[-123.00584,49.06317],[-123.00603,49.06303],[-123.00634,49.06303],[-123.00655,49.06296],[-123.00673,49.06276],[-123.007,49.06273],[-123.00721,49.06261],[-123.00758,49.0625],[-123.0078,49.06253],[-123.00809,49.06269],[-123.00823,49.06301],[-123.00833,49.06308],[-123.00857,49.06306],[-123.00864,49.06285],[-123.00877,49.06279],[-123.00921,49.06279],[-123.00951,49.06268],[-123.00984,49.06243],[-123.01008,49.06234],[-123.01077,49.06236],[-123.01099,49.06233],[-123.01109,49.06226],[-123.0113,49.06223],[-123.01144,49.06204],[-123.01169,49.06191],[-123.01192,49.06189],[-123.01213,49.062],[-123.01227,49.06203],[-123.01244,49.06199],[-123.01254,49.06168],[-123.01258,49.06148],[-123.01278,49.06143],[-123.01308,49.06153],[-123.01316,49.06166],[-123.01337,49.06167],[-123.01353,49.06146],[-123.01362,49.06115],[-123.01379,49.06104],[-123.01411,49.06103],[-123.01436,49.06118],[-123.01469,49.06142],[-123.01502,49.06141],[-123.01522,49.06133],[-123.01562,49.06131],[-123.01597,49.061],[-123.01648,49.06086],[-123.01664,49.06067],[-123.01691,49.06056],[-123.01759,49.0606],[-123.01785,49.06055],[-123.0179,49.06041],[-123.01781,49.0601],[-123.01779,49.05993],[-123.01813,49.05985],[-123.01829,49.05972],[-123.01861,49.05966],[-123.01881,49.0593],[-123.01895,49.05904],[-123.0191,49.05875],[-123.01936,49.05859],[-123.01949,49.05828],[-123.01949,49.05794],[-123.01943,49.05769],[-123.01933,49.05759],[-123.01929,49.05747],[-123.01939,49.05741],[-123.01949,49.05733],[-123.01947,49.05724],[-123.01934,49.05712],[-123.01932,49.05702],[-123.01946,49.05689],[-123.01958,49.05677],[-123.01958,49.05647],[-123.01976,49.05641],[-123.01991,49.05646],[-123.01997,49.05673],[-123.02008,49.05679],[-123.02027,49.05692],[-123.02038,49.05736],[-123.02062,49.05829],[-123.02079,49.05865],[-123.02094,49.05878],[-123.02107,49.05873],[-123.02129,49.05863],[-123.02173,49.05868],[-123.02195,49.05889],[-123.02211,49.05905],[-123.02262,49.05903],[-123.02279,49.0589],[-123.02282,49.05851],[-123.02286,49.05823],[-123.02304,49.05829],[-123.02325,49.0585],[-123.02342,49.05845],[-123.02343,49.05809],[-123.02308,49.05748],[-123.02281,49.057],[-123.02272,49.05664],[-123.02276,49.05643],[-123.02294,49.05635],[-123.02322,49.0564],[-123.02338,49.05666],[-123.02364,49.05676],[-123.02405,49.05675],[-123.02407,49.05667],[-123.02376,49.05659],[-123.02371,49.05645],[-123.02383,49.05637],[-123.02437,49.05647],[-123.02471,49.05655],[-123.02503,49.05664],[-123.02529,49.05659],[-123.02536,49.05647],[-123.02523,49.05635],[-123.0247,49.05622],[-123.02455,49.05611],[-123.02482,49.05591],[-123.02513,49.05573],[-123.02513,49.05529],[-123.02509,49.05511],[-123.0252,49.05498],[-123.02544,49.05494],[-123.0257,49.0549],[-123.02592,49.05474],[-123.026,49.05454],[-123.02621,49.05453],[-123.02637,49.05443],[-123.02666,49.0541],[-123.02692,49.05407],[-123.02692,49.05421],[-123.02692,49.05433],[-123.02699,49.05453],[-123.02714,49.05507],[-123.02727,49.05523],[-123.02759,49.05527],[-123.02785,49.05524],[-123.02782,49.05501],[-123.02793,49.05486],[-123.02811,49.05493],[-123.02821,49.05511],[-123.02851,49.05514],[-123.0287,49.05525],[-123.02895,49.05529],[-123.02906,49.05517],[-123.02897,49.05492],[-123.0291,49.05476],[-123.02919,49.05462],[-123.02911,49.05443],[-123.02921,49.05422],[-123.02946,49.05412],[-123.02959,49.05386],[-123.0297,49.05379],[-123.03021,49.05379],[-123.03037,49.05377],[-123.03047,49.05366],[-123.03089,49.05357],[-123.03113,49.05348],[-123.03118,49.05341],[-123.03097,49.05333],[-123.03072,49.05324],[-123.03065,49.05311],[-123.03068,49.05275],[-123.0305,49.05253],[-123.03015,49.05219],[-123.03008,49.05197],[-123.0302,49.05188],[-123.0306,49.05191],[-123.03127,49.05177],[-123.03169,49.05154],[-123.03238,49.05085],[-123.03304,49.05035],[-123.03311,49.05015],[-123.03358,49.04982],[-123.03412,49.04941],[-123.03443,49.04907],[-123.03477,49.04887],[-123.03499,49.04883],[-123.03506,49.04869],[-123.03514,49.04858],[-123.03547,49.04857],[-123.0356,49.04855],[-123.03577,49.04847],[-123.03603,49.04844],[-123.03612,49.04857],[-123.03602,49.04905],[-123.03587,49.04931],[-123.03561,49.04954],[-123.03549,49.04973],[-123.03549,49.05001],[-123.03542,49.05021],[-123.03514,49.05046],[-123.03496,49.05071],[-123.03491,49.05085],[-123.03495,49.05104],[-123.03508,49.05103],[-123.03523,49.05085],[-123.03552,49.0508],[-123.03594,49.05066],[-123.03632,49.05037],[-123.03648,49.05016],[-123.03666,49.04996],[-123.03719,49.04963],[-123.03763,49.04937],[-123.03821,49.04907],[-123.03841,49.04889],[-123.03854,49.0487],[-123.03861,49.0486],[-123.03893,49.04856],[-123.03922,49.04849],[-123.03946,49.04836],[-123.03899,49.04823],[-123.03886,49.04808],[-123.03902,49.04792],[-123.03915,49.04773],[-123.03913,49.04753],[-123.03912,49.04709],[-123.03921,49.0467],[-123.03924,49.04652],[-123.03946,49.04636],[-123.03999,49.04641],[-123.04066,49.0465],[-123.04113,49.04651],[-123.04132,49.04655],[-123.0416,49.04652],[-123.04188,49.04656],[-123.04204,49.04658],[-123.04223,49.04638],[-123.04242,49.04635],[-123.04359,49.04648],[-123.04381,49.04649],[-123.04425,49.04633],[-123.04469,49.04625],[-123.04485,49.04636],[-123.04496,49.04668],[-123.04509,49.04689],[-123.04527,49.04694],[-123.04542,49.04683],[-123.04537,49.04654],[-123.04557,49.04653],[-123.04587,49.04646],[-123.04561,49.04624],[-123.0451,49.04584],[-123.04482,49.04566],[-123.04472,49.04541],[-123.04472,49.04529],[-123.04486,49.04525],[-123.04523,49.04525],[-123.04549,49.04517],[-123.04562,49.045],[-123.04596,49.04462],[-123.04617,49.04443],[-123.04678,49.04445],[-123.04717,49.04435],[-123.04793,49.04371],[-123.04872,49.04315],[-123.04916,49.04274],[-123.0496,49.04237],[-123.04986,49.04192],[-123.0501,49.0414],[-123.05045,49.04081],[-123.0506,49.04027],[-123.05063,49.03977],[-123.05083,49.039],[-123.05102,49.03823],[-123.05126,49.03748],[-123.0514,49.0366],[-123.05168,49.03605],[-123.0519,49.03571],[-123.05203,49.03529],[-123.05221,49.03486],[-123.0525,49.03446],[-123.05264,49.03415],[-123.05283,49.03379],[-123.05301,49.03352],[-123.05325,49.03329],[-123.05349,49.03281],[-123.05409,49.03194],[-123.05472,49.03105],[-123.05534,49.03014],[-123.05588,49.02941],[-123.05619,49.0288],[-123.0564,49.02829],[-123.05658,49.02797],[-123.05688,49.02755],[-123.05708,49.02715],[-123.05718,49.02658],[-123.05709,49.026],[-123.05688,49.02549],[-123.05669,49.02533],[-123.05645,49.02533],[-123.05638,49.02549],[-123.05656,49.02578],[-123.05672,49.02596],[-123.05653,49.02645],[-123.0565,49.02691],[-123.05653,49.02742],[-123.05639,49.02763],[-123.05616,49.02767],[-123.05575,49.02754],[-123.05541,49.02742],[-123.05512,49.02739],[-123.05462,49.02698],[-123.05445,49.02673],[-123.05429,49.02647],[-123.05399,49.02615],[-123.05367,49.02573],[-123.05341,49.02556],[-123.0532,49.02536],[-123.05305,49.02499],[-123.05281,49.02478],[-123.05216,49.02454],[-123.05131,49.02426],[-123.05067,49.02391],[-123.0503,49.0236],[-123.04955,49.02315],[-123.04896,49.02285],[-123.04862,49.02275],[-123.04804,49.02264],[-123.04741,49.02252],[-123.04688,49.02233],[-123.04607,49.02186],[-123.04551,49.02164],[-123.04504,49.02143],[-123.04464,49.02126],[-123.04423,49.02111],[-123.04388,49.02091],[-123.04291,49.02054],[-123.04185,49.02005],[-123.04113,49.01965],[-123.04043,49.0189],[-123.04008,49.01841],[-123.03972,49.01783],[-123.03949,49.01733],[-123.0394,49.0167],[-123.03936,49.01616],[-123.03938,49.01555],[-123.03925,49.01491],[-123.03899,49.01451],[-123.03852,49.01419],[-123.03808,49.01384],[-123.0377,49.01336],[-123.03743,49.0127],[-123.03723,49.01204],[-123.03696,49.01135],[-123.03666,49.01049],[-123.03651,49.00944],[-123.03627,49.0086],[-123.03598,49.00789],[-123.03563,49.00727],[-123.03553,49.00657],[-123.03542,49.00582],[-123.03549,49.00502],[-123.03541,49.00412],[-123.0352,49.0026],[-123.03511,49.00209],[-122.75786,49.00208],[-122.75767,49.00215],[-122.75774,49.00223],[-122.75876,49.00308],[-122.75996,49.00408],[-122.76092,49.00488],[-122.76222,49.00585],[-122.76334,49.00663],[-122.76444,49.00713],[-122.76563,49.00756],[-122.76683,49.0081],[-122.76783,49.00871],[-122.76868,49.00909],[-122.76982,49.00965],[-122.771,49.01018],[-122.77187,49.01055],[-122.77294,49.01112],[-122.774,49.01151],[-122.77531,49.01202],[-122.77627,49.01233],[-122.77741,49.01266],[-122.77743,49.01275],[-122.77912,49.01328],[-122.7792,49.01324],[-122.77939,49.01323],[-122.78068,49.01343],[-122.78304,49.01407],[-122.78555,49.01476],[-122.78777,49.01544],[-122.78999,49.0163],[-122.79221,49.01695],[-122.79438,49.01762],[-122.79642,49.0183],[-122.7984,49.01885],[-122.80028,49.01936],[-122.80186,49.01987],[-122.80341,49.02042],[-122.80466,49.02071],[-122.80575,49.02099],[-122.80644,49.02114],[-122.80768,49.02159],[-122.80853,49.02182],[-122.80939,49.02213],[-122.81064,49.02247],[-122.81106,49.02253],[-122.81231,49.0229],[-122.81321,49.0231],[-122.81493,49.02355],[-122.81527,49.02366],[-122.81613,49.02381],[-122.81656,49.02395],[-122.8172,49.02407],[-122.81746,49.02412],[-122.81785,49.02423],[-122.81823,49.02426],[-122.81909,49.02443],[-122.81957,49.02446],[-122.81995,49.0246],[-122.82085,49.0248],[-122.82171,49.02489],[-122.82257,49.02506],[-122.82343,49.02512],[-122.82385,49.02517],[-122.82471,49.02518],[-122.82643,49.02529],[-122.82686,49.0253],[-122.82772,49.02538],[-122.82815,49.02549],[-122.83073,49.02549],[-122.83202,49.02544],[-122.83287,49.02544],[-122.83331,49.02539],[-122.83373,49.02538],[-122.83502,49.0253],[-122.83545,49.02525],[-122.83674,49.02517],[-122.8376,49.02505],[-122.83932,49.02494],[-122.83974,49.02488],[-122.84018,49.02489],[-122.84103,49.0248],[-122.84147,49.02472],[-122.84232,49.02466],[-122.84276,49.02461],[-122.84318,49.02461],[-122.84361,49.02456],[-122.84658,49.02456],[-122.84743,49.02461],[-122.84788,49.02459],[-122.84873,49.02465],[-122.85002,49.02465],[-122.85045,49.02468],[-122.85131,49.02468],[-122.85174,49.02465],[-122.85217,49.02468],[-122.85603,49.02468],[-122.85646,49.02466],[-122.85732,49.02465],[-122.85819,49.02471],[-122.85861,49.02472],[-122.85947,49.02463],[-122.86072,49.02446],[-122.86201,49.02435],[-122.86286,49.02435],[-122.8633,49.02432],[-122.86544,49.02433],[-122.8663,49.02441],[-122.86716,49.02456],[-122.86759,49.02467],[-122.86836,49.02504],[-122.87043,49.02586],[-122.87128,49.02634],[-122.873,49.02747],[-122.87407,49.02843],[-122.87446,49.02872],[-122.87472,49.029],[-122.8748,49.02922],[-122.87506,49.02942],[-122.8754,49.02996],[-122.87544,49.03024],[-122.87557,49.03053],[-122.87561,49.03109],[-122.87569,49.0314],[-122.87595,49.03197],[-122.87617,49.03228],[-122.87642,49.03313],[-122.87659,49.03341],[-122.87685,49.03369],[-122.87724,49.03426],[-122.87779,49.03482],[-122.87797,49.03511],[-122.87827,49.03539],[-122.87895,49.03593],[-122.88045,49.03748],[-122.88084,49.03802],[-122.88101,49.03859],[-122.88165,49.03946],[-122.88255,49.04088],[-122.88302,49.04141],[-122.88353,49.04223],[-122.88366,49.04251],[-122.88413,49.04303],[-122.88439,49.04359],[-122.88448,49.04393],[-122.88461,49.04418],[-122.88456,49.04472],[-122.88455,49.04591],[-122.88449,49.04692],[-122.88429,49.048],[-122.88429,49.04825],[-122.88429,49.0491],[-122.88447,49.04997],[-122.88477,49.05107],[-122.88554,49.0526],[-122.88567,49.05274],[-122.8857,49.05302],[-122.88605,49.05359],[-122.88631,49.05415],[-122.88686,49.055],[-122.88711,49.05555],[-122.88742,49.05652],[-122.88754,49.05684],[-122.88766,49.05763],[-122.88757,49.05804],[-122.88707,49.05808],[-122.88669,49.05792],[-122.88633,49.05783],[-122.88591,49.05818],[-122.88498,49.05899],[-122.88399,49.05981],[-122.88284,49.06042],[-122.88216,49.06052],[-122.88197,49.0604],[-122.88176,49.06019],[-122.88131,49.06048],[-122.88099,49.06055],[-122.88032,49.06078],[-122.88012,49.06106],[-122.88014,49.06162],[-122.88004,49.062],[-122.87949,49.06231],[-122.87828,49.06288],[-122.87728,49.06323],[-122.87682,49.0633],[-122.87693,49.06301],[-122.87769,49.06251],[-122.87856,49.0618],[-122.87894,49.06121],[-122.87901,49.06057],[-122.87886,49.06015],[-122.87841,49.05996],[-122.87829,49.05985],[-122.87813,49.05939],[-122.87779,49.05923],[-122.87747,49.05927],[-122.87725,49.05953],[-122.87707,49.05999],[-122.87685,49.06007],[-122.87662,49.05995],[-122.87629,49.05963],[-122.87601,49.05908],[-122.87598,49.05881],[-122.87614,49.05867],[-122.87656,49.0586],[-122.87717,49.05857],[-122.87768,49.0584],[-122.87896,49.05762],[-122.87925,49.05737],[-122.87923,49.05716],[-122.87893,49.05709],[-122.87828,49.05718],[-122.87736,49.05716],[-122.8766,49.05701],[-122.87597,49.0568],[-122.87569,49.05701],[-122.87534,49.05764],[-122.87508,49.0578],[-122.87415,49.05774],[-122.87401,49.05765],[-122.87375,49.05755],[-122.87346,49.0576],[-122.87285,49.05757],[-122.87233,49.05754],[-122.8718,49.05739],[-122.87126,49.05725],[-122.87125,49.05725],[-122.87021,49.05767],[-122.8692,49.05833],[-122.86919,49.05833],[-122.86939,49.0584],[-122.86956,49.05872],[-122.86913,49.05871],[-122.86893,49.05895],[-122.86871,49.05942],[-122.86851,49.05987],[-122.86807,49.06018],[-122.86799,49.06037],[-122.8679,49.06071],[-122.86762,49.06091],[-122.86753,49.06107],[-122.86727,49.06119],[-122.86647,49.06123],[-122.8663,49.06133],[-122.86622,49.06163],[-122.86597,49.06172],[-122.86555,49.0618],[-122.86504,49.06221],[-122.86413,49.06234],[-122.86322,49.06239],[-122.8627,49.06261],[-122.86253,49.06281],[-122.86214,49.06293],[-122.86152,49.0631],[-122.86129,49.06343],[-122.86094,49.06415],[-122.86073,49.06499],[-122.86061,49.06573],[-122.86027,49.06663],[-122.86007,49.0672],[-122.86013,49.06778],[-122.86019,49.06833],[-122.86004,49.0686],[-122.85966,49.06893],[-122.85944,49.06932],[-122.85933,49.07004],[-122.85928,49.07085],[-122.8595,49.07122],[-122.85947,49.07148],[-122.85934,49.07177],[-122.85918,49.07223],[-122.85913,49.07325],[-122.85917,49.07456],[-122.85931,49.0751],[-122.85982,49.07542],[-122.8599,49.07586],[-122.85999,49.07653],[-122.86003,49.07694],[-122.86038,49.07708],[-122.86067,49.07717],[-122.86053,49.07743],[-122.86095,49.07751],[-122.86093,49.07765],[-122.86079,49.07782],[-122.86125,49.0779],[-122.86131,49.07803],[-122.86128,49.07827],[-122.86155,49.0784],[-122.86176,49.07856],[-122.86142,49.07869],[-122.86103,49.07872],[-122.86095,49.07853],[-122.86069,49.07827],[-122.86031,49.07804],[-122.85979,49.07787],[-122.85974,49.07804],[-122.86004,49.07824],[-122.86036,49.07848],[-122.86038,49.07867],[-122.86022,49.07894],[-122.85949,49.07923],[-122.85846,49.07959],[-122.85783,49.07985],[-122.85746,49.0801],[-122.85681,49.0802],[-122.85538,49.0802],[-122.85503,49.08013],[-122.85476,49.07982],[-122.85445,49.07961],[-122.85433,49.07962],[-122.85431,49.07981],[-122.85447,49.08017],[-122.85439,49.08034],[-122.85407,49.08038],[-122.8539,49.08037],[-122.85389,49.08037],[-122.85311,49.08311]]]},"properties":{"MGNT_AREA":29,"SUBAREA_":8,"NAME":"Subarea 29-8","LABEL":"29-8","SQ_KM":115.89089877000001}},{"type":"Feature","geometry":{"type":"Polygon","coordinates":[[[-123.31025,49.08769],[-123.30141,49.00208],[-123.12826,49.00206],[-123.12864,49.00217],[-123.25631,49.03817],[-123.31025,49.08769]]]},"properties":{"MGNT_AREA":29,"SUBAREA_":6,"NAME":"Subarea 29-6","LABEL":"29-6","SQ_KM":42.402295479999999}},{"type":"Feature","geometry":{"type":"Polygon","coordinates":[[[-123.29148,48.87386],[-123.29141,48.87398],[-123.2914,48.87398],[-123.30304,48.99162],[-123.32225,49.00208],[-123.30141,49.00208],[-123.31025,49.08769],[-123.30314,49.10597],[-123.64161,49.14994],[-123.34363,48.90418],[-123.34377,48.90413],[-123.34376,48.90412],[-123.34373,48.90362],[-123.34425,48.90348],[-123.34435,48.90339],[-123.34362,48.90295],[-123.34338,48.90232],[-123.343,48.90216],[-123.34265,48.90229],[-123.34245,48.90229],[-123.34227,48.90202],[-123.3419,48.90206],[-123.34178,48.90166],[-123.34067,48.90111],[-123.34071,48.90102],[-123.34109,48.90098],[-123.34151,48.9008],[-123.34161,48.90038],[-123.34164,48.90026],[-123.34147,48.89988],[-123.34113,48.89962],[-123.34047,48.89941],[-123.33953,48.8993],[-123.33913,48.8992],[-123.33856,48.89894],[-123.33852,48.89882],[-123.33871,48.89867],[-123.33846,48.89844],[-123.33846,48.89832],[-123.33881,48.89782],[-123.33837,48.89764],[-123.33797,48.89752],[-123.33801,48.89736],[-123.33859,48.89731],[-123.3387,48.89725],[-123.33845,48.89701],[-123.33824,48.89654],[-123.33801,48.89642],[-123.33738,48.89642],[-123.33686,48.89624],[-123.33658,48.89608],[-123.33596,48.8959],[-123.33492,48.89532],[-123.33488,48.89521],[-123.33509,48.89507],[-123.33622,48.89503],[-123.33637,48.89464],[-123.33627,48.89447],[-123.3358,48.89421],[-123.33527,48.89405],[-123.33467,48.89377],[-123.33415,48.89331],[-123.33415,48.89313],[-123.33443,48.89295],[-123.33575,48.89277],[-123.33618,48.89259],[-123.33674,48.89247],[-123.33698,48.89231],[-123.3382,48.89221],[-123.33881,48.89235],[-123.34089,48.89226],[-123.34112,48.89221],[-123.34151,48.89222],[-123.34103,48.89207],[-123.34042,48.89193],[-123.33951,48.8917],[-123.33883,48.89132],[-123.33826,48.89125],[-123.33692,48.8905],[-123.33646,48.89049],[-123.33591,48.89034],[-123.33581,48.89027],[-123.33582,48.89013],[-123.33595,48.89002],[-123.33595,48.88984],[-123.33575,48.88966],[-123.33575,48.88952],[-123.33598,48.88942],[-123.33646,48.88955],[-123.3367,48.88936],[-123.3364,48.8889],[-123.33601,48.88869],[-123.3356,48.88835],[-123.33516,48.88862],[-123.33501,48.88922],[-123.33483,48.8894],[-123.33441,48.8894],[-123.33373,48.88918],[-123.33318,48.88913],[-123.33283,48.8889],[-123.33195,48.88867],[-123.33099,48.88799],[-123.33096,48.88772],[-123.33114,48.88756],[-123.33114,48.88722],[-123.33033,48.88684],[-123.32999,48.88597],[-123.32951,48.88585],[-123.32892,48.8854],[-123.3285,48.88535],[-123.32795,48.88502],[-123.32749,48.88383],[-123.32604,48.88285],[-123.32591,48.8828],[-123.32566,48.88248],[-123.32562,48.88168],[-123.32513,48.8811],[-123.32513,48.88081],[-123.3249,48.8804],[-123.32452,48.88021],[-123.32396,48.87978],[-123.32312,48.87962],[-123.32275,48.87951],[-123.3225,48.87958],[-123.32243,48.8801],[-123.32323,48.88115],[-123.32372,48.88161],[-123.32445,48.88211],[-123.32479,48.8826],[-123.32458,48.88315],[-123.32573,48.88445],[-123.32562,48.88463],[-123.32517,48.88467],[-123.32501,48.88479],[-123.32497,48.88502],[-123.32527,48.8852],[-123.3258,48.88543],[-123.32576,48.88554],[-123.3252,48.88541],[-123.32469,48.88539],[-123.32469,48.88549],[-123.32532,48.88585],[-123.32539,48.88598],[-123.32531,48.88611],[-123.32472,48.88605],[-123.32434,48.88598],[-123.3242,48.88604],[-123.32434,48.88619],[-123.3251,48.88655],[-123.32524,48.88684],[-123.32476,48.88678],[-123.32421,48.88669],[-123.32455,48.88687],[-123.3248,48.88708],[-123.32475,48.8872],[-123.3242,48.88716],[-123.32343,48.88692],[-123.32258,48.88655],[-123.32102,48.88621],[-123.32082,48.88603],[-123.32105,48.88584],[-123.32112,48.88548],[-123.32147,48.88535],[-123.3215,48.88484],[-123.32098,48.88458],[-123.32064,48.88422],[-123.32005,48.88404],[-123.31894,48.88344],[-123.31824,48.88357],[-123.31772,48.88357],[-123.31731,48.88331],[-123.31724,48.88287],[-123.31668,48.88263],[-123.31529,48.88223],[-123.3144,48.88168],[-123.31336,48.88139],[-123.31181,48.88029],[-123.31166,48.8801],[-123.31166,48.8799],[-123.31181,48.87981],[-123.31201,48.87975],[-123.29148,48.87386]],[[-123.32892,48.89264],[-123.32882,48.89267],[-123.32861,48.89261],[-123.3284,48.89249],[-123.32848,48.89243],[-123.32857,48.89243],[-123.32882,48.89255],[-123.32892,48.89264]],[[-123.32718,48.8858],[-123.32704,48.8858],[-123.3269,48.8858],[-123.32673,48.88578],[-123.3267,48.88565],[-123.3267,48.88556],[-123.32673,48.88556],[-123.32687,48.88562],[-123.32711,48.88571],[-123.32718,48.8858]],[[-123.33589,48.90061],[-123.33573,48.90063],[-123.33559,48.90061],[-123.33527,48.90059],[-123.33458,48.90044],[-123.33405,48.90026],[-123.33394,48.90014],[-123.33416,48.90009],[-123.33463,48.90017],[-123.3352,48.90022],[-123.33589,48.90061]],[[-123.31683,48.88639],[-123.31742,48.88654],[-123.31866,48.88685],[-123.31929,48.88722],[-123.31985,48.88742],[-123.32071,48.88756],[-123.32143,48.88795],[-123.32147,48.88826],[-123.32189,48.88863],[-123.32359,48.88971],[-123.32334,48.89008],[-123.32345,48.89042],[-123.32383,48.89067],[-123.32536,48.89133],[-123.32632,48.89197],[-123.32639,48.89208],[-123.32622,48.89225],[-123.32577,48.89231],[-123.32577,48.8924],[-123.32608,48.89266],[-123.32598,48.89277],[-123.32552,48.89291],[-123.32556,48.89311],[-123.32601,48.89325],[-123.32639,48.89355],[-123.32653,48.89382],[-123.32684,48.89407],[-123.32671,48.89421],[-123.32632,48.89423],[-123.32535,48.89396],[-123.32536,48.89409],[-123.32516,48.89418],[-123.32494,48.89424],[-123.32468,48.89428],[-123.32442,48.89426],[-123.3239,48.89417],[-123.3238,48.8943],[-123.3239,48.89458],[-123.32376,48.89467],[-123.32339,48.89465],[-123.323,48.89458],[-123.32255,48.89444],[-123.32214,48.89419],[-123.3213,48.89341],[-123.32037,48.89275],[-123.32026,48.8925],[-123.32043,48.89231],[-123.3203,48.8922],[-123.31915,48.89179],[-123.31882,48.89176],[-123.31853,48.89165],[-123.31833,48.89167],[-123.31794,48.89159],[-123.31764,48.89168],[-123.31728,48.89166],[-123.31677,48.89143],[-123.31614,48.89109],[-123.31607,48.89093],[-123.31617,48.89083],[-123.31863,48.89093],[-123.31873,48.89072],[-123.3186,48.89056],[-123.31825,48.89037],[-123.31725,48.89008],[-123.31655,48.88964],[-123.31593,48.88941],[-123.31555,48.88895],[-123.31471,48.88843],[-123.31246,48.8875],[-123.31246,48.88741],[-123.3126,48.88735],[-123.31326,48.88761],[-123.3143,48.88765],[-123.31509,48.88802],[-123.31553,48.88814],[-123.31603,48.88818],[-123.3169,48.88858],[-123.31735,48.88877],[-123.31857,48.88877],[-123.3187,48.88842],[-123.3177,48.88779],[-123.31652,48.88737],[-123.31655,48.88725],[-123.31676,48.88711],[-123.31686,48.88676],[-123.31647,48.88654],[-123.31638,48.88658],[-123.31641,48.8865],[-123.31647,48.88654],[-123.31683,48.88639]]]},"properties":{"MGNT_AREA":29,"SUBAREA_":4,"NAME":"Subarea 29-4","LABEL":"29-4","SQ_KM":325.60352134999999}},{"type":"Feature","geometry":{"type":"Polygon","coordinates":[[[-123.5737,49.01398],[-123.57346,49.01394],[-123.57304,49.01362],[-123.57269,49.01309],[-123.5727,49.01268],[-123.57294,49.01273],[-123.57314,49.01288],[-123.57352,49.01245],[-123.5734,49.0125],[-123.57329,49.01243],[-123.57329,49.01223],[-123.57357,49.01181],[-123.57346,49.01124],[-123.57274,49.01044],[-123.57191,49.00987],[-123.57159,49.00975],[-123.57139,49.00982],[-123.57108,49.00996],[-123.5709,49.0103],[-123.57066,49.01048],[-123.57024,49.01064],[-123.56982,49.01062],[-123.56923,49.0097],[-123.56913,49.00918],[-123.56864,49.00874],[-123.56816,49.00801],[-123.56733,49.00757],[-123.56709,49.00723],[-123.56692,49.00659],[-123.56622,49.00597],[-123.5657,49.00501],[-123.56342,49.00283],[-123.56265,49.0024],[-123.56178,49.00176],[-123.56085,49.00059],[-123.56053,48.99993],[-123.56047,48.9998],[-123.56025,48.99903],[-123.55917,48.99783],[-123.55828,48.99746],[-123.55715,48.99706],[-123.55651,48.99655],[-123.55457,48.99461],[-123.55378,48.99275],[-123.55347,48.99257],[-123.55256,48.9923],[-123.55236,48.99214],[-123.55143,48.99099],[-123.55049,48.99012],[-123.55001,48.98943],[-123.54907,48.98861],[-123.54594,48.98669],[-123.54536,48.98605],[-123.54311,48.98419],[-123.54181,48.98351],[-123.53976,48.98169],[-123.53845,48.98078],[-123.53782,48.98009],[-123.53689,48.97983],[-123.53485,48.979],[-123.53436,48.97866],[-123.53391,48.97807],[-123.53294,48.97728],[-123.53178,48.97677],[-123.53069,48.9759],[-123.52901,48.97411],[-123.52789,48.97319],[-123.52631,48.97197],[-123.52589,48.97116],[-123.52488,48.97069],[-123.52402,48.97013],[-123.52337,48.96943],[-123.5224,48.96898],[-123.52188,48.96829],[-123.52015,48.96734],[-123.51981,48.96694],[-123.51942,48.96627],[-123.51873,48.96579],[-123.51773,48.96538],[-123.51693,48.96521],[-123.51634,48.96483],[-123.51589,48.96439],[-123.51469,48.9635],[-123.51399,48.96272],[-123.51334,48.96235],[-123.5122,48.96188],[-123.50987,48.96051],[-123.50845,48.96008],[-123.50787,48.9596],[-123.50745,48.95889],[-123.50676,48.9584],[-123.50413,48.95751],[-123.5024,48.95664],[-123.50191,48.95658],[-123.50133,48.95684],[-123.50124,48.95688],[-123.50082,48.9569],[-123.50051,48.95686],[-123.50005,48.95671],[-123.4994,48.95642],[-123.49905,48.95639],[-123.49801,48.9561],[-123.49647,48.95551],[-123.49599,48.95531],[-123.49547,48.95521],[-123.49464,48.95492],[-123.49439,48.95482],[-123.49381,48.9544],[-123.49356,48.95399],[-123.49297,48.95345],[-123.49269,48.9528],[-123.49207,48.95246],[-123.49064,48.95193],[-123.48988,48.95157],[-123.48952,48.95132],[-123.48932,48.95082],[-123.48831,48.9502],[-123.48772,48.95016],[-123.48737,48.9502],[-123.48706,48.95037],[-123.4871,48.95062],[-123.48685,48.95064],[-123.48373,48.94982],[-123.48315,48.94955],[-123.48207,48.9495],[-123.48047,48.9491],[-123.47971,48.94919],[-123.47912,48.94949],[-123.47898,48.94988],[-123.4786,48.94985],[-123.47728,48.94936],[-123.47636,48.94919],[-123.47417,48.94864],[-123.47287,48.94827],[-123.47237,48.94806],[-123.47163,48.94765],[-123.47105,48.94744],[-123.4705,48.94734],[-123.47005,48.94733],[-123.4695,48.94734],[-123.46904,48.94727],[-123.46849,48.94725],[-123.46818,48.94719],[-123.46786,48.9471],[-123.46738,48.94698],[-123.46672,48.94683],[-123.46606,48.94661],[-123.46558,48.9464],[-123.46509,48.94619],[-123.46451,48.94581],[-123.46426,48.94551],[-123.46426,48.94508],[-123.4636,48.94479],[-123.46253,48.94452],[-123.46124,48.94406],[-123.46003,48.94352],[-123.45913,48.94331],[-123.45837,48.94301],[-123.45766,48.94288],[-123.45465,48.94194],[-123.45403,48.9417],[-123.45236,48.94131],[-123.45056,48.94064],[-123.44941,48.94017],[-123.44903,48.93987],[-123.44906,48.93944],[-123.44861,48.93919],[-123.44761,48.93927],[-123.44708,48.93917],[-123.44531,48.93848],[-123.44479,48.93847],[-123.44437,48.93835],[-123.44372,48.938],[-123.44285,48.93775],[-123.44018,48.93666],[-123.43882,48.93591],[-123.43713,48.93523],[-123.43452,48.93391],[-123.43348,48.93352],[-123.43191,48.93259],[-123.43041,48.93203],[-123.42956,48.93165],[-123.42913,48.93145],[-123.42889,48.93126],[-123.42869,48.93087],[-123.42817,48.93058],[-123.4275,48.93035],[-123.42681,48.93003],[-123.42459,48.92937],[-123.42244,48.92846],[-123.42157,48.92825],[-123.42109,48.92802],[-123.41904,48.92741],[-123.41734,48.92666],[-123.41682,48.9265],[-123.41554,48.92604],[-123.41508,48.92584],[-123.4136,48.92501],[-123.4128,48.92449],[-123.41224,48.92397],[-123.41148,48.92363],[-123.41074,48.92312],[-123.41075,48.92289],[-123.41103,48.92252],[-123.41061,48.922],[-123.40897,48.92111],[-123.40818,48.92085],[-123.40682,48.92013],[-123.40648,48.91982],[-123.40623,48.91915],[-123.4061,48.91901],[-123.4055,48.91917],[-123.40536,48.91938],[-123.40446,48.91931],[-123.40412,48.91968],[-123.40384,48.91968],[-123.40291,48.91945],[-123.40228,48.91943],[-123.40044,48.91902],[-123.39961,48.91871],[-123.39767,48.91824],[-123.39715,48.918],[-123.39656,48.91786],[-123.39584,48.9175],[-123.39424,48.91697],[-123.39333,48.91647],[-123.39223,48.91608],[-123.39073,48.9154],[-123.39004,48.91524],[-123.38744,48.91426],[-123.3865,48.91375],[-123.38557,48.91311],[-123.38487,48.9128],[-123.38227,48.91197],[-123.38144,48.91161],[-123.38127,48.91171],[-123.38099,48.91168],[-123.3805,48.91154],[-123.3802,48.91168],[-123.37984,48.91159],[-123.37912,48.91124],[-123.37857,48.9111],[-123.37804,48.91088],[-123.37728,48.91087],[-123.37627,48.91056],[-123.37589,48.91035],[-123.37566,48.91047],[-123.37531,48.9104],[-123.37414,48.91019],[-123.37326,48.90997],[-123.37226,48.90986],[-123.37135,48.90968],[-123.37045,48.9094],[-123.37,48.90918],[-123.36964,48.90913],[-123.3692,48.90897],[-123.3687,48.9091],[-123.368,48.9092],[-123.36771,48.90911],[-123.36577,48.90847],[-123.36499,48.90849],[-123.36397,48.90836],[-123.36375,48.90834],[-123.36243,48.90795],[-123.36208,48.90786],[-123.36192,48.90768],[-123.36195,48.90759],[-123.36224,48.90747],[-123.36179,48.90729],[-123.36144,48.90701],[-123.36143,48.90621],[-123.3613,48.90612],[-123.36112,48.90624],[-123.36078,48.90699],[-123.36057,48.90701],[-123.35981,48.90663],[-123.35929,48.90649],[-123.35912,48.90649],[-123.35877,48.90674],[-123.35799,48.90673],[-123.35741,48.90665],[-123.35676,48.90626],[-123.35635,48.90613],[-123.3562,48.90619],[-123.35627,48.90649],[-123.35603,48.90653],[-123.35575,48.90674],[-123.35502,48.9068],[-123.35419,48.90667],[-123.35377,48.90659],[-123.35291,48.90622],[-123.35249,48.90594],[-123.35248,48.90593],[-123.35243,48.9059],[-123.35136,48.90582],[-123.35059,48.90569],[-123.34934,48.90545],[-123.3483,48.9054],[-123.34773,48.9053],[-123.34698,48.90515],[-123.34628,48.90511],[-123.34553,48.90502],[-123.34459,48.90479],[-123.34453,48.90474],[-123.34467,48.90462],[-123.34518,48.90448],[-123.34481,48.90437],[-123.34412,48.90431],[-123.34377,48.90413],[-123.34363,48.90418],[-123.64161,49.14994],[-123.68155,49.12581],[-123.68153,49.12576],[-123.68159,49.12578],[-123.68162,49.12576],[-123.7021,49.12833],[-123.70198,49.12813],[-123.70165,49.12813],[-123.70092,49.12794],[-123.70012,49.12749],[-123.69963,49.12701],[-123.69953,49.12698],[-123.69779,49.12508],[-123.69664,49.12406],[-123.69445,49.12268],[-123.69351,49.12227],[-123.69215,49.12136],[-123.69132,49.12099],[-123.69031,49.12069],[-123.68986,49.12037],[-123.68892,49.11927],[-123.68746,49.11808],[-123.68715,49.11797],[-123.68669,49.11802],[-123.68607,49.11829],[-123.68565,49.11861],[-123.68506,49.11861],[-123.68468,49.11831],[-123.68384,49.1174],[-123.6822,49.116],[-123.68179,49.11586],[-123.68085,49.11582],[-123.68033,49.1157],[-123.67883,49.11435],[-123.67824,49.11353],[-123.67789,49.11252],[-123.67776,49.11245],[-123.67702,49.11248],[-123.67643,49.11195],[-123.67553,49.11168],[-123.67473,49.11108],[-123.67389,49.11069],[-123.67296,49.10984],[-123.67191,49.10913],[-123.67118,49.10847],[-123.66917,49.10527],[-123.66896,49.10429],[-123.66868,49.10381],[-123.66868,49.10358],[-123.66879,49.10351],[-123.66945,49.10353],[-123.66962,49.10337],[-123.66959,49.10255],[-123.66924,49.10212],[-123.66876,49.10172],[-123.66844,49.10163],[-123.66795,49.10189],[-123.66757,49.10186],[-123.66726,49.10163],[-123.66712,49.10131],[-123.66715,49.10109],[-123.66729,49.10095],[-123.66806,49.10088],[-123.66841,49.10052],[-123.66795,49.0996],[-123.66795,49.09912],[-123.66765,49.09875],[-123.66764,49.09859],[-123.6681,49.09843],[-123.66866,49.09841],[-123.66928,49.09802],[-123.67036,49.09793],[-123.67061,49.09775],[-123.6705,49.0972],[-123.6706,49.09704],[-123.6697,49.0962],[-123.66959,49.09569],[-123.66936,49.09541],[-123.66936,49.09523],[-123.6695,49.09507],[-123.67012,49.09498],[-123.67026,49.09489],[-123.67078,49.09405],[-123.6703,49.09348],[-123.66901,49.09276],[-123.66859,49.09265],[-123.66779,49.09277],[-123.6671,49.09277],[-123.66682,49.09267],[-123.66226,49.08949],[-123.66136,49.08905],[-123.66045,49.08848],[-123.65997,49.08798],[-123.65955,49.08711],[-123.65795,49.08629],[-123.65698,49.08542],[-123.65407,49.08319],[-123.65361,49.08262],[-123.65292,49.08137],[-123.65237,49.08114],[-123.65177,49.08113],[-123.65153,49.08107],[-123.65121,49.0807],[-123.65073,49.08049],[-123.65014,49.0801],[-123.64878,49.07887],[-123.64861,49.07839],[-123.6483,49.078],[-123.64778,49.07784],[-123.64701,49.07779],[-123.64649,49.07766],[-123.64507,49.0769],[-123.64399,49.07601],[-123.64343,49.07537],[-123.64222,49.07463],[-123.64177,49.07388],[-123.64149,49.0736],[-123.64083,49.07342],[-123.63958,49.07322],[-123.63874,49.07319],[-123.63818,49.07301],[-123.63763,49.07216],[-123.63735,49.07195],[-123.63708,49.07145],[-123.63593,49.07092],[-123.63468,49.0701],[-123.63433,49.06978],[-123.63433,49.06955],[-123.63468,49.06927],[-123.63472,49.06904],[-123.63468,49.06903],[-123.63277,49.06886],[-123.63142,49.06813],[-123.62933,49.06667],[-123.62447,49.06245],[-123.62402,49.06188],[-123.62363,49.0611],[-123.62363,49.06085],[-123.62378,49.06076],[-123.62423,49.06078],[-123.62447,49.06072],[-123.62486,49.06038],[-123.62503,49.06008],[-123.62503,49.05973],[-123.62476,49.05937],[-123.62462,49.05884],[-123.62444,49.05861],[-123.62312,49.05788],[-123.6227,49.0579],[-123.62208,49.05836],[-123.62173,49.0584],[-123.62135,49.05831],[-123.62107,49.05813],[-123.6201,49.05726],[-123.61958,49.05733],[-123.6193,49.05753],[-123.61902,49.05753],[-123.61877,49.05735],[-123.61857,49.05696],[-123.61808,49.05657],[-123.61805,49.05641],[-123.61823,49.05632],[-123.61843,49.05632],[-123.61903,49.05643],[-123.61934,49.05616],[-123.61913,49.05556],[-123.61878,49.05508],[-123.61833,49.05493],[-123.61805,49.05472],[-123.61615,49.0522],[-123.61542,49.05145],[-123.61365,49.04992],[-123.61202,49.04767],[-123.61164,49.04735],[-123.61115,49.04723],[-123.61024,49.0468],[-123.609,49.0452],[-123.60828,49.04378],[-123.60768,49.04309],[-123.60776,49.04282],[-123.60799,49.04282],[-123.60845,49.04298],[-123.60901,49.04264],[-123.60918,49.04239],[-123.60894,49.04213],[-123.6089,49.04177],[-123.60773,49.04115],[-123.60713,49.04053],[-123.60609,49.04019],[-123.60522,49.03968],[-123.60422,49.03932],[-123.60332,49.0386],[-123.60258,49.03769],[-123.60227,49.03753],[-123.60189,49.03753],[-123.60144,49.03716],[-123.60137,49.03668],[-123.60193,49.03602],[-123.60207,49.03568],[-123.60186,49.03513],[-123.60197,49.03467],[-123.60191,49.03371],[-123.60189,49.0337],[-123.60187,49.03366],[-123.60176,49.0335],[-123.60128,49.0333],[-123.60086,49.03296],[-123.60069,49.03289],[-123.60027,49.03293],[-123.60006,49.0328],[-123.59965,49.03218],[-123.59959,49.03216],[-123.5986,49.0319],[-123.59777,49.0305],[-123.59753,49.0303],[-123.59698,49.03016],[-123.59677,49.03002],[-123.59653,49.02963],[-123.59607,49.02922],[-123.59534,49.02831],[-123.59534,49.02825],[-123.57391,49.01424],[-123.5737,49.01398]],[[-123.68937,49.12204],[-123.68986,49.12222],[-123.69093,49.12298],[-123.6925,49.12421],[-123.69316,49.12508],[-123.69289,49.12515],[-123.6925,49.12495],[-123.69191,49.12449],[-123.69132,49.12366],[-123.69062,49.12321],[-123.68972,49.12291],[-123.6893,49.12268],[-123.68913,49.12247],[-123.68912,49.12218],[-123.68926,49.12206],[-123.68937,49.12204]],[[-123.60759,49.0461],[-123.60789,49.04616],[-123.60802,49.04632],[-123.60816,49.04668],[-123.60893,49.04771],[-123.60927,49.04849],[-123.60903,49.04853],[-123.60882,49.04835],[-123.60759,49.0461]],[[-123.58861,49.02786],[-123.58899,49.02805],[-123.5894,49.02848],[-123.5894,49.02878],[-123.58916,49.02885],[-123.58898,49.02876],[-123.58843,49.02811],[-123.58839,49.02795],[-123.58861,49.02786]],[[-123.60456,49.04163],[-123.6047,49.04172],[-123.60483,49.04201],[-123.60512,49.04217],[-123.60515,49.04229],[-123.6049,49.04234],[-123.60442,49.04206],[-123.60424,49.04165],[-123.60456,49.04163]],[[-123.68728,49.12023],[-123.68756,49.12035],[-123.68787,49.12071],[-123.68777,49.12078],[-123.68745,49.12078],[-123.68728,49.12067],[-123.68707,49.12026],[-123.68728,49.12023]],[[-123.58708,49.02617],[-123.58774,49.02702],[-123.58763,49.02711],[-123.58708,49.02649],[-123.58708,49.02617]]]},"properties":{"MGNT_AREA":29,"SUBAREA_":5,"NAME":"Subarea 29-5","LABEL":"29-5","SQ_KM":160.10261997999999}},{"type":"Feature","geometry":{"type":"Polygon","coordinates":[[[-123.46213,49.34767],[-123.46232,49.34765],[-123.46288,49.34776],[-123.46275,49.34821],[-123.46311,49.34832],[-123.46391,49.3481],[-123.46443,49.34809],[-123.46495,49.34821],[-123.46486,49.34839],[-123.46506,49.34844],[-123.48595,49.35833],[-123.48617,49.35844],[-123.48624,49.35842],[-123.48679,49.35842],[-123.48665,49.35869],[-123.53591,49.3836],[-123.53613,49.38362],[-123.64161,49.14994],[-123.30314,49.10597],[-123.27964,49.25733],[-123.26447,49.26553],[-123.26453,49.2659],[-123.2645,49.26647],[-123.26434,49.26669],[-123.26467,49.33035],[-123.26489,49.33033],[-123.26514,49.33036],[-123.26528,49.33042],[-123.36072,49.33558],[-123.36085,49.33566],[-123.36086,49.33566],[-123.36149,49.33545],[-123.36238,49.33533],[-123.36292,49.33535],[-123.36343,49.33554],[-123.36383,49.33567],[-123.36465,49.33568],[-123.36481,49.33586],[-123.36451,49.33593],[-123.36369,49.33603],[-123.36318,49.33627],[-123.36316,49.33663],[-123.36366,49.3368],[-123.36435,49.33672],[-123.36453,49.33672],[-123.36446,49.33692],[-123.36457,49.33701],[-123.36488,49.33699],[-123.36523,49.33677],[-123.36552,49.33653],[-123.36601,49.33638],[-123.36654,49.33634],[-123.36687,49.33626],[-123.36723,49.33599],[-123.36733,49.33583],[-123.36775,49.33582],[-123.36784,49.33598],[-123.36794,49.33611],[-123.36812,49.33607],[-123.36827,49.33592],[-123.36851,49.33598],[-123.36864,49.33592],[-123.36877,49.33579],[-123.36903,49.33575],[-123.36941,49.33581],[-123.36945,49.33602],[-123.36945,49.33616],[-123.37019,49.33618],[-123.37016,49.33614],[-123.37061,49.33588],[-123.37164,49.33574],[-123.37212,49.33562],[-123.37367,49.3355],[-123.374,49.33522],[-123.37348,49.33489],[-123.37322,49.33455],[-123.37357,49.33427],[-123.37473,49.33446],[-123.37528,49.33438],[-123.3758,49.33438],[-123.37609,49.33458],[-123.37608,49.3349],[-123.37611,49.33514],[-123.37675,49.33523],[-123.37778,49.33517],[-123.37808,49.33506],[-123.37806,49.33483],[-123.37761,49.33453],[-123.37753,49.33433],[-123.37763,49.33416],[-123.37816,49.334],[-123.37898,49.33369],[-123.37949,49.33366],[-123.38044,49.33387],[-123.38064,49.33401],[-123.38059,49.33419],[-123.38026,49.33431],[-123.37978,49.33447],[-123.37955,49.33459],[-123.37955,49.33484],[-123.37978,49.335],[-123.38008,49.33493],[-123.3807,49.33479],[-123.38135,49.33471],[-123.38193,49.33462],[-123.38228,49.33458],[-123.38285,49.33462],[-123.38295,49.33486],[-123.38271,49.33514],[-123.38232,49.33536],[-123.38222,49.33561],[-123.38228,49.33585],[-123.38261,49.33591],[-123.38324,49.33576],[-123.3847,49.33522],[-123.38573,49.33508],[-123.38612,49.33535],[-123.38655,49.33552],[-123.38706,49.33546],[-123.38758,49.33535],[-123.38809,49.3354],[-123.38861,49.33551],[-123.38913,49.33551],[-123.39015,49.33511],[-123.39118,49.33503],[-123.39161,49.33472],[-123.39213,49.33455],[-123.39264,49.33443],[-123.39307,49.33455],[-123.39358,49.33477],[-123.39505,49.33507],[-123.39603,49.33462],[-123.39659,49.33459],[-123.39758,49.33461],[-123.39861,49.33483],[-123.39918,49.33503],[-123.40021,49.33514],[-123.40119,49.335],[-123.40325,49.3349],[-123.4048,49.33475],[-123.40737,49.33475],[-123.40794,49.33477],[-123.4086,49.33469],[-123.41094,49.33493],[-123.41185,49.33532],[-123.41241,49.33549],[-123.41283,49.33557],[-123.41387,49.33551],[-123.4143,49.33554],[-123.41482,49.33565],[-123.4149,49.33564],[-123.4154,49.33559],[-123.41593,49.33553],[-123.41692,49.33524],[-123.41795,49.3355],[-123.41846,49.33555],[-123.41949,49.33541],[-123.42052,49.33518],[-123.421,49.3352],[-123.42111,49.33585],[-123.42147,49.33588],[-123.422,49.33593],[-123.42272,49.33609],[-123.42355,49.33609],[-123.42409,49.3362],[-123.42466,49.33662],[-123.42522,49.33681],[-123.42625,49.33684],[-123.42677,49.33695],[-123.42781,49.33757],[-123.42824,49.33768],[-123.42876,49.3379],[-123.42944,49.33829],[-123.42996,49.33831],[-123.43061,49.33879],[-123.43082,49.33913],[-123.43117,49.33929],[-123.43169,49.33988],[-123.43195,49.34006],[-123.43299,49.33996],[-123.46213,49.34767]]]},"properties":{"MGNT_AREA":29,"SUBAREA_":3,"NAME":"Subarea 29-3","LABEL":"29-3","SQ_KM":566.33598073999997}},{"type":"Feature","geometry":{"type":"Polygon","coordinates":[[[-123.46486,49.34839],[-123.46478,49.34855],[-123.46482,49.34896],[-123.46427,49.34916],[-123.46393,49.34933],[-123.46305,49.34948],[-123.46252,49.34927],[-123.46229,49.3494],[-123.46197,49.34957],[-123.4613,49.34948],[-123.46027,49.34932],[-123.4592,49.34935],[-123.45786,49.34896],[-123.45683,49.34897],[-123.4566,49.34907],[-123.4569,49.34937],[-123.45712,49.34964],[-123.45687,49.34973],[-123.45663,49.34968],[-123.45647,49.34949],[-123.45628,49.34922],[-123.45617,49.34902],[-123.45582,49.34868],[-123.4555,49.34844],[-123.45498,49.34841],[-123.45446,49.3483],[-123.45403,49.34797],[-123.45445,49.34774],[-123.45495,49.34753],[-123.45557,49.34768],[-123.456,49.34751],[-123.45617,49.34723],[-123.45673,49.34697],[-123.45785,49.34725],[-123.45833,49.34795],[-123.45876,49.34803],[-123.45979,49.34803],[-123.4603,49.34794],[-123.46085,49.34798],[-123.46129,49.34774],[-123.46213,49.34767],[-123.43299,49.33996],[-123.43195,49.34006],[-123.43213,49.34019],[-123.43231,49.34052],[-123.43188,49.34069],[-123.4317,49.34098],[-123.4315,49.34168],[-123.43146,49.34235],[-123.43129,49.34278],[-123.43095,49.34306],[-123.43043,49.34317],[-123.42983,49.34301],[-123.4294,49.34323],[-123.42906,49.34351],[-123.42889,49.34391],[-123.42933,49.34418],[-123.42963,49.34483],[-123.42903,49.34537],[-123.42883,49.34565],[-123.42874,49.34593],[-123.42879,49.34627],[-123.42892,49.3466],[-123.42926,49.34683],[-123.4296,49.34688],[-123.43012,49.3471],[-123.42991,49.34744],[-123.42923,49.34801],[-123.42833,49.34854],[-123.42722,49.34941],[-123.42686,49.34966],[-123.42638,49.34977],[-123.42582,49.34971],[-123.42559,49.34958],[-123.42531,49.34958],[-123.42514,49.34957],[-123.42474,49.34966],[-123.42456,49.34988],[-123.42422,49.35004],[-123.42361,49.35004],[-123.42314,49.35019],[-123.42216,49.3507],[-123.42059,49.35125],[-123.4201,49.3513],[-123.41909,49.35177],[-123.41891,49.3524],[-123.41895,49.35276],[-123.41901,49.35343],[-123.4197,49.35475],[-123.42036,49.35539],[-123.42087,49.35561],[-123.4219,49.35564],[-123.42212,49.356],[-123.42195,49.35631],[-123.42213,49.35701],[-123.42204,49.35735],[-123.42213,49.35774],[-123.42257,49.35791],[-123.42308,49.3578],[-123.42355,49.35785],[-123.42454,49.35807],[-123.42506,49.35801],[-123.42549,49.35784],[-123.42601,49.35795],[-123.42588,49.35826],[-123.4255,49.3588],[-123.42628,49.3593],[-123.42615,49.35964],[-123.42525,49.35989],[-123.42512,49.36023],[-123.42457,49.36077],[-123.42448,49.36111],[-123.42474,49.36139],[-123.42488,49.36206],[-123.42475,49.3624],[-123.42433,49.36304],[-123.42399,49.36324],[-123.42356,49.36341],[-123.42348,49.36375],[-123.42369,49.36426],[-123.42327,49.36448],[-123.42323,49.3648],[-123.42384,49.36537],[-123.42452,49.36548],[-123.42495,49.36526],[-123.42538,49.36514],[-123.42633,49.36536],[-123.42693,49.36536],[-123.42744,49.36531],[-123.42796,49.36536],[-123.42839,49.36547],[-123.42891,49.36547],[-123.42925,49.36535],[-123.4302,49.36516],[-123.43063,49.3653],[-123.43054,49.36557],[-123.43029,49.36591],[-123.42977,49.36614],[-123.42986,49.36647],[-123.43021,49.36675],[-123.43034,49.36703],[-123.43008,49.36768],[-123.42996,49.36833],[-123.42971,49.36867],[-123.4292,49.36895],[-123.42902,49.36923],[-123.42912,49.36951],[-123.42869,49.36985],[-123.42826,49.37002],[-123.42783,49.37013],[-123.427,49.37061],[-123.42708,49.37083],[-123.42735,49.37086],[-123.42786,49.37086],[-123.42834,49.37086],[-123.42814,49.37102],[-123.4275,49.37154],[-123.42707,49.37177],[-123.42655,49.37177],[-123.4263,49.37188],[-123.4263,49.37222],[-123.42613,49.3725],[-123.42605,49.37284],[-123.42554,49.37306],[-123.42441,49.37323],[-123.42304,49.37371],[-123.42206,49.37397],[-123.42159,49.3742],[-123.42116,49.37448],[-123.42069,49.37513],[-123.42057,49.37549],[-123.42023,49.37572],[-123.41971,49.37569],[-123.41916,49.37629],[-123.41864,49.3764],[-123.41761,49.37654],[-123.41714,49.37674],[-123.41684,49.37742],[-123.41629,49.37804],[-123.41595,49.37826],[-123.41544,49.37849],[-123.41509,49.37877],[-123.41453,49.37989],[-123.41425,49.38012],[-123.41381,49.38035],[-123.4133,49.38052],[-123.41287,49.38083],[-123.41249,49.38153],[-123.41198,49.38212],[-123.41112,49.38257],[-123.41065,49.38288],[-123.4101,49.38353],[-123.40942,49.38416],[-123.40831,49.38497],[-123.40758,49.38531],[-123.40659,49.38557],[-123.4062,49.38571],[-123.4056,49.38584],[-123.40456,49.3863],[-123.4038,49.38651],[-123.40337,49.38667],[-123.40218,49.38735],[-123.39966,49.38903],[-123.39833,49.38986],[-123.39789,49.39033],[-123.39693,49.39119],[-123.39633,49.39183],[-123.39511,49.39298],[-123.39372,49.39414],[-123.39221,49.39575],[-123.39192,49.39598],[-123.39175,49.39631],[-123.39,49.39772],[-123.38845,49.39851],[-123.38824,49.39891],[-123.38825,49.39958],[-123.388,49.39986],[-123.38757,49.39998],[-123.38725,49.39998],[-123.38599,49.40063],[-123.38568,49.40105],[-123.38465,49.40128],[-123.38422,49.40145],[-123.38319,49.40154],[-123.38268,49.40168],[-123.38225,49.40191],[-123.38182,49.40185],[-123.38139,49.40157],[-123.38087,49.40141],[-123.38036,49.40137],[-123.37984,49.40152],[-123.37941,49.40171],[-123.37843,49.40208],[-123.37791,49.40223],[-123.37688,49.40209],[-123.37657,49.40237],[-123.3763,49.40253],[-123.37575,49.40267],[-123.37549,49.40297],[-123.37572,49.40317],[-123.37638,49.40324],[-123.37691,49.40332],[-123.37693,49.40364],[-123.37662,49.40399],[-123.37618,49.40425],[-123.37582,49.40473],[-123.37539,49.40501],[-123.37488,49.40519],[-123.37436,49.40524],[-123.37384,49.40513],[-123.37341,49.40536],[-123.37299,49.40569],[-123.37264,49.40586],[-123.37213,49.40598],[-123.37161,49.40604],[-123.37109,49.40598],[-123.37028,49.40621],[-123.36977,49.40624],[-123.36891,49.40672],[-123.36839,49.40689],[-123.36736,49.40675],[-123.36585,49.40679],[-123.3653,49.40668],[-123.36396,49.40617],[-123.36404,49.40648],[-123.36409,49.40721],[-123.36397,49.40752],[-123.36333,49.40823],[-123.36316,49.40911],[-123.36329,49.40954],[-123.36312,49.40988],[-123.36227,49.41045],[-123.3621,49.41095],[-123.36236,49.41135],[-123.36253,49.41174],[-123.36232,49.41202],[-123.36159,49.41255],[-123.36099,49.41309],[-123.35997,49.41354],[-123.35945,49.41371],[-123.35692,49.41428],[-123.35541,49.41445],[-123.35485,49.4144],[-123.35382,49.41457],[-123.35227,49.41463],[-123.35072,49.41478],[-123.34917,49.415],[-123.34814,49.41523],[-123.34712,49.4154],[-123.34557,49.41541],[-123.34453,49.41525],[-123.3435,49.41494],[-123.34298,49.41488],[-123.34195,49.41503],[-123.3404,49.41531],[-123.33937,49.41534],[-123.33833,49.41526],[-123.3373,49.41507],[-123.33683,49.41513],[-123.33639,49.41529],[-123.33511,49.41544],[-123.3333,49.4153],[-123.33279,49.41517],[-123.33179,49.41478],[-123.33128,49.41469],[-123.33024,49.41472],[-123.32921,49.41464],[-123.32869,49.41456],[-123.32766,49.4145],[-123.32662,49.41439],[-123.32615,49.41431],[-123.32563,49.41406],[-123.3246,49.41404],[-123.32314,49.41424],[-123.32108,49.41483],[-123.32065,49.41512],[-123.32056,49.41545],[-123.32082,49.41573],[-123.32126,49.41584],[-123.32156,49.41612],[-123.32169,49.4168],[-123.32169,49.41713],[-123.32161,49.41747],[-123.3213,49.4181],[-123.32077,49.41859],[-123.32015,49.41887],[-123.31969,49.41901],[-123.3193,49.41896],[-123.31916,49.41873],[-123.31921,49.41809],[-123.3192,49.41771],[-123.31886,49.41748],[-123.3183,49.41745],[-123.31782,49.41748],[-123.31682,49.4179],[-123.31614,49.41824],[-123.31589,49.41839],[-123.31606,49.41921],[-123.31615,49.41975],[-123.31602,49.4198],[-123.31603,49.41981],[-123.32171,49.44558],[-123.32168,49.44563],[-123.32205,49.44571],[-123.32244,49.44588],[-123.32305,49.4465],[-123.32352,49.44672],[-123.324,49.44683],[-123.32503,49.4468],[-123.32586,49.44725],[-123.32664,49.44778],[-123.32673,49.44845],[-123.3263,49.44916],[-123.32604,49.44941],[-123.32553,49.44975],[-123.32455,49.45076],[-123.32407,49.45141],[-123.32391,49.45177],[-123.32382,49.45211],[-123.32378,49.45242],[-123.32409,49.45307],[-123.32435,49.4534],[-123.32452,49.45377],[-123.32465,49.45444],[-123.32457,49.45511],[-123.32436,49.45579],[-123.3242,49.4561],[-123.32454,49.45655],[-123.32514,49.45666],[-123.32566,49.45632],[-123.32595,49.45533],[-123.32626,49.45502],[-123.32677,49.45485],[-123.32729,49.4548],[-123.32771,49.45457],[-123.32814,49.4544],[-123.32866,49.45428],[-123.32909,49.45401],[-123.3296,49.45383],[-123.33,49.45331],[-123.33024,49.45263],[-123.33054,49.45232],[-123.33092,49.45206],[-123.3314,49.45142],[-123.33157,49.45108],[-123.33173,49.45043],[-123.33181,49.44979],[-123.33228,49.44931],[-123.33267,49.44917],[-123.33301,49.44883],[-123.3331,49.44846],[-123.33309,49.44782],[-123.33301,49.44754],[-123.33318,49.4472],[-123.3336,49.44692],[-123.33351,49.44658],[-123.33317,49.44636],[-123.33317,49.44602],[-123.33308,49.44563],[-123.3336,49.4454],[-123.33415,49.44532],[-123.33523,49.4454],[-123.33566,49.44497],[-123.33565,49.44402],[-123.33612,49.44337],[-123.33616,49.44303],[-123.3365,49.44275],[-123.33711,49.4427],[-123.33762,49.44258],[-123.33805,49.4427],[-123.33814,49.44303],[-123.33849,49.44336],[-123.33901,49.44347],[-123.33961,49.44336],[-123.34003,49.44308],[-123.34038,49.44274],[-123.34072,49.44252],[-123.34084,49.44215],[-123.3408,49.44145],[-123.34101,49.44114],[-123.342,49.44136],[-123.34252,49.44139],[-123.34351,49.44181],[-123.3439,49.44156],[-123.34441,49.44133],[-123.34492,49.44076],[-123.34518,49.4406],[-123.34562,49.44065],[-123.34582,49.44083],[-123.3462,49.44091],[-123.34634,49.44072],[-123.34631,49.44043],[-123.34682,49.44041],[-123.34722,49.44054],[-123.34737,49.44066],[-123.34769,49.44065],[-123.34798,49.44045],[-123.3484,49.43971],[-123.34909,49.43946],[-123.34978,49.43903],[-123.35055,49.43844],[-123.35098,49.43824],[-123.35206,49.43838],[-123.35249,49.43816],[-123.3527,49.43779],[-123.35373,49.43804],[-123.35403,49.43787],[-123.35435,49.43682],[-123.35457,49.43666],[-123.3548,49.43669],[-123.35468,49.437],[-123.35479,49.4372],[-123.35513,49.43705],[-123.35562,49.43677],[-123.35601,49.43653],[-123.35612,49.43634],[-123.35666,49.43628],[-123.35696,49.436],[-123.35699,49.43558],[-123.35727,49.43529],[-123.35746,49.43531],[-123.35755,49.43515],[-123.35769,49.43486],[-123.35815,49.43457],[-123.3588,49.43465],[-123.35908,49.43444],[-123.35898,49.43409],[-123.35904,49.43378],[-123.3593,49.43379],[-123.35965,49.43387],[-123.36015,49.43377],[-123.36028,49.43314],[-123.36097,49.43255],[-123.36096,49.43224],[-123.36105,49.43196],[-123.36131,49.43162],[-123.36173,49.43134],[-123.36225,49.43117],[-123.36285,49.43128],[-123.36337,49.43127],[-123.36388,49.43122],[-123.3644,49.43105],[-123.36491,49.43099],[-123.36543,49.43105],[-123.36595,49.43098],[-123.36664,49.43098],[-123.36655,49.43132],[-123.36707,49.43149],[-123.36819,49.43151],[-123.36836,49.43182],[-123.36837,49.43216],[-123.36897,49.43221],[-123.36953,49.43204],[-123.37056,49.43162],[-123.37112,49.4317],[-123.37156,49.43257],[-123.37199,49.43288],[-123.37242,49.43301],[-123.37285,49.43321],[-123.3729,49.43388],[-123.37278,49.4345],[-123.3726,49.43484],[-123.37278,49.43518],[-123.37296,49.43585],[-123.37296,49.43618],[-123.3731,49.43673],[-123.37366,49.43732],[-123.37366,49.43781],[-123.37375,49.43815],[-123.37392,49.43846],[-123.37453,49.4391],[-123.37471,49.43972],[-123.37463,49.44006],[-123.37446,49.4404],[-123.37407,49.44056],[-123.37373,49.44121],[-123.37352,49.44149],[-123.37266,49.44191],[-123.37254,49.44225],[-123.37241,49.44287],[-123.37181,49.44344],[-123.37156,49.44414],[-123.37139,49.44444],[-123.37053,49.44501],[-123.37019,49.44535],[-123.36955,49.44619],[-123.36878,49.44675],[-123.36779,49.44721],[-123.36676,49.44761],[-123.36642,49.44783],[-123.36547,49.44817],[-123.36501,49.44845],[-123.36449,49.44904],[-123.36411,49.44929],[-123.36376,49.44963],[-123.36351,49.45003],[-123.36326,49.45104],[-123.36249,49.45205],[-123.36224,49.4527],[-123.36185,49.45329],[-123.36182,49.45391],[-123.36134,49.45453],[-123.36062,49.45512],[-123.36036,49.45543],[-123.36002,49.45571],[-123.35993,49.45599],[-123.35968,49.45622],[-123.35891,49.45718],[-123.35793,49.45805],[-123.35763,49.45872],[-123.35763,49.45908],[-123.35746,49.45937],[-123.35751,49.46038],[-123.35773,49.46105],[-123.35773,49.46139],[-123.35783,49.46172],[-123.35774,49.46285],[-123.35749,49.46352],[-123.35715,49.46423],[-123.35651,49.46529],[-123.35545,49.46645],[-123.35433,49.46749],[-123.35308,49.46867],[-123.35132,49.47065],[-123.34914,49.47281],[-123.34895,49.47321],[-123.3486,49.47349],[-123.34848,49.4738],[-123.34797,49.47439],[-123.34707,49.47518],[-123.3466,49.47582],[-123.3463,49.47614],[-123.34587,49.47641],[-123.34557,49.4767],[-123.3451,49.47734],[-123.3451,49.47771],[-123.34537,49.4783],[-123.34592,49.47757],[-123.34631,49.47731],[-123.3473,49.477],[-123.34781,49.47694],[-123.34885,49.47691],[-123.34932,49.47674],[-123.35001,49.47612],[-123.35047,49.47545],[-123.35086,49.47522],[-123.35138,49.47517],[-123.35181,49.47539],[-123.35215,49.47567],[-123.35276,49.47586],[-123.35379,49.47583],[-123.35422,49.47606],[-123.35465,49.47594],[-123.35474,49.4756],[-123.35474,49.47527],[-123.35534,49.47527],[-123.35582,49.47557],[-123.3579,49.47568],[-123.35827,49.47554],[-123.35861,49.47523],[-123.35938,49.47478],[-123.35956,49.47447],[-123.35964,49.47413],[-123.35981,49.47379],[-123.36054,49.47326],[-123.36075,49.47261],[-123.36101,49.47227],[-123.36177,49.47171],[-123.36182,49.47137],[-123.3622,49.47075],[-123.3625,49.47005],[-123.36253,49.46971],[-123.36283,49.4687],[-123.36283,49.46836],[-123.36312,49.46774],[-123.36321,49.46707],[-123.36337,49.46643],[-123.36379,49.46539],[-123.36413,49.46474],[-123.36439,49.46443],[-123.36468,49.46344],[-123.36446,49.4628],[-123.36411,49.46243],[-123.36411,49.4621],[-123.3642,49.4617],[-123.36462,49.46143],[-123.3663,49.46101],[-123.3672,49.4608],[-123.36759,49.46052],[-123.3678,49.45962],[-123.36814,49.45936],[-123.36913,49.45916],[-123.37003,49.45882],[-123.37055,49.45882],[-123.37098,49.4586],[-123.37115,49.45823],[-123.37154,49.45803],[-123.37206,49.45795],[-123.37222,49.45768],[-123.37237,49.45747],[-123.37257,49.45755],[-123.37289,49.45787],[-123.37324,49.45799],[-123.37342,49.45796],[-123.37344,49.45783],[-123.3732,49.45756],[-123.37295,49.45718],[-123.37294,49.45618],[-123.37311,49.4555],[-123.37302,49.45517],[-123.37319,49.45477],[-123.37362,49.45466],[-123.37414,49.45471],[-123.37466,49.45482],[-123.37518,49.45504],[-123.37569,49.45488],[-123.37611,49.45465],[-123.37646,49.45431],[-123.37672,49.45459],[-123.37724,49.45465],[-123.37748,49.45477],[-123.37871,49.45576],[-123.37923,49.45587],[-123.37957,49.45565],[-123.38,49.45582],[-123.38035,49.45609],[-123.38039,49.45641],[-123.38091,49.45705],[-123.38148,49.45721],[-123.382,49.45721],[-123.38239,49.45752],[-123.38217,49.45817],[-123.38226,49.4585],[-123.38223,49.45918],[-123.38227,49.45946],[-123.38206,49.46008],[-123.38215,49.46075],[-123.38203,49.46109],[-123.38168,49.46131],[-123.38121,49.46143],[-123.38035,49.46194],[-123.37954,49.46295],[-123.37911,49.46329],[-123.37859,49.46349],[-123.37723,49.4643],[-123.37602,49.46478],[-123.37551,49.46521],[-123.37559,49.46554],[-123.3753,49.46594],[-123.37384,49.46617],[-123.37324,49.46656],[-123.37346,49.46696],[-123.37385,49.46729],[-123.37466,49.46777],[-123.37518,49.46779],[-123.37618,49.46765],[-123.37665,49.46779],[-123.37708,49.46804],[-123.37722,49.46871],[-123.37704,49.46905],[-123.37688,49.46969],[-123.37693,49.47042],[-123.37624,49.47132],[-123.37595,49.47203],[-123.37535,49.47262],[-123.37497,49.47284],[-123.37463,49.47313],[-123.37424,49.4733],[-123.37304,49.47397],[-123.37248,49.47451],[-123.37214,49.47477],[-123.37165,49.47546],[-123.37177,49.47558],[-123.37206,49.47547],[-123.37225,49.47546],[-123.37239,49.47555],[-123.37229,49.47571],[-123.37203,49.47596],[-123.37199,49.47599],[-123.37167,49.4762],[-123.37146,49.47651],[-123.37138,49.47684],[-123.37147,49.47712],[-123.37181,49.47735],[-123.37233,49.47752],[-123.37337,49.47763],[-123.37388,49.47762],[-123.3744,49.47779],[-123.37475,49.47812],[-123.37492,49.47844],[-123.37497,49.4791],[-123.37489,49.47944],[-123.37506,49.48012],[-123.37515,49.48079],[-123.37532,49.48129],[-123.37572,49.48115],[-123.37657,49.47986],[-123.37695,49.47958],[-123.37799,49.47971],[-123.37847,49.47985],[-123.37898,49.48008],[-123.37933,49.4803],[-123.37994,49.48035],[-123.3804,49.4803],[-123.38036,49.48001],[-123.38053,49.4794],[-123.38148,49.479],[-123.38199,49.47889],[-123.38242,49.47866],[-123.38285,49.47832],[-123.3831,49.47804],[-123.38319,49.47771],[-123.38427,49.4766],[-123.38451,49.4761],[-123.38468,49.47543],[-123.38498,49.47511],[-123.38515,49.47478],[-123.38541,49.47449],[-123.38626,49.47399],[-123.38755,49.47353],[-123.38773,49.4734],[-123.38788,49.47328],[-123.38908,49.47073],[-123.38908,49.47044],[-123.38946,49.46943],[-123.38966,49.46847],[-123.38992,49.46814],[-123.38992,49.4678],[-123.3894,49.46758],[-123.38914,49.46735],[-123.38914,49.46702],[-123.38947,49.46668],[-123.39016,49.46578],[-123.39024,49.46549],[-123.39007,49.4651],[-123.39006,49.46415],[-123.38979,49.46379],[-123.38872,49.46379],[-123.38812,49.4641],[-123.38793,49.46428],[-123.38766,49.46418],[-123.3876,49.46378],[-123.38785,49.46343],[-123.38798,49.46278],[-123.38832,49.46247],[-123.38875,49.46224],[-123.38927,49.46224],[-123.38961,49.46201],[-123.39004,49.46126],[-123.39003,49.46044],[-123.38985,49.46011],[-123.38994,49.45977],[-123.38985,49.45949],[-123.3895,49.45916],[-123.38946,49.45879],[-123.38958,49.45811],[-123.38988,49.4575],[-123.39008,49.45651],[-123.39021,49.45615],[-123.39072,49.45555],[-123.39128,49.45567],[-123.39171,49.45544],[-123.39201,49.45515],[-123.39248,49.45457],[-123.393,49.45454],[-123.39343,49.45465],[-123.39438,49.45521],[-123.3949,49.45543],[-123.39542,49.45554],[-123.39594,49.45554],[-123.39607,49.45539],[-123.3963,49.45444],[-123.39618,49.45396],[-123.39617,49.45326],[-123.39651,49.45312],[-123.39695,49.45323],[-123.39738,49.45317],[-123.39762,49.45303],[-123.39816,49.45304],[-123.39846,49.45335],[-123.39843,49.45373],[-123.39817,49.454],[-123.39822,49.45433],[-123.39861,49.45443],[-123.39884,49.45461],[-123.399,49.4547],[-123.39924,49.45469],[-123.39944,49.45455],[-123.3996,49.45437],[-123.39997,49.45446],[-123.40027,49.45465],[-123.40046,49.45603],[-123.40153,49.45597],[-123.40218,49.45658],[-123.40275,49.45675],[-123.40335,49.45658],[-123.40344,49.45624],[-123.40395,49.45562],[-123.40437,49.4554],[-123.40504,49.45552],[-123.40567,49.45646],[-123.40667,49.45673],[-123.40714,49.45702],[-123.4074,49.45735],[-123.40732,49.45769],[-123.40615,49.45887],[-123.40604,49.45932],[-123.40613,49.4596],[-123.40639,49.45994],[-123.40617,49.46086],[-123.40493,49.46188],[-123.40478,49.46219],[-123.40452,49.46247],[-123.4034,49.4623],[-123.40288,49.46236],[-123.40245,49.46253],[-123.40219,49.46282],[-123.40202,49.46315],[-123.40173,49.46349],[-123.40169,49.46416],[-123.40152,49.4645],[-123.401,49.4645],[-123.40057,49.46439],[-123.40006,49.46445],[-123.39954,49.46473],[-123.39899,49.46535],[-123.39895,49.46603],[-123.39806,49.4671],[-123.39776,49.46777],[-123.39784,49.46817],[-123.39828,49.46856],[-123.39871,49.46867],[-123.39931,49.46861],[-123.39979,49.46875],[-123.40001,49.46945],[-123.39967,49.47007],[-123.39946,49.47071],[-123.39968,49.47102],[-123.4002,49.4713],[-123.40054,49.47164],[-123.40124,49.47152],[-123.40172,49.47138],[-123.40177,49.4714],[-123.40224,49.47153],[-123.40287,49.47157],[-123.40339,49.47157],[-123.40391,49.47152],[-123.40442,49.47134],[-123.4048,49.47106],[-123.40532,49.47039],[-123.40544,49.47005],[-123.40578,49.46971],[-123.40582,49.46937],[-123.40686,49.46929],[-123.40742,49.4692],[-123.40776,49.46897],[-123.40823,49.46875],[-123.40922,49.46852],[-123.40974,49.46852],[-123.41026,49.46829],[-123.41025,49.46795],[-123.41042,49.46761],[-123.41055,49.46694],[-123.41084,49.46672],[-123.41135,49.46655],[-123.41179,49.46632],[-123.41201,49.4661],[-123.41315,49.46449],[-123.41323,49.46418],[-123.41349,49.4639],[-123.41366,49.4635],[-123.41417,49.46289],[-123.41469,49.46272],[-123.41515,49.46251],[-123.41605,49.46153],[-123.41618,49.46122],[-123.41626,49.46058],[-123.41673,49.4604],[-123.41721,49.46051],[-123.41798,49.46113],[-123.41846,49.46136],[-123.41898,49.46147],[-123.41902,49.46146],[-123.41946,49.46135],[-123.41993,49.46113],[-123.42018,49.46051],[-123.42009,49.46017],[-123.42017,49.45978],[-123.42051,49.45916],[-123.42055,49.45848],[-123.42076,49.45815],[-123.42101,49.45787],[-123.42183,49.4573],[-123.4223,49.45713],[-123.42273,49.4569],[-123.42299,49.45656],[-123.42307,49.45623],[-123.42285,49.45555],[-123.42237,49.45461],[-123.42223,49.4541],[-123.42231,49.45325],[-123.42252,49.45264],[-123.42256,49.45233],[-123.42278,49.45163],[-123.42332,49.45031],[-123.4237,49.4496],[-123.42382,49.44896],[-123.4243,49.4477],[-123.42419,49.4473],[-123.42424,49.44696],[-123.42459,49.44587],[-123.42547,49.44468],[-123.42606,49.44403],[-123.42692,49.44274],[-123.427,49.44241],[-123.42725,49.44207],[-123.42785,49.44144],[-123.42909,49.44046],[-123.43008,49.43998],[-123.43059,49.43986],[-123.43128,49.43997],[-123.4318,49.43986],[-123.4324,49.43963],[-123.43256,49.43935],[-123.43239,49.43896],[-123.43247,49.43862],[-123.43282,49.43834],[-123.43333,49.43822],[-123.43384,49.43802],[-123.43457,49.4374],[-123.43488,49.4371],[-123.43495,49.43673],[-123.43533,49.43608],[-123.43538,49.4358],[-123.43563,49.43552],[-123.4361,49.43521],[-123.43705,49.43512],[-123.43752,49.43489],[-123.43787,49.43461],[-123.43838,49.43467],[-123.4389,49.43461],[-123.43941,49.43449],[-123.43993,49.43444],[-123.44044,49.43443],[-123.44079,49.43472],[-123.44105,49.43505],[-123.44148,49.4351],[-123.44225,49.43502],[-123.4435,49.43465],[-123.44397,49.43445],[-123.44496,49.43439],[-123.44553,49.43447],[-123.44604,49.43436],[-123.44656,49.43441],[-123.4469,49.43464],[-123.44699,49.4348],[-123.44755,49.43472],[-123.47902,49.42783],[-123.47923,49.42756],[-123.47962,49.42639],[-123.47996,49.42577],[-123.48021,49.42479],[-123.48038,49.42445],[-123.4805,49.42377],[-123.4805,49.42341],[-123.4807,49.42249],[-123.48087,49.42215],[-123.48095,49.42111],[-123.48103,49.42077],[-123.48098,49.42018],[-123.48051,49.41996],[-123.48033,49.41959],[-123.48071,49.41906],[-123.48109,49.41878],[-123.48204,49.41838],[-123.48238,49.4181],[-123.48234,49.41773],[-123.4819,49.41703],[-123.48202,49.41669],[-123.48288,49.41624],[-123.48322,49.41602],[-123.48374,49.41595],[-123.48425,49.41579],[-123.4845,49.41545],[-123.48493,49.41528],[-123.48778,49.41557],[-123.48856,49.41549],[-123.48902,49.41537],[-123.48993,49.41495],[-123.49044,49.41475],[-123.49118,49.4144],[-123.49123,49.41411],[-123.49129,49.41378],[-123.49147,49.41343],[-123.49223,49.41294],[-123.49326,49.41283],[-123.49377,49.41272],[-123.4948,49.4124],[-123.49523,49.4122],[-123.49604,49.41119],[-123.49621,49.41085],[-123.49667,49.41018],[-123.49689,49.41003],[-123.49834,49.4084],[-123.49854,49.40773],[-123.49854,49.40741],[-123.49845,49.40708],[-123.49879,49.40641],[-123.49922,49.40609],[-123.50011,49.4057],[-123.50118,49.40508],[-123.50182,49.40466],[-123.50218,49.40429],[-123.50329,49.40308],[-123.50354,49.40252],[-123.50375,49.40224],[-123.50443,49.40176],[-123.50481,49.40153],[-123.505,49.40149],[-123.50661,49.40065],[-123.50738,49.40018],[-123.50755,49.39989],[-123.50755,49.39962],[-123.50739,49.39911],[-123.50708,49.39864],[-123.50674,49.39819],[-123.50642,49.39771],[-123.5061,49.3974],[-123.50561,49.39724],[-123.50476,49.39724],[-123.50392,49.39737],[-123.50337,49.39766],[-123.50288,49.39783],[-123.50265,49.3979],[-123.50224,49.39785],[-123.50183,49.39772],[-123.5013,49.39765],[-123.50072,49.39699],[-123.50041,49.39668],[-123.50019,49.39601],[-123.4998,49.39568],[-123.49979,49.395],[-123.50001,49.39436],[-123.50021,49.39399],[-123.5006,49.39382],[-123.50128,49.39363],[-123.50215,49.39358],[-123.50276,49.39354],[-123.50312,49.39351],[-123.50324,49.39333],[-123.50337,49.39299],[-123.50359,49.39278],[-123.50387,49.39271],[-123.50414,49.39269],[-123.50439,49.39263],[-123.50452,49.39251],[-123.50478,49.39229],[-123.50512,49.39222],[-123.50606,49.39243],[-123.50653,49.3924],[-123.50696,49.39223],[-123.50721,49.39206],[-123.50755,49.3919],[-123.50841,49.39178],[-123.50884,49.39178],[-123.50922,49.39166],[-123.51008,49.39157],[-123.51055,49.3916],[-123.51098,49.39154],[-123.51136,49.39134],[-123.51179,49.39087],[-123.51212,49.39036],[-123.51298,49.38957],[-123.51331,49.38901],[-123.51335,49.38845],[-123.51356,49.38809],[-123.51442,49.38767],[-123.51613,49.38746],[-123.51651,49.38749],[-123.51711,49.3872],[-123.51745,49.38698],[-123.51779,49.38681],[-123.51822,49.38675],[-123.51865,49.3868],[-123.51907,49.3868],[-123.5195,49.38663],[-123.52036,49.3866],[-123.52079,49.38652],[-123.52122,49.38657],[-123.5219,49.38632],[-123.52276,49.38628],[-123.52443,49.38594],[-123.52496,49.38588],[-123.52695,49.38531],[-123.52781,49.38514],[-123.52811,49.38503],[-123.53029,49.38443],[-123.53046,49.38435],[-123.53088,49.38426],[-123.53168,49.38395],[-123.53234,49.38375],[-123.53316,49.38371],[-123.53395,49.38374],[-123.53422,49.38385],[-123.53458,49.38385],[-123.53503,49.3837],[-123.53561,49.38358],[-123.53591,49.3836],[-123.48665,49.35869],[-123.48646,49.35907],[-123.48646,49.3594],[-123.48689,49.35971],[-123.48788,49.36005],[-123.48878,49.35995],[-123.4893,49.36018],[-123.48969,49.36045],[-123.49068,49.36085],[-123.4912,49.36112],[-123.49159,49.36143],[-123.49194,49.3621],[-123.49199,49.36244],[-123.49174,49.36314],[-123.49131,49.36331],[-123.49088,49.3632],[-123.49036,49.36332],[-123.48985,49.36349],[-123.4896,49.36382],[-123.48926,49.36416],[-123.48866,49.36439],[-123.48814,49.36436],[-123.48719,49.36392],[-123.48646,49.36327],[-123.48614,49.36266],[-123.48606,49.36232],[-123.48563,49.36199],[-123.48458,49.36098],[-123.48441,49.36065],[-123.48441,49.36031],[-123.48466,49.36],[-123.48512,49.35976],[-123.48552,49.35946],[-123.48547,49.3591],[-123.48511,49.35889],[-123.48455,49.35878],[-123.48486,49.35868],[-123.48537,49.35868],[-123.48617,49.35844],[-123.48595,49.35833],[-123.46506,49.34844],[-123.46486,49.34839]],[[-123.49513,49.38419],[-123.49582,49.3847],[-123.49577,49.38519],[-123.49532,49.38559],[-123.49506,49.38643],[-123.49516,49.38744],[-123.49526,49.38783],[-123.4951,49.38849],[-123.49474,49.38885],[-123.49423,49.38907],[-123.49213,49.38959],[-123.49175,49.38973],[-123.49153,49.39038],[-123.49123,49.39066],[-123.49072,49.39085],[-123.48925,49.39162],[-123.48772,49.39157],[-123.48737,49.39185],[-123.4873,49.39219],[-123.48695,49.39264],[-123.48582,49.39339],[-123.48524,49.39402],[-123.48489,49.39432],[-123.48457,49.39439],[-123.48395,49.39436],[-123.48371,49.39429],[-123.48326,49.39439],[-123.48296,49.39487],[-123.48275,49.39543],[-123.48238,49.3959],[-123.48222,49.39622],[-123.48184,49.39654],[-123.48119,49.39677],[-123.48019,49.39697],[-123.4796,49.39734],[-123.47931,49.39801],[-123.47858,49.39852],[-123.47807,49.39863],[-123.47746,49.39857],[-123.47694,49.39864],[-123.47656,49.39923],[-123.47627,49.39954],[-123.47592,49.39977],[-123.47386,49.40033],[-123.47283,49.40051],[-123.47192,49.40088],[-123.47129,49.40124],[-123.47099,49.40166],[-123.47085,49.40208],[-123.47102,49.40247],[-123.47096,49.40308],[-123.47076,49.4038],[-123.47072,49.40447],[-123.47133,49.40514],[-123.47159,49.40551],[-123.47168,49.40578],[-123.4716,49.40612],[-123.47117,49.40624],[-123.47018,49.40604],[-123.4697,49.40602],[-123.46919,49.40608],[-123.46884,49.40625],[-123.46852,49.40664],[-123.46812,49.40689],[-123.46766,49.40705],[-123.46711,49.40715],[-123.46693,49.40725],[-123.46681,49.40743],[-123.46648,49.40762],[-123.46597,49.4078],[-123.46481,49.40812],[-123.46456,49.40845],[-123.46457,49.40879],[-123.46444,49.4091],[-123.46436,49.40977],[-123.46415,49.41008],[-123.46372,49.41037],[-123.46335,49.41051],[-123.4603,49.41094],[-123.45865,49.41095],[-123.4571,49.41079],[-123.4565,49.41062],[-123.45521,49.4098],[-123.45459,49.40973],[-123.45408,49.40985],[-123.45201,49.40985],[-123.45149,49.40968],[-123.45055,49.40924],[-123.44946,49.40883],[-123.44843,49.40858],[-123.44795,49.40858],[-123.44744,49.40847],[-123.44589,49.40842],[-123.44537,49.40831],[-123.4437,49.40813],[-123.44231,49.40773],[-123.44093,49.40714],[-123.44058,49.40695],[-123.43954,49.40659],[-123.43903,49.4065],[-123.43808,49.40606],[-123.43709,49.40567],[-123.4361,49.40542],[-123.43562,49.40537],[-123.4351,49.40526],[-123.43476,49.40492],[-123.43424,49.40475],[-123.43321,49.40462],[-123.43184,49.40424],[-123.4307,49.40317],[-123.42988,49.40281],[-123.4294,49.40247],[-123.42948,49.40202],[-123.43,49.40179],[-123.43034,49.40151],[-123.43068,49.40117],[-123.43106,49.40058],[-123.43153,49.40033],[-123.43188,49.39999],[-123.43204,49.39931],[-123.43195,49.39898],[-123.43233,49.39836],[-123.43263,49.39802],[-123.43272,49.39769],[-123.43271,49.39735],[-123.43262,49.39696],[-123.43227,49.39668],[-123.43227,49.39634],[-123.43236,49.396],[-123.43279,49.39583],[-123.43377,49.39558],[-123.43407,49.39532],[-123.43416,49.39499],[-123.43419,49.39431],[-123.43439,49.39358],[-123.43459,49.39339],[-123.43467,49.39334],[-123.43484,49.39342],[-123.43496,49.39347],[-123.43517,49.3934],[-123.43529,49.39323],[-123.43527,49.3931],[-123.43546,49.39296],[-123.43598,49.39277],[-123.43642,49.39262],[-123.43695,49.39253],[-123.43727,49.39239],[-123.43725,49.39209],[-123.43742,49.39171],[-123.43775,49.39162],[-123.43806,49.39148],[-123.43851,49.39104],[-123.43893,49.39081],[-123.43951,49.39075],[-123.44108,49.39103],[-123.44161,49.39108],[-123.44204,49.39141],[-123.44204,49.3917],[-123.4423,49.39204],[-123.44269,49.39226],[-123.44368,49.39262],[-123.44411,49.39273],[-123.44558,49.39337],[-123.44601,49.39365],[-123.44662,49.39359],[-123.44713,49.39347],[-123.44765,49.39353],[-123.44817,49.39353],[-123.44845,49.39334],[-123.44873,49.39305],[-123.44898,49.39279],[-123.44924,49.3926],[-123.44973,49.3925],[-123.44977,49.39224],[-123.45019,49.39209],[-123.45046,49.39204],[-123.45074,49.39193],[-123.45108,49.39193],[-123.45188,49.39184],[-123.45271,49.39176],[-123.45306,49.39163],[-123.45332,49.39143],[-123.45353,49.3914],[-123.45377,49.39149],[-123.45397,49.39157],[-123.4544,49.39153],[-123.45455,49.39144],[-123.4548,49.39136],[-123.45506,49.39137],[-123.45535,49.39137],[-123.45559,49.39124],[-123.45601,49.39111],[-123.45643,49.39097],[-123.45663,49.39099],[-123.45669,49.39119],[-123.45692,49.39161],[-123.45756,49.39207],[-123.45802,49.39228],[-123.45859,49.39228],[-123.45885,49.39233],[-123.45902,49.39254],[-123.45924,49.39278],[-123.45982,49.39306],[-123.46107,49.39345],[-123.46185,49.39353],[-123.46231,49.3933],[-123.46291,49.39265],[-123.46347,49.39257],[-123.4639,49.39237],[-123.46493,49.39225],[-123.46592,49.39251],[-123.46696,49.39269],[-123.46851,49.39266],[-123.46906,49.39255],[-123.46957,49.39266],[-123.46984,49.39293],[-123.47035,49.39308],[-123.47126,49.39346],[-123.47182,49.39338],[-123.47234,49.39321],[-123.47276,49.39292],[-123.47293,49.39259],[-123.47327,49.39225],[-123.4737,49.39214],[-123.47398,49.39175],[-123.47458,49.39154],[-123.47507,49.39143],[-123.47553,49.39145],[-123.47584,49.3916],[-123.4762,49.39163],[-123.47653,49.39154],[-123.47748,49.39122],[-123.478,49.39116],[-123.47851,49.39122],[-123.47903,49.39099],[-123.47941,49.39034],[-123.48013,49.38986],[-123.48048,49.38958],[-123.48099,49.38929],[-123.48285,49.38871],[-123.48364,49.38799],[-123.48381,49.38765],[-123.4846,49.38701],[-123.48498,49.38682],[-123.48528,49.38675],[-123.48573,49.38683],[-123.48606,49.38692],[-123.48652,49.3869],[-123.48673,49.3868],[-123.48719,49.38679],[-123.48738,49.38684],[-123.48788,49.38686],[-123.4883,49.3867],[-123.48865,49.38651],[-123.48886,49.38629],[-123.48895,49.38606],[-123.48901,49.38593],[-123.48869,49.38581],[-123.48848,49.38562],[-123.48852,49.38497],[-123.48903,49.38483],[-123.48955,49.38499],[-123.48981,49.38533],[-123.49028,49.38541],[-123.49131,49.38524],[-123.49187,49.38527],[-123.49235,49.38535],[-123.49324,49.38495],[-123.49423,49.38467],[-123.4947,49.38435],[-123.49513,49.38419]],[[-123.4586,49.36898],[-123.4586,49.36869],[-123.45808,49.36805],[-123.45756,49.36794],[-123.45705,49.36795],[-123.45653,49.36784],[-123.45602,49.36789],[-123.45576,49.36767],[-123.45558,49.36731],[-123.45515,49.36669],[-123.45506,49.36638],[-123.45428,49.36593],[-123.45419,49.36565],[-123.45487,49.3652],[-123.45539,49.36509],[-123.45611,49.36464],[-123.45667,49.36452],[-123.45796,49.36452],[-123.45847,49.36418],[-123.45873,49.3639],[-123.45925,49.3639],[-123.45976,49.36401],[-123.46028,49.36395],[-123.46079,49.36372],[-123.46096,49.36338],[-123.46062,49.36304],[-123.46053,49.36271],[-123.46069,49.36243],[-123.46061,49.36215],[-123.46043,49.36187],[-123.45991,49.36164],[-123.45982,49.36137],[-123.45991,49.36072],[-123.45956,49.36052],[-123.4593,49.36019],[-123.45938,49.35985],[-123.4599,49.35971],[-123.46144,49.35945],[-123.46161,49.35911],[-123.46126,49.35883],[-123.46075,49.35883],[-123.46023,49.35872],[-123.46005,49.35839],[-123.45997,49.35799],[-123.46022,49.35766],[-123.46074,49.35738],[-123.46125,49.3572],[-123.46177,49.3572],[-123.46177,49.35765],[-123.4616,49.35799],[-123.46203,49.35815],[-123.46255,49.35804],[-123.46286,49.35791],[-123.46303,49.3578],[-123.46339,49.35792],[-123.46363,49.35813],[-123.46385,49.35807],[-123.46398,49.35786],[-123.46409,49.35783],[-123.46413,49.358],[-123.46404,49.35832],[-123.46431,49.35848],[-123.46476,49.35859],[-123.46519,49.35848],[-123.46572,49.35843],[-123.46626,49.35848],[-123.46649,49.35831],[-123.46654,49.35808],[-123.46684,49.35786],[-123.46787,49.35763],[-123.46839,49.35757],[-123.46868,49.3569],[-123.46911,49.35669],[-123.46994,49.3568],[-123.46973,49.35704],[-123.46941,49.35724],[-123.46914,49.35757],[-123.46923,49.35787],[-123.46962,49.35801],[-123.47011,49.3582],[-123.47054,49.35828],[-123.47082,49.35833],[-123.47074,49.35849],[-123.47047,49.35873],[-123.47004,49.35937],[-123.47006,49.36002],[-123.46976,49.36034],[-123.46939,49.36045],[-123.46891,49.36041],[-123.46837,49.36024],[-123.46776,49.36016],[-123.46725,49.36023],[-123.46682,49.36068],[-123.46664,49.36123],[-123.46729,49.36166],[-123.46758,49.36173],[-123.46761,49.36195],[-123.46746,49.36211],[-123.46745,49.36234],[-123.46774,49.36245],[-123.46816,49.36249],[-123.46952,49.36346],[-123.46922,49.36419],[-123.46799,49.36498],[-123.46782,49.36529],[-123.46713,49.36588],[-123.46718,49.36622],[-123.46709,49.36689],[-123.46685,49.36754],[-123.46677,49.36821],[-123.46651,49.36853],[-123.46635,49.36886],[-123.46561,49.3694],[-123.46476,49.36982],[-123.46429,49.37016],[-123.46305,49.37073],[-123.46202,49.37096],[-123.4615,49.37099],[-123.46001,49.37122],[-123.45949,49.37125],[-123.45897,49.37136],[-123.45846,49.37142],[-123.45747,49.37117],[-123.4569,49.37098],[-123.45718,49.37019],[-123.45845,49.36951],[-123.45861,49.36931],[-123.4586,49.36898]],[[-123.38477,49.40597],[-123.38581,49.40599],[-123.38615,49.40633],[-123.38655,49.40697],[-123.38702,49.40722],[-123.38711,49.40756],[-123.38694,49.4079],[-123.38643,49.40812],[-123.3863,49.40843],[-123.38575,49.40908],[-123.38575,49.40942],[-123.38567,49.40976],[-123.38532,49.40998],[-123.38481,49.41015],[-123.38425,49.4101],[-123.38335,49.4104],[-123.38292,49.41072],[-123.3824,49.41083],[-123.38189,49.41111],[-123.38142,49.41126],[-123.38061,49.41174],[-123.38029,49.41191],[-123.38008,49.41193],[-123.37998,49.41177],[-123.3799,49.41166],[-123.37965,49.41173],[-123.37941,49.41177],[-123.3794,49.41157],[-123.37914,49.41123],[-123.37905,49.4109],[-123.37904,49.40944],[-123.37911,49.40916],[-123.38001,49.40816],[-123.38143,49.40763],[-123.38238,49.40721],[-123.38341,49.40642],[-123.38426,49.40602],[-123.38477,49.40597]],[[-123.47395,49.36824],[-123.47442,49.36827],[-123.47485,49.36849],[-123.47485,49.36883],[-123.47469,49.36917],[-123.4753,49.36966],[-123.47585,49.36974],[-123.47622,49.36953],[-123.47649,49.36936],[-123.47669,49.36937],[-123.47709,49.3694],[-123.47741,49.36934],[-123.47751,49.36919],[-123.47788,49.36921],[-123.47803,49.36934],[-123.47794,49.36958],[-123.47823,49.36968],[-123.47861,49.36969],[-123.47868,49.36988],[-123.47861,49.37032],[-123.47881,49.37047],[-123.47912,49.37045],[-123.47952,49.37052],[-123.4795,49.37069],[-123.47892,49.37095],[-123.47797,49.37134],[-123.47764,49.37162],[-123.47649,49.37217],[-123.47604,49.37211],[-123.47565,49.37196],[-123.47535,49.37177],[-123.47506,49.37171],[-123.47496,49.37187],[-123.47455,49.37195],[-123.47414,49.37182],[-123.47404,49.37157],[-123.47398,49.37134],[-123.47378,49.37111],[-123.47354,49.37116],[-123.47339,49.37132],[-123.4732,49.37138],[-123.4729,49.37126],[-123.47273,49.37091],[-123.47238,49.37063],[-123.47186,49.37036],[-123.47134,49.3698],[-123.47151,49.36946],[-123.47194,49.36934],[-123.47237,49.36906],[-123.47201,49.36884],[-123.47183,49.3687],[-123.4717,49.36858],[-123.4718,49.36849],[-123.47211,49.36847],[-123.47237,49.36847],[-123.4725,49.36833],[-123.47395,49.36824]],[[-123.48302,49.36464],[-123.4835,49.36469],[-123.48402,49.36483],[-123.48453,49.36502],[-123.48562,49.36567],[-123.48601,49.36597],[-123.4861,49.36631],[-123.48602,49.36687],[-123.4855,49.36699],[-123.48396,49.36688],[-123.48344,49.36671],[-123.48249,49.36681],[-123.48197,49.36666],[-123.48167,49.36633],[-123.48162,49.36566],[-123.48127,49.36538],[-123.48119,49.3651],[-123.48161,49.36487],[-123.48209,49.36487],[-123.48302,49.36464]],[[-123.45233,49.37642],[-123.45245,49.37645],[-123.45267,49.37672],[-123.45285,49.37709],[-123.45318,49.37719],[-123.45317,49.37725],[-123.45271,49.37737],[-123.45222,49.37772],[-123.45158,49.37812],[-123.45143,49.37822],[-123.45094,49.37834],[-123.45077,49.37846],[-123.45052,49.37844],[-123.45028,49.37836],[-123.45,49.37818],[-123.44962,49.37811],[-123.44932,49.37806],[-123.44905,49.37791],[-123.44877,49.37758],[-123.44889,49.37729],[-123.44936,49.3771],[-123.44987,49.37694],[-123.45043,49.37698],[-123.45058,49.37692],[-123.45065,49.37668],[-123.45084,49.37668],[-123.45113,49.37671],[-123.45123,49.37658],[-123.45144,49.37644],[-123.45175,49.3765],[-123.45213,49.3765],[-123.45233,49.37642]],[[-123.45292,49.37069],[-123.45317,49.37083],[-123.45314,49.37109],[-123.45296,49.37132],[-123.45279,49.37163],[-123.45272,49.3719],[-123.45251,49.37217],[-123.45244,49.37224],[-123.45222,49.37229],[-123.45185,49.3723],[-123.45172,49.37247],[-123.45155,49.37247],[-123.45148,49.3723],[-123.45125,49.37226],[-123.45101,49.37236],[-123.45084,49.37238],[-123.45085,49.37224],[-123.4509,49.37202],[-123.451,49.37163],[-123.45122,49.37159],[-123.45165,49.371],[-123.45203,49.37102],[-123.45217,49.37083],[-123.4524,49.37074],[-123.45292,49.37069]],[[-123.47828,49.38498],[-123.47854,49.38538],[-123.47845,49.38566],[-123.47825,49.38594],[-123.47735,49.38634],[-123.47683,49.38639],[-123.47631,49.38639],[-123.47581,49.38635],[-123.4757,49.38607],[-123.47579,49.38606],[-123.47605,49.38578],[-123.47648,49.38556],[-123.47742,49.38527],[-123.47776,49.3851],[-123.47828,49.38498]],[[-123.44403,49.43089],[-123.44446,49.431],[-123.44472,49.43133],[-123.44481,49.43167],[-123.44447,49.43198],[-123.44344,49.43212],[-123.44292,49.43212],[-123.4424,49.43201],[-123.44248,49.43156],[-123.44291,49.43122],[-123.44343,49.431],[-123.44403,49.43089]],[[-123.44643,49.43042],[-123.4473,49.43053],[-123.44764,49.43087],[-123.44765,49.43121],[-123.44733,49.43161],[-123.44679,49.43149],[-123.44627,49.43149],[-123.44577,49.43172],[-123.4455,49.43122],[-123.44549,49.43088],[-123.44592,49.43048],[-123.44643,49.43042]],[[-123.47817,49.40082],[-123.47851,49.40104],[-123.47878,49.40138],[-123.47835,49.40231],[-123.47804,49.40248],[-123.47747,49.4025],[-123.47717,49.40218],[-123.4774,49.40133],[-123.47774,49.40105],[-123.47817,49.40082]],[[-123.46246,49.37208],[-123.46294,49.37217],[-123.46312,49.37242],[-123.46302,49.37273],[-123.46274,49.37286],[-123.46253,49.37291],[-123.46219,49.37308],[-123.46195,49.37328],[-123.46175,49.37334],[-123.46152,49.37326],[-123.46142,49.37309],[-123.4614,49.37299],[-123.46158,49.3725],[-123.46169,49.37234],[-123.46214,49.37216],[-123.46246,49.37208]],[[-123.46729,49.35551],[-123.46774,49.35581],[-123.46786,49.35609],[-123.46759,49.3565],[-123.46755,49.35661],[-123.46709,49.35672],[-123.46672,49.35659],[-123.46657,49.35625],[-123.46658,49.35579],[-123.46692,49.35556],[-123.46729,49.35551]],[[-123.49554,49.38205],[-123.49614,49.38216],[-123.49641,49.38255],[-123.49624,49.38289],[-123.49577,49.38298],[-123.49473,49.3829],[-123.49494,49.38261],[-123.49528,49.38239],[-123.49554,49.38205]],[[-123.47181,49.37204],[-123.47208,49.37209],[-123.47221,49.37229],[-123.47214,49.37249],[-123.47187,49.37272],[-123.47161,49.37299],[-123.47105,49.37307],[-123.47084,49.37292],[-123.47091,49.37254],[-123.47098,49.3724],[-123.47131,49.37222],[-123.47181,49.37204]],[[-123.3857,49.46792],[-123.38609,49.4682],[-123.38583,49.46888],[-123.38536,49.46922],[-123.38502,49.46894],[-123.38519,49.4686],[-123.38527,49.46826],[-123.3857,49.46792]],[[-123.46313,49.35423],[-123.46339,49.3543],[-123.46358,49.35455],[-123.46356,49.35482],[-123.46337,49.35493],[-123.4631,49.35495],[-123.46234,49.35491],[-123.46221,49.35474],[-123.46234,49.3546],[-123.46264,49.35458],[-123.46282,49.35444],[-123.46284,49.3543],[-123.46313,49.35423]],[[-123.47839,49.40301],[-123.47852,49.40319],[-123.47845,49.40347],[-123.47803,49.40379],[-123.47793,49.40388],[-123.47768,49.40391],[-123.47761,49.40381],[-123.47762,49.40351],[-123.4777,49.40321],[-123.47796,49.40302],[-123.47839,49.40301]],[[-123.44771,49.37717],[-123.4478,49.3773],[-123.44785,49.37747],[-123.44817,49.37761],[-123.44833,49.37782],[-123.44834,49.37794],[-123.4482,49.37806],[-123.44809,49.37798],[-123.44798,49.37788],[-123.44749,49.3778],[-123.44745,49.37758],[-123.44728,49.37753],[-123.44734,49.37733],[-123.44747,49.37721],[-123.44771,49.37717]],[[-123.37834,49.46758],[-123.37869,49.46767],[-123.37846,49.46791],[-123.37836,49.46833],[-123.37798,49.46838],[-123.37797,49.4681],[-123.37786,49.46784],[-123.37803,49.46767],[-123.37834,49.46758]],[[-123.4471,49.37629],[-123.44724,49.37637],[-123.44724,49.3766],[-123.44736,49.37679],[-123.44747,49.37695],[-123.44733,49.37701],[-123.44701,49.37695],[-123.4468,49.37695],[-123.44671,49.37695],[-123.44671,49.37657],[-123.44683,49.37652],[-123.44699,49.37643],[-123.4471,49.37629]],[[-123.37808,49.41059],[-123.37833,49.41063],[-123.37838,49.41085],[-123.37825,49.41104],[-123.37778,49.41115],[-123.37765,49.41101],[-123.37777,49.4106],[-123.37808,49.41059]],[[-123.49625,49.38477],[-123.49642,49.3849],[-123.49652,49.38526],[-123.49647,49.3855],[-123.49631,49.38553],[-123.49597,49.38534],[-123.49603,49.38507],[-123.49607,49.38478],[-123.49625,49.38477]],[[-123.37725,49.40379],[-123.37751,49.40384],[-123.37773,49.40404],[-123.37761,49.40422],[-123.37735,49.40446],[-123.37695,49.40433],[-123.37699,49.40416],[-123.37724,49.40411],[-123.37723,49.404],[-123.37714,49.40387],[-123.37725,49.40379]],[[-123.42452,49.35576],[-123.42485,49.35577],[-123.42495,49.35595],[-123.42486,49.35613],[-123.42464,49.3562],[-123.42429,49.35613],[-123.42436,49.35593],[-123.42452,49.35576]],[[-123.43752,49.43389],[-123.43768,49.43389],[-123.43772,49.43398],[-123.43773,49.43415],[-123.43748,49.43441],[-123.43726,49.43449],[-123.43713,49.43447],[-123.43726,49.43425],[-123.43739,49.43402],[-123.43752,49.43389]],[[-123.4484,49.37676],[-123.44869,49.37683],[-123.44874,49.37706],[-123.44869,49.37718],[-123.44824,49.37704],[-123.44806,49.37689],[-123.4484,49.37676]],[[-123.34762,49.43932],[-123.34787,49.43936],[-123.34795,49.4395],[-123.34797,49.43965],[-123.34788,49.43974],[-123.34766,49.43977],[-123.34753,49.43971],[-123.34753,49.4394],[-123.34762,49.43932]],[[-123.46224,49.35507],[-123.46246,49.3551],[-123.46255,49.35533],[-123.46239,49.35551],[-123.46222,49.3555],[-123.46213,49.35551],[-123.46207,49.35522],[-123.46224,49.35507]],[[-123.44662,49.37768],[-123.44676,49.3777],[-123.44675,49.37789],[-123.44659,49.37816],[-123.4465,49.37822],[-123.44633,49.37827],[-123.4463,49.37815],[-123.44639,49.37791],[-123.44662,49.37768]],[[-123.46498,49.34941],[-123.46535,49.34943],[-123.46544,49.34959],[-123.46535,49.34975],[-123.46523,49.34978],[-123.46495,49.34974],[-123.46496,49.34956],[-123.46498,49.34941]],[[-123.44598,49.42984],[-123.44616,49.42987],[-123.44648,49.42999],[-123.44656,49.43012],[-123.44646,49.43017],[-123.4463,49.43018],[-123.44601,49.4301],[-123.44591,49.42996],[-123.44598,49.42984]],[[-123.35075,49.47333],[-123.35095,49.47336],[-123.35105,49.4734],[-123.35104,49.47353],[-123.35087,49.47365],[-123.35071,49.47367],[-123.35058,49.47358],[-123.35053,49.47346],[-123.35062,49.47336],[-123.35075,49.47333]],[[-123.44192,49.43356],[-123.44205,49.43365],[-123.44199,49.43378],[-123.44171,49.43386],[-123.44152,49.43384],[-123.44154,49.43375],[-123.44172,49.43356],[-123.44192,49.43356]],[[-123.43735,49.39105],[-123.43755,49.39108],[-123.43757,49.39121],[-123.43751,49.39127],[-123.43745,49.39132],[-123.43723,49.39128],[-123.43718,49.39122],[-123.43719,49.39111],[-123.43735,49.39105]],[[-123.37847,49.4025],[-123.37867,49.4025],[-123.37867,49.40271],[-123.3786,49.40276],[-123.37836,49.40271],[-123.37832,49.40263],[-123.37836,49.40254],[-123.37847,49.4025]]]},"properties":{"MGNT_AREA":28,"SUBAREA_":1,"NAME":"Subarea 28-1","LABEL":"28-1","SQ_KM":88.856010420000004}},{"type":"Feature","geometry":{"type":"Polygon","coordinates":[[[-123.35826,49.55422],[-123.35888,49.55451],[-123.35948,49.55488],[-123.36018,49.55504],[-123.36087,49.5549],[-123.36121,49.55495],[-123.36147,49.55518],[-123.36216,49.5554],[-123.36268,49.55537],[-123.36385,49.55499],[-123.36415,49.55511],[-123.36441,49.55528],[-123.36484,49.55545],[-123.36523,49.55551],[-123.3661,49.55587],[-123.36726,49.55662],[-123.36796,49.55684],[-123.36835,49.55729],[-123.3687,49.55743],[-123.36938,49.55748],[-123.37008,49.55762],[-123.37077,49.55765],[-123.37146,49.55776],[-123.37185,49.5579],[-123.37211,49.55806],[-123.37364,49.5584],[-123.37479,49.55839],[-123.37548,49.55853],[-123.37582,49.55864],[-123.37652,49.55895],[-123.37721,49.55912],[-123.37782,49.55951],[-123.37817,49.55993],[-123.37842,49.56015],[-123.37878,49.5606],[-123.37978,49.56147],[-123.38055,49.56226],[-123.38093,49.56237],[-123.38103,49.56239],[-123.38155,49.5624],[-123.38336,49.56202],[-123.38371,49.5619],[-123.38405,49.5619],[-123.38474,49.56179],[-123.38612,49.56178],[-123.38642,49.56172],[-123.38711,49.56138],[-123.38776,49.56113],[-123.38844,49.56102],[-123.38978,49.56056],[-123.39013,49.56053],[-123.39047,49.56044],[-123.39155,49.56041],[-123.39185,49.56036],[-123.39254,49.56002],[-123.39288,49.55993],[-123.39327,49.55991],[-123.39349,49.55969],[-123.39473,49.55925],[-123.39508,49.55917],[-123.39538,49.55902],[-123.39576,49.55858],[-123.3958,49.55793],[-123.39571,49.55703],[-123.39575,49.55669],[-123.39609,49.55613],[-123.39651,49.55565],[-123.39686,49.55548],[-123.39755,49.55534],[-123.39802,49.55498],[-123.39841,49.55483],[-123.39858,49.55466],[-123.3987,49.55441],[-123.39931,49.55402],[-123.3997,49.55387],[-123.39995,49.55365],[-123.40034,49.55342],[-123.40081,49.55303],[-123.40115,49.55286],[-123.40165,49.55274],[-123.40214,49.55263],[-123.4049,49.55214],[-123.40578,49.55182],[-123.40598,49.55155],[-123.40632,49.55149],[-123.40753,49.55154],[-123.4083,49.55126],[-123.409,49.55123],[-123.41014,49.55107],[-123.41089,49.55053],[-123.41119,49.55063],[-123.41158,49.55072],[-123.41227,49.55069],[-123.41261,49.55063],[-123.41287,49.55046],[-123.41304,49.55024],[-123.4133,49.55001],[-123.4136,49.54987],[-123.41399,49.54942],[-123.41425,49.54927],[-123.41459,49.54919],[-123.41528,49.54885],[-123.41611,49.54837],[-123.41695,49.54789],[-123.4176,49.54758],[-123.41924,49.54711],[-123.4197,49.54656],[-123.41987,49.54614],[-123.42012,49.54575],[-123.42165,49.54502],[-123.4218,49.54484],[-123.42244,49.54456],[-123.42348,49.54436],[-123.42408,49.54391],[-123.42467,49.54368],[-123.42503,49.54368],[-123.42675,49.5435],[-123.42735,49.54311],[-123.42799,49.54279],[-123.42868,49.54265],[-123.42911,49.54243],[-123.42945,49.54231],[-123.4298,49.54226],[-123.43041,49.54237],[-123.43075,49.54234],[-123.43213,49.54253],[-123.43282,49.54244],[-123.43351,49.5423],[-123.43437,49.54193],[-123.43596,49.54114],[-123.43665,49.54094],[-123.43699,49.54077],[-123.43768,49.54065],[-123.43808,49.5405],[-123.43868,49.5406],[-123.43936,49.54059],[-123.43962,49.54037],[-123.43996,49.54037],[-123.44031,49.54042],[-123.44066,49.54059],[-123.441,49.5407],[-123.4417,49.5407],[-123.44238,49.54061],[-123.44307,49.54044],[-123.4451,49.54016],[-123.44544,49.54012],[-123.44604,49.54004],[-123.44665,49.53987],[-123.44708,49.53965],[-123.44763,49.53934],[-123.44834,49.5391],[-123.44893,49.53858],[-123.44921,49.53839],[-123.44984,49.53832],[-123.45032,49.53821],[-123.4508,49.53797],[-123.45142,49.53776],[-123.45161,49.53769],[-123.45244,49.53742],[-123.45296,49.53724],[-123.4532,49.53695],[-123.45356,49.53648],[-123.454,49.53617],[-123.4546,49.53588],[-123.45547,49.53566],[-123.45577,49.53546],[-123.45563,49.53537],[-123.45504,49.53538],[-123.45455,49.53538],[-123.45443,49.53527],[-123.45631,49.53441],[-123.45686,49.5341],[-123.45708,49.5339],[-123.45776,49.5335],[-123.46078,49.53196],[-123.46129,49.53169],[-123.4618,49.53159],[-123.4622,49.5317],[-123.46281,49.53177],[-123.46302,49.53198],[-123.46305,49.53217],[-123.46334,49.53224],[-123.46348,49.53238],[-123.46378,49.53246],[-123.46409,49.53238],[-123.46501,49.53199],[-123.46531,49.53193],[-123.46723,49.5315],[-123.46736,49.53142],[-123.46775,49.53133],[-123.46869,49.53088],[-123.46973,49.53053],[-123.47041,49.53019],[-123.47088,49.52983],[-123.47153,49.52951],[-123.47221,49.52935],[-123.4729,49.52926],[-123.47324,49.52917],[-123.4735,49.52884],[-123.47432,49.52847],[-123.47471,49.52844],[-123.47505,49.52849],[-123.47604,49.52851],[-123.47639,49.52849],[-123.47673,49.52843],[-123.47742,49.52817],[-123.47772,49.52797],[-123.47802,49.52755],[-123.47853,49.52721],[-123.47947,49.52647],[-123.47968,49.52617],[-123.47977,49.52595],[-123.48003,49.52575],[-123.48071,49.52549],[-123.4808,49.52527],[-123.48041,49.52491],[-123.4801,49.52448],[-123.47993,49.52401],[-123.48,49.52356],[-123.47992,49.52328],[-123.48014,49.52323],[-123.4805,49.52333],[-123.48082,49.52349],[-123.48112,49.52352],[-123.48135,49.52345],[-123.48123,49.52325],[-123.48089,49.52314],[-123.48029,49.52303],[-123.48032,49.52292],[-123.48054,49.52288],[-123.48077,49.5229],[-123.48086,49.52282],[-123.48053,49.52269],[-123.48008,49.5225],[-123.4799,49.52214],[-123.47994,49.52189],[-123.47996,49.5218],[-123.48002,49.52148],[-123.47952,49.52122],[-123.4797,49.52102],[-123.48055,49.5214],[-123.48072,49.5214],[-123.48103,49.5216],[-123.48128,49.52154],[-123.48123,49.52137],[-123.48157,49.52118],[-123.48218,49.52154],[-123.48251,49.52132],[-123.48213,49.52096],[-123.48293,49.52059],[-123.48323,49.52059],[-123.48418,49.52056],[-123.48422,49.52035],[-123.48421,49.5202],[-123.48437,49.52008],[-123.48448,49.51994],[-123.48428,49.51982],[-123.48425,49.51971],[-123.48439,49.51932],[-123.48497,49.51922],[-123.48689,49.51894],[-123.48692,49.51929],[-123.48725,49.51936],[-123.48769,49.51932],[-123.488,49.51909],[-123.48816,49.51877],[-123.48871,49.51863],[-123.48916,49.51871],[-123.48951,49.5187],[-123.48993,49.51862],[-123.49035,49.51875],[-123.4908,49.51876],[-123.49152,49.51857],[-123.49228,49.51791],[-123.49257,49.5171],[-123.49253,49.51627],[-123.49239,49.51577],[-123.49209,49.5151],[-123.49208,49.51452],[-123.49223,49.51396],[-123.49236,49.51323],[-123.49293,49.51239],[-123.49329,49.51158],[-123.4936,49.5111],[-123.49391,49.51086],[-123.49374,49.51052],[-123.49363,49.51007],[-123.4934,49.50534],[-123.49279,49.505],[-123.49277,49.50474],[-123.49293,49.50404],[-123.49323,49.50391],[-123.49377,49.50388],[-123.49422,49.50376],[-123.4946,49.50316],[-123.49509,49.50313],[-123.4952,49.50296],[-123.49516,49.50243],[-123.49491,49.50206],[-123.49491,49.50169],[-123.49508,49.50098],[-123.49477,49.50045],[-123.49532,49.49984],[-123.49515,49.49958],[-123.49464,49.49952],[-123.49414,49.49953],[-123.49367,49.49915],[-123.49332,49.49899],[-123.49299,49.49882],[-123.49236,49.49861],[-123.49195,49.49857],[-123.49155,49.49848],[-123.49097,49.49844],[-123.49033,49.49806],[-123.48997,49.49775],[-123.4897,49.49762],[-123.48933,49.49762],[-123.48909,49.49768],[-123.48885,49.49759],[-123.48907,49.49749],[-123.48922,49.49728],[-123.4892,49.49718],[-123.48884,49.49719],[-123.48846,49.49725],[-123.48835,49.49714],[-123.48851,49.49696],[-123.48847,49.49679],[-123.48819,49.49672],[-123.48818,49.49661],[-123.48823,49.49643],[-123.48805,49.49645],[-123.48786,49.49658],[-123.48756,49.49651],[-123.48738,49.49623],[-123.48772,49.49601],[-123.48798,49.49572],[-123.48785,49.49541],[-123.48633,49.49425],[-123.48283,49.4921],[-123.4826,49.4919],[-123.48164,49.49143],[-123.48061,49.49107],[-123.48017,49.49082],[-123.47771,49.48962],[-123.47614,49.48881],[-123.47436,49.48775],[-123.47337,49.48739],[-123.47294,49.48714],[-123.47134,49.48692],[-123.47091,49.48656],[-123.47056,49.48592],[-123.47012,49.48564],[-123.47003,49.48519],[-123.47037,49.48482],[-123.47162,49.48383],[-123.4726,49.48358],[-123.47411,49.48343],[-123.47514,49.48343],[-123.47623,49.4837],[-123.47726,49.48381],[-123.47788,49.48381],[-123.47995,49.48324],[-123.48027,49.48304],[-123.4813,49.48273],[-123.48181,49.48245],[-123.48267,49.48182],[-123.48335,49.48084],[-123.48334,49.48064],[-123.48343,49.48042],[-123.48338,49.48],[-123.48296,49.47985],[-123.48252,49.47987],[-123.48245,49.47967],[-123.48257,49.47924],[-123.48307,49.47885],[-123.48363,49.47893],[-123.4841,49.4791],[-123.48455,49.47914],[-123.48475,49.47881],[-123.48505,49.47814],[-123.48547,49.47794],[-123.48573,49.4776],[-123.48573,49.47726],[-123.48607,49.47692],[-123.48598,49.47659],[-123.48598,49.47631],[-123.48614,49.47527],[-123.48652,49.47462],[-123.4866,49.47431],[-123.48638,49.47364],[-123.4859,49.47291],[-123.48646,49.47208],[-123.48635,49.47144],[-123.48618,49.47114],[-123.48612,49.47094],[-123.48627,49.47067],[-123.48631,49.47045],[-123.4861,49.47013],[-123.48627,49.46973],[-123.48644,49.46923],[-123.48634,49.46862],[-123.48674,49.46807],[-123.48698,49.46752],[-123.48682,49.46714],[-123.48631,49.46713],[-123.4854,49.46688],[-123.48489,49.46688],[-123.48386,49.46697],[-123.48235,49.46738],[-123.48193,49.46734],[-123.48166,49.46695],[-123.48161,49.4663],[-123.4813,49.46563],[-123.48082,49.46498],[-123.48035,49.46487],[-123.48,49.4646],[-123.47991,49.46426],[-123.47974,49.46392],[-123.47943,49.46356],[-123.47915,49.46336],[-123.47858,49.46334],[-123.47822,49.4631],[-123.47815,49.46263],[-123.4782,49.46194],[-123.47791,49.46137],[-123.47712,49.46037],[-123.47677,49.46012],[-123.47642,49.45973],[-123.4759,49.45948],[-123.47539,49.45929],[-123.47504,49.459],[-123.47452,49.45873],[-123.47451,49.45839],[-123.47468,49.45805],[-123.47468,49.45773],[-123.47337,49.45662],[-123.47294,49.45615],[-123.47259,49.45553],[-123.4725,49.45517],[-123.47253,49.45449],[-123.47249,49.45415],[-123.4727,49.45354],[-123.47266,49.45323],[-123.47187,49.45261],[-123.47166,49.45234],[-123.47106,49.45203],[-123.47101,49.452],[-123.47046,49.45182],[-123.46925,49.45085],[-123.46896,49.45052],[-123.46806,49.45005],[-123.46771,49.44965],[-123.46762,49.44899],[-123.46774,49.44867],[-123.46821,49.448],[-123.46854,49.44701],[-123.46846,49.44685],[-123.46848,49.44535],[-123.46861,49.44505],[-123.46835,49.44471],[-123.46783,49.44455],[-123.4674,49.44432],[-123.46714,49.44396],[-123.46683,49.44323],[-123.46769,49.44269],[-123.46799,49.44241],[-123.4685,49.44213],[-123.46892,49.44202],[-123.46919,49.44173],[-123.46953,49.44145],[-123.47004,49.44128],[-123.4703,49.44105],[-123.47021,49.44072],[-123.46986,49.44044],[-123.47012,49.44021],[-123.47064,49.44021],[-123.47106,49.43998],[-123.47149,49.43987],[-123.47201,49.43959],[-123.47234,49.43928],[-123.4729,49.43866],[-123.47298,49.43832],[-123.4725,49.43771],[-123.4725,49.4374],[-123.47271,49.43706],[-123.47335,49.43647],[-123.47348,49.43613],[-123.47382,49.43554],[-123.47407,49.43489],[-123.47406,49.43425],[-123.47371,49.43374],[-123.47356,49.4336],[-123.47163,49.43358],[-123.47156,49.43321],[-123.47166,49.43309],[-123.47267,49.43309],[-123.47347,49.43305],[-123.47355,49.43304],[-123.47357,49.43211],[-123.47398,49.43107],[-123.47467,49.43059],[-123.47562,49.43017],[-123.47665,49.42983],[-123.47716,49.42971],[-123.4781,49.42934],[-123.47862,49.42867],[-123.47887,49.42802],[-123.47902,49.42783],[-123.44755,49.43472],[-123.44699,49.4348],[-123.44708,49.43497],[-123.44699,49.43531],[-123.44666,49.43559],[-123.44622,49.43576],[-123.44468,49.43593],[-123.44425,49.43622],[-123.44378,49.43681],[-123.44366,49.43745],[-123.44409,49.43765],[-123.44517,49.4377],[-123.44581,49.4375],[-123.44615,49.43728],[-123.44667,49.43755],[-123.44659,49.43789],[-123.44664,49.43888],[-123.44652,49.43949],[-123.44643,49.43979],[-123.44485,49.44048],[-123.44472,49.44082],[-123.44451,49.44113],[-123.44438,49.44178],[-123.44405,49.44239],[-123.44392,49.4429],[-123.44328,49.44374],[-123.44275,49.44418],[-123.4417,49.44474],[-123.44144,49.44513],[-123.44115,49.4458],[-123.44083,49.44617],[-123.4397,49.44668],[-123.43909,49.44707],[-123.43884,49.44736],[-123.43847,49.44756],[-123.4382,49.44796],[-123.43829,49.44864],[-123.43854,49.44915],[-123.43817,49.44964],[-123.43841,49.44996],[-123.43916,49.45028],[-123.43956,49.45061],[-123.43995,49.45086],[-123.44051,49.4515],[-123.44122,49.45181],[-123.44308,49.45169],[-123.44353,49.45203],[-123.44401,49.4527],[-123.44431,49.453],[-123.44475,49.45329],[-123.44527,49.4534],[-123.44579,49.45356],[-123.44626,49.45359],[-123.4473,49.45384],[-123.44777,49.45406],[-123.44807,49.4544],[-123.44851,49.45504],[-123.44835,49.45571],[-123.44804,49.45613],[-123.44694,49.45721],[-123.44669,49.45771],[-123.44644,49.4594],[-123.44649,49.46007],[-123.4464,49.46041],[-123.44637,49.46108],[-123.44642,49.46142],[-123.44655,49.46175],[-123.44698,49.46203],[-123.4472,49.46215],[-123.44784,49.46248],[-123.44836,49.46281],[-123.44884,49.46295],[-123.45044,49.46326],[-123.45091,49.46323],[-123.45194,49.46309],[-123.45246,49.46311],[-123.45337,49.46361],[-123.45424,49.46417],[-123.45476,49.46442],[-123.45528,49.46453],[-123.45631,49.46464],[-123.45666,49.46492],[-123.45666,49.46525],[-123.45649,49.46559],[-123.45606,49.46593],[-123.45581,49.46627],[-123.45538,49.46655],[-123.4553,49.46694],[-123.45564,49.46719],[-123.45668,49.4675],[-123.45712,49.46772],[-123.45712,49.46818],[-123.45627,49.46904],[-123.45674,49.46969],[-123.45705,49.47036],[-123.45714,49.4707],[-123.45749,49.47109],[-123.45801,49.4712],[-123.45853,49.47125],[-123.45905,49.47142],[-123.45939,49.4717],[-123.45931,49.4721],[-123.45905,49.47243],[-123.45888,49.47277],[-123.45863,49.47305],[-123.4582,49.47333],[-123.45769,49.4735],[-123.45665,49.47362],[-123.45618,49.47379],[-123.45515,49.47404],[-123.4536,49.47433],[-123.45264,49.47485],[-123.4524,49.47543],[-123.4523,49.47606],[-123.45187,49.47661],[-123.45137,49.47698],[-123.45118,49.47785],[-123.45105,49.47819],[-123.45067,49.47887],[-123.4502,49.47948],[-123.44991,49.47976],[-123.44939,49.48005],[-123.44844,49.48039],[-123.44827,49.48067],[-123.44827,49.48098],[-123.44802,49.48166],[-123.44803,49.48202],[-123.44812,49.48236],[-123.44795,49.48281],[-123.44701,49.48314],[-123.44675,49.48343],[-123.44624,49.48371],[-123.44555,49.48433],[-123.44517,49.48456],[-123.44422,49.48493],[-123.44383,49.48523],[-123.4435,49.48568],[-123.44328,49.48597],[-123.44299,49.48664],[-123.44311,49.48712],[-123.44296,49.48794],[-123.443,49.48855],[-123.44284,49.48923],[-123.44292,49.48956],[-123.44284,49.4899],[-123.44289,49.49057],[-123.44302,49.49091],[-123.44307,49.49158],[-123.44304,49.4926],[-123.44322,49.49327],[-123.44383,49.49397],[-123.44426,49.49433],[-123.44435,49.49464],[-123.44441,49.49531],[-123.44462,49.49562],[-123.44498,49.49598],[-123.44513,49.49626],[-123.44516,49.49669],[-123.4456,49.4971],[-123.44604,49.49721],[-123.44662,49.49743],[-123.44694,49.49788],[-123.44753,49.49867],[-123.44839,49.49985],[-123.44857,49.50008],[-123.44884,49.50075],[-123.44914,49.50119],[-123.44944,49.50142],[-123.44979,49.50153],[-123.45,49.50172],[-123.45065,49.50192],[-123.45083,49.50226],[-123.45075,49.50245],[-123.45071,49.5029],[-123.45049,49.50313],[-123.45002,49.50341],[-123.44981,49.50367],[-123.44878,49.50417],[-123.44869,49.5044],[-123.44784,49.50496],[-123.44775,49.50519],[-123.44749,49.50536],[-123.44669,49.5062],[-123.44639,49.50665],[-123.44635,49.50687],[-123.44639,49.5071],[-123.44627,49.50732],[-123.44623,49.50777],[-123.4461,49.508],[-123.44605,49.50822],[-123.44563,49.50865],[-123.44494,49.50896],[-123.4446,49.50904],[-123.44425,49.50919],[-123.44357,49.5095],[-123.44331,49.50975],[-123.44289,49.51031],[-123.44203,49.51088],[-123.44173,49.51119],[-123.44177,49.51164],[-123.44195,49.51189],[-123.4423,49.51195],[-123.44264,49.51217],[-123.44247,49.5124],[-123.44213,49.51256],[-123.44205,49.51276],[-123.44166,49.51315],[-123.44097,49.51341],[-123.44033,49.51372],[-123.43956,49.51456],[-123.4394,49.51495],[-123.4392,49.51521],[-123.4388,49.5154],[-123.43858,49.51559],[-123.43834,49.51595],[-123.43796,49.5163],[-123.43752,49.51657],[-123.43729,49.5168],[-123.43736,49.5171],[-123.43735,49.51747],[-123.4371,49.51786],[-123.43711,49.51807],[-123.43763,49.5182],[-123.43765,49.51838],[-123.43744,49.51851],[-123.43688,49.51877],[-123.43604,49.51908],[-123.4353,49.51937],[-123.4349,49.5196],[-123.43479,49.51984],[-123.43475,49.52007],[-123.43433,49.52032],[-123.43402,49.52057],[-123.43388,49.5208],[-123.4338,49.52117],[-123.43359,49.52151],[-123.43361,49.5217],[-123.43394,49.52176],[-123.43436,49.52169],[-123.43471,49.52169],[-123.43484,49.52187],[-123.43474,49.52208],[-123.43431,49.52225],[-123.43401,49.52251],[-123.43282,49.52335],[-123.43223,49.52372],[-123.43188,49.52383],[-123.43119,49.52415],[-123.43055,49.52429],[-123.42991,49.52491],[-123.4287,49.5255],[-123.42828,49.5257],[-123.42759,49.5259],[-123.42699,49.52626],[-123.42664,49.52638],[-123.42561,49.52689],[-123.42527,49.52711],[-123.42363,49.52732],[-123.42294,49.52729],[-123.42191,49.52746],[-123.42156,49.52747],[-123.4213,49.5273],[-123.42121,49.52707],[-123.42087,49.52685],[-123.41854,49.52686],[-123.41781,49.52694],[-123.41708,49.52711],[-123.41638,49.52717],[-123.41586,49.52709],[-123.41388,49.5271],[-123.41285,49.52693],[-123.41146,49.52663],[-123.40991,49.5261],[-123.4087,49.52611],[-123.40732,49.52591],[-123.40668,49.52597],[-123.40655,49.52603],[-123.40624,49.52617],[-123.40603,49.52639],[-123.40568,49.52657],[-123.40533,49.52657],[-123.40427,49.52677],[-123.40315,49.52723],[-123.40125,49.52742],[-123.4006,49.5276],[-123.40022,49.5276],[-123.39883,49.52774],[-123.3978,49.52769],[-123.39711,49.52758],[-123.39577,49.52761],[-123.39508,49.52773],[-123.39439,49.52773],[-123.39332,49.52804],[-123.39272,49.52832],[-123.39242,49.52852],[-123.39224,49.52874],[-123.39195,49.52888],[-123.39156,49.52931],[-123.39152,49.52956],[-123.39091,49.52999],[-123.39079,49.53027],[-123.39045,49.53069],[-123.39015,49.53086],[-123.39011,49.53128],[-123.38994,49.53145],[-123.3896,49.53151],[-123.38917,49.53182],[-123.38869,49.53201],[-123.3883,49.5316],[-123.38804,49.53151],[-123.38778,49.53129],[-123.38726,49.53129],[-123.38697,49.53143],[-123.38623,49.53208],[-123.38589,49.53225],[-123.38546,49.5327],[-123.3852,49.53287],[-123.38503,49.53315],[-123.38529,49.53343],[-123.38564,49.53349],[-123.38599,49.53371],[-123.38582,49.53394],[-123.38548,49.5341],[-123.38444,49.53416],[-123.384,49.53394],[-123.38383,49.53372],[-123.38348,49.53377],[-123.38314,49.53377],[-123.3828,49.53366],[-123.38245,49.53361],[-123.3821,49.53366],[-123.38193,49.53375],[-123.38104,49.53496],[-123.38039,49.5353],[-123.38021,49.5353],[-123.35833,49.55418],[-123.35826,49.55422]],[[-123.45612,49.506],[-123.45647,49.50605],[-123.45664,49.50633],[-123.45664,49.50656],[-123.45717,49.50695],[-123.45712,49.50717],[-123.45679,49.50762],[-123.45649,49.50785],[-123.45615,49.50791],[-123.45623,49.50824],[-123.45641,49.50852],[-123.45624,49.50875],[-123.45589,49.50898],[-123.45594,49.50928],[-123.45663,49.50928],[-123.45698,49.50933],[-123.45741,49.50976],[-123.45806,49.51003],[-123.45841,49.51009],[-123.45909,49.51008],[-123.45943,49.51019],[-123.45996,49.51059],[-123.46035,49.51072],[-123.46104,49.51078],[-123.46168,49.51072],[-123.46307,49.51097],[-123.46445,49.51096],[-123.46479,49.51085],[-123.46603,49.51028],[-123.4669,49.50999],[-123.46759,49.50965],[-123.46798,49.50963],[-123.46793,49.50978],[-123.4678,49.51001],[-123.46787,49.5102],[-123.46831,49.51036],[-123.46836,49.51057],[-123.46822,49.51085],[-123.4679,49.51095],[-123.46755,49.51097],[-123.46686,49.51112],[-123.46652,49.51123],[-123.46635,49.51146],[-123.46635,49.51168],[-123.46609,49.51191],[-123.46575,49.51208],[-123.4655,49.51228],[-123.46511,49.5127],[-123.46442,49.5129],[-123.46378,49.51332],[-123.46361,49.51355],[-123.46326,49.51372],[-123.4631,49.51394],[-123.46275,49.51403],[-123.46198,49.51406],[-123.46181,49.51411],[-123.46069,49.51477],[-123.46,49.51502],[-123.45966,49.51508],[-123.45931,49.51522],[-123.45872,49.51562],[-123.45811,49.51593],[-123.45743,49.51616],[-123.4576,49.51655],[-123.45786,49.51666],[-123.45821,49.51688],[-123.45821,49.51733],[-123.45796,49.51778],[-123.45751,49.51824],[-123.45689,49.51843],[-123.45596,49.51894],[-123.45525,49.51897],[-123.45471,49.51927],[-123.45357,49.51923],[-123.45211,49.51949],[-123.45177,49.51937],[-123.45142,49.5191],[-123.45137,49.51888],[-123.45142,49.51861],[-123.4521,49.51767],[-123.45213,49.51744],[-123.45265,49.51625],[-123.45338,49.51561],[-123.4531,49.51488],[-123.45319,49.51466],[-123.45319,49.5144],[-123.45257,49.51306],[-123.45257,49.51286],[-123.45282,49.51218],[-123.45299,49.51196],[-123.45311,49.51164],[-123.45358,49.51117],[-123.45419,49.51038],[-123.4547,49.51004],[-123.45495,49.50971],[-123.45499,49.50943],[-123.45443,49.50906],[-123.45425,49.50881],[-123.45451,49.50833],[-123.45467,49.50788],[-123.45466,49.50651],[-123.455,49.50623],[-123.45535,49.50608],[-123.45612,49.506]],[[-123.46032,49.47185],[-123.46044,49.47194],[-123.46049,49.47205],[-123.46042,49.47213],[-123.46003,49.47219],[-123.45991,49.47205],[-123.46007,49.47189],[-123.46032,49.47185]]]},"properties":{"MGNT_AREA":28,"SUBAREA_":3,"NAME":"Subarea 28-3","LABEL":"28-3","SQ_KM":42.305852690000002}},{"type":"Feature","geometry":{"type":"Polygon","coordinates":[[[-123.31602,49.4198],[-123.31577,49.41988],[-123.31548,49.41986],[-123.31514,49.41967],[-123.31458,49.4193],[-123.31438,49.41867],[-123.31442,49.41814],[-123.31429,49.41779],[-123.31366,49.41766],[-123.31336,49.41766],[-123.31302,49.41773],[-123.31271,49.41785],[-123.31258,49.4178],[-123.31252,49.41761],[-123.31194,49.4175],[-123.31117,49.41756],[-123.31087,49.41743],[-123.31087,49.41716],[-123.31144,49.41692],[-123.31201,49.41665],[-123.31287,49.41657],[-123.31343,49.41642],[-123.31403,49.41581],[-123.31411,49.41547],[-123.31454,49.4153],[-123.31488,49.41502],[-123.31505,49.41468],[-123.31496,49.41401],[-123.31453,49.41336],[-123.31401,49.41272],[-123.31366,49.41244],[-123.31323,49.41219],[-123.31211,49.41202],[-123.31159,49.41188],[-123.31056,49.41147],[-123.30952,49.41124],[-123.309,49.41105],[-123.30875,49.4106],[-123.30878,49.41032],[-123.3093,49.40967],[-123.30943,49.40936],[-123.30968,49.409],[-123.31041,49.40843],[-123.31053,49.40779],[-123.31045,49.40745],[-123.31001,49.4068],[-123.31049,49.40613],[-123.31087,49.40585],[-123.31108,49.40523],[-123.31095,49.40492],[-123.31094,49.40459],[-123.31103,49.40425],[-123.3112,49.40392],[-123.3118,49.40326],[-123.31278,49.40276],[-123.31313,49.40247],[-123.31347,49.40188],[-123.31394,49.4016],[-123.31445,49.40138],[-123.31496,49.40126],[-123.31548,49.4012],[-123.31656,49.40123],[-123.31708,49.40106],[-123.31793,49.40052],[-123.3185,49.40047],[-123.31939,49.40007],[-123.32029,49.3994],[-123.32081,49.39911],[-123.32111,49.39914],[-123.32098,49.39858],[-123.3208,49.39827],[-123.32105,49.39793],[-123.32208,49.39692],[-123.32328,49.39605],[-123.32336,49.39537],[-123.32323,49.39412],[-123.32292,49.39372],[-123.32258,49.39344],[-123.3224,49.39316],[-123.32154,49.39254],[-123.32102,49.39237],[-123.3205,49.39232],[-123.31998,49.39215],[-123.31981,49.39182],[-123.3193,49.3917],[-123.31912,49.39143],[-123.31903,49.39103],[-123.31834,49.39104],[-123.3186,49.3907],[-123.31895,49.39042],[-123.3189,49.39008],[-123.3192,49.38946],[-123.31927,49.38845],[-123.31923,49.38778],[-123.31935,49.38744],[-123.3197,49.38718],[-123.32051,49.38679],[-123.3215,49.38639],[-123.32201,49.38628],[-123.32304,49.38625],[-123.32356,49.38636],[-123.32511,49.3863],[-123.32614,49.38644],[-123.32666,49.38663],[-123.32695,49.38667],[-123.32855,49.38713],[-123.32954,49.38724],[-123.3301,49.38724],[-123.33062,49.38712],[-123.33114,49.38707],[-123.3316,49.38707],[-123.33274,49.38669],[-123.3334,49.38629],[-123.33359,49.38561],[-123.33344,49.38494],[-123.33294,49.38459],[-123.33275,49.38441],[-123.33273,49.38438],[-123.33277,49.3836],[-123.33384,49.38275],[-123.33424,49.38234],[-123.33423,49.3821],[-123.33424,49.38201],[-123.33428,49.38163],[-123.33431,49.38147],[-123.33411,49.38137],[-123.33356,49.38141],[-123.33298,49.38156],[-123.33271,49.38158],[-123.33253,49.38143],[-123.33232,49.38138],[-123.33189,49.38144],[-123.33123,49.3816],[-123.33076,49.38168],[-123.33024,49.38168],[-123.32864,49.38149],[-123.32761,49.38177],[-123.32714,49.38152],[-123.32809,49.38093],[-123.32912,49.38053],[-123.32963,49.38028],[-123.33062,49.38033],[-123.33113,49.38027],[-123.33178,49.37986],[-123.3321,49.3796],[-123.33253,49.37954],[-123.33365,49.37951],[-123.33404,49.37941],[-123.33448,49.37912],[-123.33475,49.37858],[-123.3347,49.37809],[-123.33428,49.37759],[-123.33377,49.37747],[-123.33284,49.37753],[-123.33184,49.37771],[-123.3309,49.37797],[-123.33038,49.37803],[-123.32987,49.37814],[-123.3294,49.37831],[-123.32871,49.37874],[-123.3273,49.37894],[-123.32636,49.37936],[-123.32549,49.37981],[-123.3246,49.38021],[-123.32361,49.38041],[-123.3231,49.38041],[-123.32258,49.38036],[-123.32214,49.38002],[-123.32206,49.37968],[-123.32231,49.37867],[-123.32227,49.3783],[-123.32239,49.3776],[-123.32239,49.37727],[-123.32213,49.37693],[-123.32169,49.37671],[-123.32135,49.37643],[-123.32126,49.37609],[-123.32186,49.37598],[-123.32246,49.37648],[-123.3229,49.37659],[-123.32341,49.37659],[-123.32393,49.3767],[-123.325,49.37667],[-123.32548,49.37661],[-123.32642,49.37635],[-123.32698,49.37613],[-123.32758,49.37546],[-123.32771,49.37512],[-123.328,49.37478],[-123.32834,49.37408],[-123.32842,49.37374],[-123.32829,49.37307],[-123.32846,49.37276],[-123.32854,49.37248],[-123.32897,49.37214],[-123.33024,49.37143],[-123.33072,49.37116],[-123.3309,49.37076],[-123.33133,49.3705],[-123.33236,49.37036],[-123.33283,49.37011],[-123.33308,49.36982],[-123.33329,49.36881],[-123.33342,49.36848],[-123.33362,49.36691],[-123.33345,49.36648],[-123.33344,49.36584],[-123.33318,49.365],[-123.33288,49.3646],[-123.33287,49.3634],[-123.33261,49.36298],[-123.33247,49.36261],[-123.33256,49.36191],[-123.33289,49.36126],[-123.3332,49.36095],[-123.33328,49.36056],[-123.33379,49.36044],[-123.33422,49.36022],[-123.33463,49.35948],[-123.33475,49.35897],[-123.33466,49.35845],[-123.33489,49.35813],[-123.33511,49.35788],[-123.33549,49.3577],[-123.33589,49.35772],[-123.33605,49.35727],[-123.33637,49.35643],[-123.33686,49.35553],[-123.33738,49.35513],[-123.33757,49.35485],[-123.33768,49.35435],[-123.33797,49.35385],[-123.33842,49.35353],[-123.33888,49.35311],[-123.33948,49.3531],[-123.33958,49.3531],[-123.33975,49.35264],[-123.33997,49.35233],[-123.3399,49.35189],[-123.33998,49.35143],[-123.34023,49.35127],[-123.34078,49.35105],[-123.34121,49.35083],[-123.34155,49.35049],[-123.34168,49.35012],[-123.34189,49.34981],[-123.34325,49.34863],[-123.34416,49.34815],[-123.34445,49.34789],[-123.34488,49.34716],[-123.34539,49.34688],[-123.3459,49.34671],[-123.34647,49.34688],[-123.34669,49.34752],[-123.3472,49.3476],[-123.34772,49.34749],[-123.34806,49.34732],[-123.3484,49.34704],[-123.34856,49.3467],[-123.349,49.34642],[-123.34943,49.34625],[-123.34994,49.34624],[-123.35041,49.34619],[-123.3511,49.34577],[-123.35131,49.34557],[-123.35187,49.34534],[-123.35285,49.34515],[-123.35367,49.34478],[-123.35457,49.34444],[-123.35491,49.3441],[-123.35534,49.34393],[-123.35636,49.34297],[-123.35679,49.3428],[-123.35722,49.34246],[-123.3573,49.34213],[-123.35712,49.34179],[-123.35678,49.34157],[-123.35626,49.34151],[-123.35575,49.34157],[-123.35532,49.3414],[-123.35507,49.34118],[-123.35508,49.34074],[-123.35547,49.34007],[-123.35583,49.33969],[-123.35594,49.33918],[-123.35621,49.33889],[-123.35685,49.33881],[-123.35769,49.33875],[-123.35805,49.33864],[-123.3583,49.33849],[-123.35848,49.33839],[-123.35872,49.3384],[-123.35909,49.33852],[-123.35947,49.33846],[-123.35975,49.33834],[-123.35964,49.3381],[-123.35941,49.33793],[-123.35886,49.33802],[-123.35847,49.33806],[-123.35858,49.33788],[-123.35904,49.3378],[-123.3593,49.33763],[-123.35957,49.33746],[-123.36013,49.33744],[-123.36054,49.33735],[-123.36078,49.33715],[-123.36103,49.33688],[-123.36111,49.3368],[-123.36082,49.33667],[-123.36043,49.33677],[-123.36013,49.33669],[-123.36014,49.33628],[-123.3604,49.33588],[-123.36085,49.33566],[-123.36072,49.33558],[-123.26528,49.33042],[-123.26531,49.33044],[-123.26549,49.33058],[-123.26557,49.33078],[-123.26558,49.33109],[-123.26595,49.33117],[-123.26691,49.33106],[-123.26712,49.3312],[-123.26738,49.33131],[-123.26747,49.33154],[-123.26764,49.33164],[-123.26786,49.33192],[-123.26786,49.33209],[-123.26799,49.3324],[-123.26804,49.33276],[-123.26812,49.33294],[-123.26842,49.33332],[-123.2686,49.33349],[-123.26855,49.33364],[-123.26826,49.33392],[-123.26817,49.33411],[-123.268,49.33422],[-123.26783,49.33439],[-123.26776,49.33456],[-123.26775,49.33468],[-123.26783,49.33484],[-123.26835,49.33509],[-123.26856,49.33526],[-123.26835,49.33568],[-123.26852,49.33588],[-123.269,49.33602],[-123.26913,49.33619],[-123.269,49.3363],[-123.26904,49.33664],[-123.2693,49.33675],[-123.26956,49.3368],[-123.26978,49.33695],[-123.26953,49.33769],[-123.26939,49.33787],[-123.26939,49.33804],[-123.26922,49.33821],[-123.26918,49.33849],[-123.26923,49.33888],[-123.26884,49.33953],[-123.26893,49.33986],[-123.26906,49.34001],[-123.26923,49.34012],[-123.26974,49.34015],[-123.27,49.34023],[-123.27011,49.34043],[-123.26958,49.34113],[-123.26941,49.34146],[-123.26924,49.34164],[-123.26916,49.3418],[-123.26898,49.34194],[-123.26868,49.34228],[-123.26847,49.34242],[-123.26839,49.34259],[-123.26817,49.34273],[-123.268,49.34307],[-123.26796,49.34324],[-123.26766,49.34357],[-123.26758,49.34375],[-123.26727,49.34405],[-123.26719,49.34422],[-123.26719,49.34439],[-123.26728,49.34459],[-123.26775,49.3447],[-123.26797,49.34484],[-123.2681,49.3452],[-123.26909,49.34587],[-123.2693,49.34621],[-123.26946,49.34635],[-123.26975,49.3472],[-123.26999,49.3472],[-123.27046,49.34687],[-123.27081,49.34679],[-123.27107,49.34668],[-123.27132,49.34668],[-123.27167,49.34679],[-123.27184,49.3471],[-123.27185,49.34741],[-123.27193,49.34758],[-123.27193,49.34775],[-123.27193,49.34792],[-123.27168,49.34803],[-123.27142,49.34808],[-123.27112,49.34806],[-123.27013,49.34809],[-123.26983,49.3482],[-123.26962,49.34857],[-123.26962,49.34877],[-123.26962,49.34893],[-123.26968,49.34919],[-123.26924,49.3502],[-123.26924,49.35053],[-123.26946,49.35098],[-123.27007,49.35104],[-123.27019,49.35123],[-123.26994,49.35146],[-123.2694,49.35175],[-123.26891,49.35261],[-123.26887,49.35278],[-123.26865,49.35306],[-123.26844,49.35315],[-123.2681,49.35343],[-123.26798,49.3536],[-123.26844,49.35382],[-123.26912,49.35411],[-123.26979,49.35402],[-123.27068,49.35371],[-123.27107,49.35342],[-123.27136,49.35342],[-123.27153,49.35353],[-123.27162,49.3539],[-123.27154,49.35443],[-123.27158,49.35474],[-123.27155,49.35516],[-123.2712,49.35538],[-123.27086,49.35554],[-123.26997,49.35564],[-123.2697,49.35575],[-123.26918,49.35587],[-123.26901,49.35602],[-123.26921,49.35621],[-123.26911,49.35643],[-123.26878,49.3567],[-123.26852,49.35696],[-123.26868,49.35725],[-123.26927,49.35831],[-123.27226,49.35746],[-123.27206,49.35695],[-123.27219,49.35672],[-123.27257,49.35669],[-123.27329,49.3567],[-123.27392,49.35662],[-123.2743,49.35648],[-123.27451,49.3563],[-123.27499,49.35605],[-123.27533,49.35574],[-123.27576,49.35549],[-123.27627,49.35524],[-123.27653,49.35521],[-123.27695,49.35521],[-123.27765,49.35543],[-123.27812,49.35554],[-123.27863,49.35559],[-123.27932,49.35579],[-123.27962,49.35599],[-123.2798,49.35615],[-123.2798,49.35649],[-123.27992,49.35726],[-123.28007,49.3575],[-123.28019,49.35761],[-123.28071,49.35764],[-123.28097,49.35772],[-123.28136,49.35792],[-123.28162,49.35811],[-123.28196,49.35817],[-123.28221,49.35806],[-123.28239,49.35794],[-123.28255,49.35787],[-123.28277,49.35783],[-123.28329,49.35783],[-123.28355,49.35786],[-123.28406,49.35783],[-123.28458,49.35788],[-123.28471,49.35802],[-123.28479,49.35822],[-123.28471,49.35838],[-123.28469,49.35848],[-123.28462,49.35858],[-123.28471,49.35878],[-123.28472,49.35886],[-123.28471,49.35889],[-123.28471,49.35901],[-123.28455,49.35928],[-123.28458,49.35962],[-123.28452,49.35981],[-123.28446,49.35996],[-123.2842,49.36013],[-123.28403,49.3603],[-123.28377,49.36041],[-123.28364,49.36058],[-123.28361,49.36075],[-123.28342,49.36092],[-123.28326,49.3612],[-123.2831,49.36137],[-123.28305,49.36151],[-123.28258,49.36179],[-123.28258,49.36198],[-123.28274,49.36237],[-123.28396,49.36226],[-123.28422,49.36238],[-123.28494,49.36235],[-123.28525,49.36237],[-123.28551,49.36248],[-123.28566,49.36268],[-123.28592,49.36274],[-123.28619,49.36248],[-123.28645,49.36237],[-123.2868,49.36231],[-123.28714,49.36242],[-123.28714,49.36265],[-123.28722,49.36276],[-123.2874,49.36293],[-123.28766,49.36304],[-123.28766,49.36369],[-123.28757,49.36402],[-123.28775,49.36456],[-123.28783,49.36467],[-123.28767,49.36517],[-123.28767,49.36534],[-123.28758,49.36545],[-123.28725,49.36632],[-123.28668,49.36674],[-123.2857,49.36734],[-123.285,49.36775],[-123.28465,49.36815],[-123.28441,49.36855],[-123.2844,49.36885],[-123.28478,49.37],[-123.28501,49.37076],[-123.28488,49.3717],[-123.28496,49.37206],[-123.28569,49.37244],[-123.28619,49.37251],[-123.28668,49.37216],[-123.28731,49.3716],[-123.28769,49.37136],[-123.2882,49.37133],[-123.28845,49.37121],[-123.28879,49.37111],[-123.28947,49.37113],[-123.28977,49.3713],[-123.29066,49.37142],[-123.29096,49.37165],[-123.29147,49.37215],[-123.2917,49.37247],[-123.29201,49.37239],[-123.29212,49.37225],[-123.29266,49.37228],[-123.29284,49.37224],[-123.293,49.37208],[-123.29311,49.3721],[-123.29323,49.37233],[-123.2933,49.37238],[-123.2935,49.3722],[-123.29365,49.37214],[-123.29369,49.3723],[-123.29339,49.37323],[-123.29297,49.374],[-123.29256,49.37444],[-123.29196,49.37478],[-123.29133,49.37503],[-123.29106,49.37525],[-123.2914,49.37543],[-123.29117,49.37602],[-123.29073,49.37672],[-123.29044,49.37692],[-123.2901,49.37689],[-123.29001,49.37671],[-123.29018,49.37603],[-123.29008,49.37575],[-123.28984,49.3756],[-123.28928,49.37543],[-123.28819,49.37535],[-123.28786,49.37545],[-123.28735,49.37595],[-123.28706,49.37608],[-123.28657,49.37614],[-123.28622,49.37621],[-123.28587,49.37657],[-123.28567,49.37713],[-123.28514,49.37751],[-123.28424,49.37801],[-123.2831,49.37841],[-123.28212,49.37888],[-123.28164,49.37891],[-123.28103,49.37881],[-123.2806,49.37854],[-123.27994,49.37827],[-123.27949,49.37827],[-123.27888,49.37872],[-123.27779,49.37958],[-123.27661,49.38025],[-123.27581,49.38064],[-123.27539,49.38073],[-123.27498,49.38055],[-123.27483,49.38001],[-123.27484,49.37941],[-123.27508,49.37888],[-123.27533,49.37842],[-123.27572,49.37749],[-123.2758,49.37713],[-123.27563,49.37693],[-123.27573,49.37634],[-123.27569,49.37582],[-123.2751,49.37531],[-123.27413,49.37494],[-123.27292,49.37474],[-123.27251,49.3747],[-123.27243,49.37481],[-123.27265,49.37534],[-123.27263,49.37569],[-123.27225,49.37587],[-123.27196,49.37592],[-123.27183,49.37614],[-123.27141,49.37606],[-123.27122,49.37613],[-123.27082,49.37667],[-123.27003,49.37776],[-123.26939,49.37849],[-123.26887,49.37888],[-123.26841,49.37939],[-123.26808,49.38035],[-123.26772,49.38118],[-123.2671,49.38175],[-123.26633,49.38243],[-123.26575,49.38272],[-123.26466,49.38332],[-123.26371,49.38387],[-123.26273,49.38444],[-123.26205,49.38509],[-123.26156,49.3857],[-123.26025,49.38699],[-123.25944,49.38764],[-123.25884,49.38833],[-123.25852,49.38911],[-123.25843,49.39008],[-123.25818,49.39084],[-123.25782,49.39124],[-123.25716,49.39149],[-123.2569,49.3919],[-123.25651,49.39275],[-123.25582,49.39336],[-123.25451,49.39425],[-123.2532,49.39501],[-123.25214,49.39552],[-123.25198,49.39591],[-123.25214,49.39698],[-123.25227,49.39772],[-123.25208,49.39822],[-123.25217,49.39858],[-123.2524,49.39918],[-123.25223,49.39969],[-123.2513,49.40037],[-123.25026,49.40075],[-123.24938,49.40095],[-123.24831,49.40146],[-123.24689,49.402],[-123.2461,49.40231],[-123.24561,49.40254],[-123.24552,49.40258],[-123.2453,49.40298],[-123.24535,49.4036],[-123.24521,49.4039],[-123.24486,49.40414],[-123.24491,49.40452],[-123.2448,49.40488],[-123.24473,49.405],[-123.24452,49.40524],[-123.24438,49.40536],[-123.24383,49.4054],[-123.2438,49.40553],[-123.24454,49.40565],[-123.24472,49.40596],[-123.2448,49.40641],[-123.24442,49.40705],[-123.24392,49.40705],[-123.2436,49.40738],[-123.24322,49.40805],[-123.24316,49.40815],[-123.24319,49.40839],[-123.24332,49.40867],[-123.24319,49.40941],[-123.24293,49.41031],[-123.24252,49.41053],[-123.24232,49.41056],[-123.24217,49.41043],[-123.2417,49.41067],[-123.24133,49.41119],[-123.24123,49.41185],[-123.24064,49.4126],[-123.23956,49.41352],[-123.23843,49.41442],[-123.23775,49.41489],[-123.23685,49.41514],[-123.23636,49.41536],[-123.23618,49.41577],[-123.23568,49.4162],[-123.23528,49.41647],[-123.23518,49.4166],[-123.23487,49.417],[-123.23448,49.41759],[-123.23444,49.41852],[-123.23464,49.4195],[-123.23493,49.42012],[-123.23509,49.42061],[-123.23504,49.42099],[-123.23501,49.42119],[-123.23457,49.42172],[-123.23412,49.42204],[-123.23383,49.42255],[-123.23357,49.42354],[-123.2333,49.42424],[-123.2333,49.42428],[-123.2332,49.42508],[-123.23323,49.42556],[-123.23369,49.42599],[-123.23383,49.42633],[-123.23381,49.42691],[-123.23376,49.42766],[-123.23402,49.42838],[-123.23446,49.42881],[-123.23508,49.42923],[-123.23566,49.42962],[-123.23592,49.43014],[-123.23614,49.43055],[-123.23642,49.4311],[-123.23644,49.43159],[-123.23597,49.43218],[-123.2357,49.43265],[-123.23557,49.43311],[-123.23583,49.43369],[-123.23624,49.43472],[-123.23654,49.43548],[-123.23692,49.43621],[-123.23729,49.43658],[-123.23804,49.43715],[-123.2386,49.43771],[-123.23908,49.43808],[-123.23926,49.43848],[-123.23928,49.43896],[-123.23903,49.43951],[-123.23892,49.44011],[-123.23891,49.44101],[-123.23875,49.44191],[-123.23875,49.44215],[-123.23872,49.44282],[-123.23891,49.4433],[-123.23946,49.44372],[-123.23975,49.44416],[-123.23985,49.44462],[-123.23958,49.44493],[-123.23941,49.44529],[-123.23952,49.44582],[-123.23944,49.44611],[-123.23914,49.4464],[-123.23904,49.44686],[-123.23907,49.44767],[-123.23904,49.44824],[-123.23883,49.4489],[-123.23905,49.4493],[-123.23949,49.4498],[-123.24003,49.45024],[-123.24043,49.45026],[-123.24072,49.44994],[-123.24106,49.44995],[-123.24108,49.45023],[-123.2413,49.4503],[-123.24131,49.45093],[-123.24085,49.45288],[-123.24007,49.4534],[-123.23926,49.45405],[-123.23895,49.45461],[-123.23909,49.4549],[-123.23968,49.45489],[-123.23982,49.45504],[-123.23965,49.45535],[-123.23995,49.45585],[-123.24026,49.45631],[-123.24074,49.45704],[-123.24117,49.45757],[-123.24137,49.4586],[-123.2413,49.45958],[-123.24096,49.46038],[-123.24053,49.46077],[-123.23995,49.4612],[-123.23996,49.46127],[-123.23977,49.46175],[-123.23968,49.46251],[-123.24002,49.46325],[-123.24021,49.46365],[-123.24026,49.46419],[-123.24057,49.46511],[-123.24097,49.46595],[-123.24123,49.46621],[-123.24142,49.46663],[-123.24149,49.46721],[-123.24136,49.4676],[-123.24094,49.46798],[-123.24064,49.46854],[-123.24088,49.46935],[-123.24191,49.47012],[-123.24287,49.47068],[-123.24364,49.4708],[-123.24435,49.47086],[-123.24574,49.47063],[-123.24578,49.47077],[-123.24551,49.47101],[-123.24532,49.47118],[-123.24523,49.47174],[-123.24496,49.47198],[-123.24442,49.4722],[-123.24436,49.47265],[-123.24443,49.47353],[-123.24436,49.47398],[-123.24408,49.47428],[-123.24403,49.47468],[-123.2439,49.47497],[-123.24351,49.4754],[-123.24342,49.47572],[-123.24341,49.47577],[-123.24383,49.47631],[-123.24414,49.47696],[-123.24432,49.47766],[-123.24415,49.4783],[-123.24407,49.47916],[-123.2442,49.47945],[-123.24426,49.47958],[-123.24474,49.47979],[-123.2449,49.47998],[-123.2448,49.48043],[-123.24454,49.48088],[-123.24447,49.48121],[-123.24461,49.48151],[-123.24548,49.48193],[-123.24596,49.48224],[-123.24635,49.48244],[-123.24682,49.48244],[-123.2476,49.48227],[-123.24792,49.48239],[-123.24814,49.48219],[-123.24824,49.48209],[-123.2486,49.48215],[-123.24885,49.48207],[-123.24934,49.48206],[-123.2496,49.48222],[-123.24982,49.48281],[-123.24967,49.48331],[-123.24947,49.48367],[-123.24961,49.4839],[-123.25004,49.48409],[-123.2502,49.48437],[-123.25017,49.48473],[-123.24987,49.48527],[-123.24944,49.48568],[-123.2494,49.48612],[-123.24968,49.48656],[-123.24983,49.48705],[-123.24993,49.48766],[-123.25002,49.48801],[-123.25015,49.48839],[-123.25007,49.48882],[-123.24951,49.48936],[-123.2492,49.48964],[-123.24905,49.49012],[-123.24858,49.4903],[-123.24808,49.49068],[-123.24786,49.49129],[-123.24794,49.49191],[-123.2477,49.49243],[-123.24754,49.49286],[-123.24756,49.49351],[-123.24725,49.49401],[-123.24735,49.4948],[-123.24776,49.4955],[-123.24807,49.49588],[-123.24812,49.49633],[-123.24821,49.49692],[-123.24847,49.4972],[-123.24868,49.49739],[-123.24874,49.49772],[-123.24887,49.49801],[-123.24918,49.49835],[-123.24913,49.49856],[-123.24896,49.49886],[-123.24907,49.49919],[-123.24937,49.49946],[-123.24944,49.49983],[-123.24926,49.50015],[-123.24902,49.50051],[-123.24923,49.50055],[-123.24924,49.50081],[-123.24905,49.50105],[-123.24904,49.50146],[-123.24922,49.50163],[-123.24973,49.50182],[-123.25015,49.50211],[-123.25031,49.50243],[-123.25059,49.50258],[-123.25076,49.50262],[-123.25133,49.50275],[-123.25172,49.50311],[-123.25207,49.50339],[-123.25242,49.50353],[-123.25252,49.50382],[-123.25265,49.50399],[-123.25317,49.50424],[-123.25349,49.50462],[-123.2541,49.50481],[-123.25496,49.50491],[-123.25524,49.50528],[-123.25568,49.50549],[-123.25646,49.5057],[-123.2567,49.50608],[-123.25761,49.50645],[-123.25807,49.50686],[-123.25844,49.50693],[-123.25885,49.50684],[-123.25951,49.50684],[-123.25972,49.50708],[-123.26005,49.50716],[-123.26053,49.50708],[-123.26076,49.50714],[-123.26077,49.50736],[-123.26085,49.50771],[-123.2611,49.5079],[-123.26138,49.50812],[-123.26147,49.50866],[-123.26131,49.50927],[-123.2611,49.50971],[-123.26118,49.51013],[-123.26105,49.51055],[-123.26114,49.51111],[-123.26137,49.51189],[-123.26189,49.51205],[-123.26224,49.51257],[-123.26205,49.51297],[-123.26218,49.5132],[-123.26207,49.51359],[-123.26234,49.51379],[-123.26244,49.51427],[-123.26238,49.51475],[-123.26215,49.51526],[-123.26176,49.51595],[-123.26183,49.51632],[-123.26196,49.5167],[-123.26197,49.51705],[-123.26186,49.51741],[-123.26199,49.51773],[-123.26228,49.51797],[-123.2628,49.51832],[-123.26281,49.51859],[-123.26299,49.51887],[-123.2629,49.51945],[-123.26248,49.51993],[-123.26197,49.52039],[-123.2617,49.52099],[-123.26151,49.52161],[-123.26138,49.52188],[-123.26125,49.52229],[-123.26141,49.52269],[-123.2615,49.52308],[-123.26159,49.52357],[-123.26131,49.52378],[-123.26125,49.5241],[-123.26112,49.52456],[-123.26121,49.52478],[-123.26131,49.52512],[-123.26137,49.52539],[-123.26126,49.52595],[-123.30235,49.51068],[-123.30258,49.5105],[-123.3026,49.51049],[-123.30294,49.51037],[-123.30337,49.51037],[-123.3038,49.51043],[-123.30402,49.51057],[-123.30513,49.5117],[-123.30485,49.51244],[-123.30468,49.51262],[-123.30486,49.51289],[-123.30512,49.51307],[-123.30597,49.51286],[-123.30632,49.51329],[-123.3062,49.51379],[-123.30628,49.51413],[-123.3063,49.51419],[-123.3071,49.5139],[-123.30731,49.51368],[-123.30792,49.51336],[-123.30826,49.51336],[-123.30895,49.51345],[-123.30964,49.51361],[-123.3102,49.514],[-123.31081,49.51434],[-123.31116,49.51445],[-123.31142,49.51462],[-123.31146,49.51529],[-123.31155,49.51552],[-123.31216,49.51591],[-123.31285,49.51605],[-123.31354,49.51608],[-123.31388,49.51616],[-123.31453,49.51641],[-123.3154,49.5166],[-123.3158,49.5168],[-123.31654,49.51752],[-123.31678,49.51758],[-123.31712,49.51758],[-123.31739,49.51769],[-123.3176,49.51789],[-123.31773,49.51831],[-123.31791,49.51853],[-123.318,49.51876],[-123.31817,49.51895],[-123.31886,49.51929],[-123.3193,49.51974],[-123.31999,49.52007],[-123.32079,49.52087],[-123.32095,49.52094],[-123.32111,49.5211],[-123.32103,49.52133],[-123.32125,49.52178],[-123.32138,49.52223],[-123.3216,49.52245],[-123.3219,49.52265],[-123.32256,49.52326],[-123.32278,49.52371],[-123.32307,49.52391],[-123.32372,49.52421],[-123.32398,49.52461],[-123.32407,49.52506],[-123.32395,49.52546],[-123.32427,49.52577],[-123.32436,49.52616],[-123.32482,49.52651],[-123.32504,49.52696],[-123.32539,49.52721],[-123.32561,49.52751],[-123.32539,49.52811],[-123.32561,49.52868],[-123.32548,49.52898],[-123.32544,49.52954],[-123.32574,49.53002],[-123.32575,49.53024],[-123.32584,49.53047],[-123.32601,49.53064],[-123.32601,49.53086],[-123.32593,49.53109],[-123.32601,49.53131],[-123.32597,49.53153],[-123.32602,49.53176],[-123.32654,49.53215],[-123.3268,49.5326],[-123.32706,49.53283],[-123.32741,49.53288],[-123.32767,49.5331],[-123.32784,49.53355],[-123.3281,49.53383],[-123.3281,49.53405],[-123.32793,49.53428],[-123.32707,49.53516],[-123.32708,49.53541],[-123.32716,49.53563],[-123.32713,49.53627],[-123.327,49.5367],[-123.3267,49.53715],[-123.32619,49.53754],[-123.32597,49.53777],[-123.32587,49.53819],[-123.32567,49.53833],[-123.32513,49.53844],[-123.32506,49.53877],[-123.32507,49.53905],[-123.32537,49.53937],[-123.32507,49.53983],[-123.32496,49.5402],[-123.32504,49.54053],[-123.32494,49.54087],[-123.32439,49.54125],[-123.32375,49.5417],[-123.32315,49.54207],[-123.32212,49.54252],[-123.32143,49.54277],[-123.32109,49.54284],[-123.32049,49.54323],[-123.31979,49.54359],[-123.31963,49.54379],[-123.31963,49.54427],[-123.31985,49.54469],[-123.31994,49.54508],[-123.32015,49.54525],[-123.3205,49.54536],[-123.32076,49.54553],[-123.32085,49.54575],[-123.32059,49.54626],[-123.32059,49.54648],[-123.32068,49.54671],[-123.32094,49.54688],[-123.32095,49.54733],[-123.32077,49.54755],[-123.32069,49.54845],[-123.32087,49.5489],[-123.32113,49.54935],[-123.32113,49.54957],[-123.32131,49.5498],[-123.32165,49.54985],[-123.32187,49.55005],[-123.3217,49.55055],[-123.32183,49.55081],[-123.32209,49.55103],[-123.3224,49.55122],[-123.32304,49.55108],[-123.32347,49.55108],[-123.3242,49.55155],[-123.32426,49.55212],[-123.32452,49.55237],[-123.32443,49.55259],[-123.3243,49.55276],[-123.32443,49.55324],[-123.32465,49.55369],[-123.32452,49.55414],[-123.32462,49.55439],[-123.32444,49.55456],[-123.3244,49.55478],[-123.32401,49.55521],[-123.32389,49.55543],[-123.32382,49.55578],[-123.35486,49.55439],[-123.35503,49.55424],[-123.35542,49.55408],[-123.35577,49.55402],[-123.35646,49.55402],[-123.35719,49.55393],[-123.35758,49.55396],[-123.35793,49.55407],[-123.35826,49.55422],[-123.35833,49.55418],[-123.38021,49.5353],[-123.37987,49.5353],[-123.37953,49.53525],[-123.37918,49.53502],[-123.37896,49.53457],[-123.37831,49.53424],[-123.37805,49.53402],[-123.37753,49.53374],[-123.37753,49.53345],[-123.37779,49.53329],[-123.3777,49.53304],[-123.3774,49.53258],[-123.37761,49.53208],[-123.37743,49.5316],[-123.37708,49.53144],[-123.37674,49.53138],[-123.37648,49.53121],[-123.37604,49.5311],[-123.3757,49.53116],[-123.37536,49.53116],[-123.37501,49.53111],[-123.37475,49.53088],[-123.3741,49.53066],[-123.37367,49.53018],[-123.37337,49.5301],[-123.37298,49.53007],[-123.37267,49.5301],[-123.37233,49.53005],[-123.37199,49.52991],[-123.37129,49.52971],[-123.37103,49.5296],[-123.37077,49.52938],[-123.37042,49.52921],[-123.37008,49.52921],[-123.36982,49.52899],[-123.36934,49.52891],[-123.3677,49.52821],[-123.36636,49.52824],[-123.36568,49.52847],[-123.36503,49.52884],[-123.36478,49.52906],[-123.36443,49.52957],[-123.36435,49.52999],[-123.36405,49.53021],[-123.36336,49.53035],[-123.36311,49.53053],[-123.36301,49.53075],[-123.36242,49.5312],[-123.36186,49.53128],[-123.36095,49.53104],[-123.36026,49.53107],[-123.35957,49.53104],[-123.35844,49.53054],[-123.35818,49.53037],[-123.35767,49.52992],[-123.35757,49.5297],[-123.35757,49.52948],[-123.3568,49.5288],[-123.35622,49.52816],[-123.35606,49.52771],[-123.35587,49.52695],[-123.35574,49.52684],[-123.35583,49.52659],[-123.35561,49.52614],[-123.35565,49.52546],[-123.35599,49.52516],[-123.35634,49.52515],[-123.35651,49.52499],[-123.35659,49.52477],[-123.35693,49.52454],[-123.35711,49.52436],[-123.35719,49.52415],[-123.3571,49.52392],[-123.35684,49.52367],[-123.35615,49.52328],[-123.35598,49.52314],[-123.35606,49.52285],[-123.35632,49.52263],[-123.35675,49.52252],[-123.35731,49.52268],[-123.35766,49.5226],[-123.35776,49.52236],[-123.35725,49.522],[-123.35717,49.52174],[-123.35753,49.52159],[-123.35771,49.52147],[-123.35769,49.52125],[-123.35761,49.52114],[-123.35821,49.5211],[-123.35877,49.52104],[-123.35886,49.5207],[-123.35844,49.52033],[-123.35763,49.52017],[-123.35726,49.51999],[-123.35719,49.51973],[-123.35752,49.51956],[-123.35761,49.51922],[-123.35737,49.51859],[-123.35723,49.51836],[-123.35697,49.51819],[-123.35663,49.51805],[-123.35642,49.51794],[-123.35628,49.51786],[-123.35564,49.51767],[-123.3549,49.51758],[-123.35464,49.51747],[-123.35429,49.51725],[-123.35421,49.51702],[-123.35386,49.5168],[-123.35368,49.51657],[-123.35342,49.51641],[-123.3531,49.51627],[-123.35255,49.51537],[-123.35194,49.51472],[-123.35181,49.51447],[-123.35147,49.51403],[-123.35117,49.51389],[-123.35073,49.51389],[-123.35043,49.51381],[-123.34995,49.51339],[-123.3496,49.51249],[-123.34943,49.51224],[-123.34891,49.51184],[-123.34891,49.5116],[-123.34795,49.51112],[-123.34737,49.51059],[-123.34769,49.51064],[-123.34804,49.51058],[-123.34812,49.51019],[-123.34659,49.50945],[-123.34647,49.50935],[-123.34647,49.50907],[-123.34664,49.50862],[-123.3469,49.50834],[-123.34698,49.50812],[-123.34698,49.50767],[-123.34728,49.50722],[-123.34724,49.50699],[-123.34706,49.50677],[-123.34637,49.50638],[-123.34611,49.50618],[-123.34542,49.50584],[-123.34503,49.50579],[-123.3443,49.50596],[-123.34395,49.50599],[-123.3436,49.50594],[-123.34334,49.50571],[-123.34318,49.50549],[-123.34282,49.50459],[-123.34278,49.50434],[-123.34294,49.50364],[-123.34299,49.50296],[-123.34273,49.5028],[-123.34268,49.50254],[-123.34212,49.50209],[-123.34202,49.5019],[-123.34141,49.5012],[-123.34081,49.50084],[-123.34016,49.50053],[-123.33917,49.50039],[-123.33883,49.50039],[-123.33848,49.50031],[-123.33762,49.49984],[-123.33726,49.49954],[-123.33654,49.49936],[-123.33613,49.49893],[-123.33574,49.49857],[-123.33533,49.49847],[-123.33509,49.49854],[-123.33505,49.49864],[-123.33481,49.49874],[-123.33457,49.49866],[-123.33462,49.49844],[-123.33478,49.49815],[-123.33473,49.49773],[-123.33447,49.49745],[-123.33395,49.49734],[-123.33287,49.49749],[-123.3318,49.49752],[-123.33128,49.4974],[-123.33084,49.49715],[-123.32954,49.49612],[-123.32937,49.49572],[-123.33006,49.49511],[-123.33019,49.49482],[-123.33,49.49415],[-123.33022,49.49348],[-123.33022,49.49314],[-123.33068,49.49249],[-123.33064,49.49218],[-123.33089,49.49184],[-123.33153,49.49131],[-123.33201,49.49067],[-123.33235,49.49038],[-123.33347,49.49035],[-123.33438,49.49063],[-123.33485,49.49088],[-123.33529,49.49105],[-123.3358,49.49093],[-123.33632,49.49065],[-123.3364,49.49026],[-123.33588,49.48993],[-123.33545,49.4897],[-123.33519,49.48936],[-123.33506,49.489],[-123.33462,49.48833],[-123.33453,49.48799],[-123.33449,49.48732],[-123.3343,49.48667],[-123.33379,49.48645],[-123.33276,49.48645],[-123.33224,49.48634],[-123.33185,49.48608],[-123.33189,49.48538],[-123.33154,49.48511],[-123.33106,49.48486],[-123.33007,49.48446],[-123.32981,49.48421],[-123.32929,49.48416],[-123.32881,49.48351],[-123.32834,49.48332],[-123.32825,49.48298],[-123.32794,49.48265],[-123.32773,49.48197],[-123.32755,49.48164],[-123.32703,49.48158],[-123.32609,49.48175],[-123.32552,49.48164],[-123.32479,49.48114],[-123.32449,49.4808],[-123.32379,49.48019],[-123.32344,49.47952],[-123.32262,49.4789],[-123.32245,49.47856],[-123.3221,49.4782],[-123.32145,49.47719],[-123.32088,49.47657],[-123.32088,49.47621],[-123.32044,49.47559],[-123.31992,49.4754],[-123.31893,49.4752],[-123.31854,49.47498],[-123.31837,49.47464],[-123.3184,49.47371],[-123.31836,49.47341],[-123.31819,49.47313],[-123.31776,49.47285],[-123.31758,49.47251],[-123.31736,49.47181],[-123.31744,49.47147],[-123.31748,49.47077],[-123.31731,49.47043],[-123.31705,49.4701],[-123.3167,49.46943],[-123.3167,49.46856],[-123.31596,49.46749],[-123.31595,49.46679],[-123.31582,49.46651],[-123.3153,49.46589],[-123.31533,49.46482],[-123.31554,49.46415],[-123.31528,49.46314],[-123.31476,49.46252],[-123.31463,49.46188],[-123.31457,49.46121],[-123.31461,49.46019],[-123.315,49.45952],[-123.31551,49.45898],[-123.31619,49.45803],[-123.31584,49.45707],[-123.31584,49.45674],[-123.31593,49.4564],[-123.31609,49.45606],[-123.31601,49.45578],[-123.31566,49.4555],[-123.31544,49.45444],[-123.3156,49.45345],[-123.3159,49.45253],[-123.31581,49.45222],[-123.31615,49.45152],[-123.31615,49.45084],[-123.31597,49.44975],[-123.31605,49.44876],[-123.3163,49.44803],[-123.31664,49.44775],[-123.31682,49.44747],[-123.31725,49.4473],[-123.31767,49.44702],[-123.3181,49.44685],[-123.31862,49.44679],[-123.31905,49.44662],[-123.31939,49.44634],[-123.31991,49.4464],[-123.3203,49.44623],[-123.32098,49.44572],[-123.32154,49.4456],[-123.32168,49.44563],[-123.32171,49.44558],[-123.31603,49.41981],[-123.31602,49.4198]],[[-123.26659,49.41909],[-123.26697,49.4193],[-123.26801,49.42064],[-123.26844,49.42092],[-123.26901,49.42092],[-123.26953,49.42006],[-123.26964,49.41963],[-123.2699,49.41946],[-123.27042,49.41951],[-123.27076,49.4198],[-123.27128,49.42007],[-123.2718,49.42012],[-123.27206,49.42035],[-123.27206,49.42069],[-123.27213,49.42098],[-123.27321,49.42226],[-123.27353,49.42226],[-123.27396,49.42203],[-123.27443,49.42214],[-123.27521,49.42276],[-123.27568,49.42281],[-123.27603,49.42315],[-123.27595,49.42337],[-123.27552,49.4236],[-123.27518,49.424],[-123.27526,49.42427],[-123.27565,49.42456],[-123.27664,49.42497],[-123.27689,49.42548],[-123.2766,49.42624],[-123.2764,49.42657],[-123.27605,49.42759],[-123.27571,49.42789],[-123.27529,49.42882],[-123.27486,49.42947],[-123.274,49.43006],[-123.27375,49.43034],[-123.27357,49.43068],[-123.27354,49.43105],[-123.27311,49.43166],[-123.27281,49.43198],[-123.27238,49.43225],[-123.27135,49.4327],[-123.27084,49.43282],[-123.27032,49.43276],[-123.26971,49.43282],[-123.2692,49.43277],[-123.26817,49.43235],[-123.26721,49.43184],[-123.26678,49.43154],[-123.26656,49.4312],[-123.26604,49.43058],[-123.26565,49.43025],[-123.2654,49.42991],[-123.26505,49.42969],[-123.26401,49.42919],[-123.26316,49.42824],[-123.26306,49.42784],[-123.26305,49.42751],[-123.26279,49.42717],[-123.26266,49.4268],[-123.26254,49.42616],[-123.26223,49.42548],[-123.26175,49.42493],[-123.26157,49.42459],[-123.26157,49.42425],[-123.26166,49.42389],[-123.26144,49.42315],[-123.26198,49.42157],[-123.26234,49.4211],[-123.26276,49.42088],[-123.26328,49.42074],[-123.2643,49.42066],[-123.26502,49.42043],[-123.26541,49.42009],[-123.26582,49.4194],[-123.26618,49.41915],[-123.26659,49.41909]],[[-123.30698,49.34044],[-123.30698,49.34063],[-123.30705,49.34081],[-123.30725,49.34094],[-123.30751,49.34099],[-123.30772,49.34103],[-123.30772,49.34119],[-123.30788,49.34125],[-123.30795,49.34157],[-123.30776,49.34187],[-123.3074,49.34206],[-123.30726,49.34214],[-123.30729,49.34232],[-123.30725,49.34262],[-123.30703,49.34286],[-123.30672,49.34299],[-123.30644,49.34321],[-123.30649,49.34356],[-123.30665,49.34382],[-123.307,49.34393],[-123.30702,49.34415],[-123.30697,49.34511],[-123.30697,49.34573],[-123.30688,49.34613],[-123.30662,49.34625],[-123.3061,49.34624],[-123.30592,49.34611],[-123.30589,49.3458],[-123.30575,49.34567],[-123.3055,49.34562],[-123.30531,49.34558],[-123.30513,49.34551],[-123.30496,49.34521],[-123.30476,49.34514],[-123.30442,49.34507],[-123.30434,49.34487],[-123.30435,49.34462],[-123.30446,49.34428],[-123.30438,49.34349],[-123.30416,49.34305],[-123.30409,49.34272],[-123.30421,49.34247],[-123.30427,49.34227],[-123.30408,49.342],[-123.30407,49.34185],[-123.30433,49.3417],[-123.30466,49.34176],[-123.30505,49.34194],[-123.30531,49.34197],[-123.30553,49.34189],[-123.3057,49.34172],[-123.30577,49.34144],[-123.30588,49.34117],[-123.30605,49.34108],[-123.3062,49.3409],[-123.30651,49.3406],[-123.30678,49.34045],[-123.30698,49.34044]],[[-123.27527,49.35225],[-123.27561,49.35241],[-123.27573,49.35283],[-123.27568,49.35326],[-123.27571,49.35348],[-123.27541,49.35391],[-123.27513,49.35437],[-123.27481,49.35486],[-123.27472,49.35503],[-123.27461,49.35522],[-123.27361,49.35521],[-123.27332,49.35515],[-123.27294,49.35482],[-123.2729,49.35458],[-123.27306,49.35446],[-123.27307,49.35427],[-123.27281,49.35412],[-123.27275,49.35399],[-123.27289,49.3538],[-123.27277,49.35368],[-123.27254,49.35365],[-123.27242,49.35357],[-123.27229,49.35328],[-123.27228,49.35299],[-123.27255,49.35302],[-123.2728,49.35309],[-123.27302,49.35306],[-123.27309,49.35287],[-123.27333,49.35269],[-123.27363,49.35266],[-123.27387,49.35254],[-123.27415,49.35244],[-123.27462,49.35248],[-123.27496,49.35226],[-123.27527,49.35225]],[[-123.30975,49.41718],[-123.31,49.41733],[-123.31017,49.4175],[-123.31017,49.4179],[-123.31008,49.41812],[-123.30962,49.41847],[-123.30892,49.41867],[-123.3086,49.41866],[-123.30833,49.41838],[-123.30818,49.418],[-123.3084,49.41762],[-123.30852,49.41753],[-123.30901,49.41758],[-123.30927,49.41753],[-123.30954,49.41735],[-123.30975,49.41718]],[[-123.30103,49.49984],[-123.30079,49.49949],[-123.30128,49.4992],[-123.30216,49.49936],[-123.30278,49.49983],[-123.30292,49.50013],[-123.30286,49.50026],[-123.3027,49.50025],[-123.30264,49.50005],[-123.30247,49.50003],[-123.30225,49.50017],[-123.30211,49.50029],[-123.30177,49.50027],[-123.30157,49.50009],[-123.30103,49.49984]],[[-123.26701,49.4178],[-123.26717,49.41789],[-123.26698,49.41811],[-123.26673,49.41822],[-123.26671,49.41846],[-123.26664,49.41883],[-123.26615,49.41897],[-123.26595,49.41896],[-123.26582,49.41879],[-123.26589,49.41823],[-123.26598,49.41814],[-123.26615,49.41807],[-123.26653,49.41804],[-123.26677,49.41787],[-123.26701,49.4178]],[[-123.29296,49.36977],[-123.29301,49.36994],[-123.29263,49.3703],[-123.29249,49.37054],[-123.29224,49.37074],[-123.29218,49.37096],[-123.29202,49.37104],[-123.29184,49.37083],[-123.2918,49.37061],[-123.29179,49.37047],[-123.29188,49.3704],[-123.29195,49.37036],[-123.29231,49.37004],[-123.29265,49.36978],[-123.29296,49.36977]],[[-123.29117,49.36303],[-123.29169,49.36304],[-123.29186,49.3631],[-123.29184,49.36323],[-123.29161,49.3634],[-123.2914,49.36351],[-123.29102,49.36349],[-123.29091,49.36332],[-123.2909,49.36311],[-123.29102,49.36304],[-123.29117,49.36303]],[[-123.30723,49.3394],[-123.30742,49.33949],[-123.30753,49.33968],[-123.30753,49.33979],[-123.30734,49.33989],[-123.30713,49.34004],[-123.30693,49.34008],[-123.30675,49.34003],[-123.30676,49.33996],[-123.30688,49.33959],[-123.30701,49.33942],[-123.30723,49.3394]],[[-123.27708,49.35349],[-123.27736,49.35353],[-123.27742,49.35369],[-123.27736,49.35393],[-123.27709,49.35408],[-123.27685,49.35406],[-123.27671,49.35395],[-123.27669,49.3537],[-123.27679,49.35355],[-123.27708,49.35349]],[[-123.29923,49.48759],[-123.29941,49.48761],[-123.29957,49.48775],[-123.29968,49.48804],[-123.29957,49.4882],[-123.29927,49.48814],[-123.29914,49.48798],[-123.29908,49.48769],[-123.29923,49.48759]],[[-123.27576,49.34095],[-123.27601,49.34104],[-123.2761,49.34118],[-123.27605,49.34132],[-123.27582,49.34134],[-123.27561,49.34127],[-123.27546,49.34114],[-123.27538,49.34106],[-123.27536,49.34095],[-123.27576,49.34095]],[[-123.32902,49.37163],[-123.32922,49.37177],[-123.32903,49.37188],[-123.32861,49.37192],[-123.32838,49.37194],[-123.32819,49.37183],[-123.32842,49.37173],[-123.32902,49.37163]],[[-123.2732,49.34163],[-123.27341,49.34164],[-123.2735,49.34177],[-123.27351,49.34197],[-123.27341,49.34218],[-123.27334,49.34225],[-123.27328,49.34227],[-123.27319,49.3422],[-123.27322,49.34204],[-123.27321,49.34177],[-123.2732,49.34163]],[[-123.31477,49.45483],[-123.31502,49.45486],[-123.31515,49.45501],[-123.31519,49.45514],[-123.31518,49.45523],[-123.31508,49.45527],[-123.3149,49.45524],[-123.31474,49.45507],[-123.31466,49.45491],[-123.31477,49.45483]],[[-123.35478,49.34113],[-123.35493,49.34139],[-123.35486,49.34154],[-123.35457,49.34153],[-123.35451,49.34144],[-123.35454,49.34116],[-123.35478,49.34113]],[[-123.27499,49.37658],[-123.27518,49.37665],[-123.27528,49.37683],[-123.27517,49.37692],[-123.27494,49.3769],[-123.27484,49.37679],[-123.27478,49.37672],[-123.2748,49.37662],[-123.27499,49.37658]],[[-123.32845,49.38224],[-123.32863,49.38229],[-123.32867,49.3824],[-123.32862,49.38253],[-123.32846,49.38258],[-123.32822,49.38248],[-123.32829,49.3823],[-123.32845,49.38224]],[[-123.27957,49.35448],[-123.27964,49.35458],[-123.27956,49.35469],[-123.27936,49.35478],[-123.27924,49.35479],[-123.27911,49.35477],[-123.27914,49.35463],[-123.27933,49.35451],[-123.27957,49.35448]],[[-123.27428,49.37986],[-123.27455,49.3799],[-123.27459,49.37997],[-123.2744,49.38003],[-123.27418,49.38],[-123.27411,49.37997],[-123.27405,49.37988],[-123.27428,49.37986]]]},"properties":{"MGNT_AREA":28,"SUBAREA_":2,"NAME":"Subarea 28-2","LABEL":"28-2","SQ_KM":121.54983722999999}},{"type":"Feature","geometry":{"type":"Polygon","coordinates":[[[-123.26933,49.58738],[-123.26941,49.58723],[-123.26926,49.58706],[-123.26918,49.58692],[-123.26954,49.5866],[-123.26997,49.58625],[-123.27013,49.58592],[-123.26992,49.58562],[-123.26984,49.58542],[-123.27007,49.58517],[-123.27061,49.5851],[-123.27088,49.58521],[-123.27088,49.58543],[-123.27103,49.58564],[-123.27139,49.58566],[-123.27158,49.58555],[-123.27148,49.5853],[-123.27151,49.58506],[-123.27161,49.58486],[-123.2719,49.58484],[-123.27213,49.58493],[-123.2723,49.58524],[-123.27261,49.5854],[-123.2734,49.58547],[-123.27389,49.58543],[-123.27412,49.58523],[-123.27402,49.58508],[-123.27359,49.5849],[-123.27359,49.58476],[-123.2741,49.58471],[-123.27515,49.58471],[-123.2756,49.58461],[-123.27603,49.58453],[-123.27639,49.58426],[-123.27663,49.58412],[-123.2766,49.5839],[-123.2765,49.58367],[-123.27676,49.58356],[-123.27705,49.58337],[-123.27744,49.58307],[-123.27791,49.58267],[-123.27826,49.58253],[-123.27856,49.5823],[-123.27877,49.5818],[-123.27911,49.58168],[-123.28015,49.58185],[-123.2805,49.58185],[-123.2808,49.58171],[-123.28149,49.58173],[-123.28218,49.58168],[-123.28287,49.58176],[-123.28356,49.58168],[-123.2839,49.5817],[-123.28468,49.58187],[-123.28703,49.58205],[-123.28775,49.58228],[-123.2881,49.58228],[-123.28931,49.58261],[-123.29086,49.58258],[-123.29294,49.58244],[-123.29358,49.58221],[-123.29496,49.58246],[-123.29566,49.58246],[-123.29635,49.5824],[-123.29695,49.58212],[-123.29782,49.58209],[-123.29958,49.58256],[-123.3008,49.58275],[-123.30174,49.58272],[-123.30209,49.58275],[-123.30278,49.58289],[-123.30382,49.58291],[-123.30451,49.58305],[-123.30485,49.58308],[-123.30589,49.5833],[-123.30659,49.58338],[-123.30693,49.58338],[-123.30797,49.58352],[-123.30866,49.58352],[-123.30901,49.58349],[-123.30926,49.58339],[-123.30966,49.58319],[-123.3109,49.58258],[-123.31181,49.58225],[-123.31202,49.58199],[-123.31236,49.58183],[-123.31253,49.58163],[-123.31311,49.58136],[-123.31441,49.5812],[-123.31474,49.58109],[-123.31559,49.5808],[-123.31593,49.58078],[-123.31663,49.58063],[-123.31693,49.58072],[-123.31763,49.58108],[-123.31797,49.58096],[-123.31822,49.58074],[-123.31848,49.5806],[-123.31975,49.58043],[-123.32038,49.58038],[-123.32068,49.58014],[-123.32096,49.58001],[-123.32172,49.58],[-123.3223,49.58014],[-123.32322,49.58013],[-123.32347,49.58],[-123.32384,49.5798],[-123.3243,49.5798],[-123.32452,49.57967],[-123.32497,49.57952],[-123.32548,49.57942],[-123.32576,49.5791],[-123.32603,49.57908],[-123.32629,49.57903],[-123.32641,49.57872],[-123.32661,49.57858],[-123.32726,49.57841],[-123.3277,49.57825],[-123.32806,49.578],[-123.32807,49.57781],[-123.3283,49.57775],[-123.32883,49.57769],[-123.32893,49.57767],[-123.32928,49.57752],[-123.32964,49.57745],[-123.32998,49.57718],[-123.33022,49.57713],[-123.33072,49.57666],[-123.33106,49.57652],[-123.33162,49.57615],[-123.33192,49.57582],[-123.33215,49.57465],[-123.33232,49.57424],[-123.33234,49.57402],[-123.33191,49.57352],[-123.33182,49.57329],[-123.33182,49.57307],[-123.33207,49.57239],[-123.33212,49.57194],[-123.33259,49.57158],[-123.33271,49.57135],[-123.33318,49.57104],[-123.33388,49.57076],[-123.33502,49.5705],[-123.3364,49.57038],[-123.33767,49.56999],[-123.33801,49.56996],[-123.33839,49.56954],[-123.3387,49.5694],[-123.33978,49.56953],[-123.34047,49.56956],[-123.34116,49.56936],[-123.34185,49.56942],[-123.34254,49.56941],[-123.34289,49.56939],[-123.34323,49.5693],[-123.34396,49.5693],[-123.34431,49.56921],[-123.34457,49.56904],[-123.34551,49.56865],[-123.34607,49.56826],[-123.3462,49.56803],[-123.34634,49.56794],[-123.34723,49.56696],[-123.3483,49.56597],[-123.34894,49.56549],[-123.34908,49.56524],[-123.34916,49.56521],[-123.35006,49.56442],[-123.35044,49.564],[-123.35075,49.56355],[-123.35083,49.5633],[-123.35074,49.56302],[-123.35022,49.56235],[-123.35034,49.56142],[-123.35029,49.56077],[-123.3502,49.56055],[-123.35024,49.55987],[-123.35011,49.5592],[-123.35011,49.55851],[-123.3494,49.5579],[-123.34958,49.55715],[-123.35049,49.55611],[-123.35079,49.55532],[-123.3512,49.55521],[-123.35155,49.55532],[-123.35189,49.55538],[-123.35224,49.55532],[-123.35314,49.55484],[-123.35384,49.55481],[-123.35452,49.55467],[-123.35486,49.55439],[-123.32382,49.55578],[-123.32381,49.55588],[-123.32368,49.55614],[-123.32342,49.55636],[-123.32307,49.55644],[-123.32247,49.55675],[-123.32157,49.55701],[-123.32088,49.55707],[-123.31989,49.55727],[-123.31881,49.55727],[-123.31777,49.55747],[-123.31704,49.5575],[-123.3167,49.55745],[-123.316,49.55719],[-123.31496,49.55655],[-123.31358,49.55591],[-123.31349,49.55571],[-123.31323,49.55549],[-123.31314,49.55524],[-123.31284,49.55479],[-123.31184,49.55392],[-123.31093,49.55325],[-123.3101,49.55272],[-123.30941,49.55241],[-123.30894,49.55202],[-123.30854,49.55162],[-123.30721,49.55101],[-123.30668,49.55065],[-123.30638,49.55051],[-123.30603,49.55025],[-123.30543,49.54993],[-123.30508,49.54981],[-123.30405,49.54937],[-123.30335,49.54914],[-123.30274,49.54875],[-123.30257,49.54856],[-123.30222,49.54833],[-123.30153,49.548],[-123.30084,49.54783],[-123.30015,49.5478],[-123.2998,49.54769],[-123.29911,49.54764],[-123.29856,49.5474],[-123.29739,49.54722],[-123.29635,49.54722],[-123.29601,49.54717],[-123.29566,49.547],[-123.29539,49.54678],[-123.29505,49.54633],[-123.29479,49.54585],[-123.29444,49.54543],[-123.29426,49.54523],[-123.29375,49.54493],[-123.29349,49.5447],[-123.29336,49.54445],[-123.29297,49.54403],[-123.29275,49.54361],[-123.29227,49.54322],[-123.29192,49.54269],[-123.29183,49.54201],[-123.29175,49.54182],[-123.29182,49.54137],[-123.29179,49.54115],[-123.29183,49.54092],[-123.2916,49.54024],[-123.2916,49.53979],[-123.29117,49.53893],[-123.29144,49.53858],[-123.29164,49.53761],[-123.29147,49.53679],[-123.29185,49.53581],[-123.29166,49.53533],[-123.29196,49.53455],[-123.29182,49.53406],[-123.29155,49.53391],[-123.29154,49.53356],[-123.29179,49.5334],[-123.29231,49.53339],[-123.2925,49.53302],[-123.2925,49.53251],[-123.29255,49.53226],[-123.29285,49.5322],[-123.29292,49.53234],[-123.2933,49.5325],[-123.29346,49.53245],[-123.29372,49.53236],[-123.29384,49.53188],[-123.29353,49.53129],[-123.29371,49.53084],[-123.29379,49.53039],[-123.29375,49.53014],[-123.29309,49.52865],[-123.29269,49.52752],[-123.29278,49.5273],[-123.29265,49.52708],[-123.29273,49.52663],[-123.29269,49.5264],[-123.2926,49.52623],[-123.2923,49.52604],[-123.29165,49.52584],[-123.29075,49.5257],[-123.29022,49.52571],[-123.29018,49.52593],[-123.28986,49.52599],[-123.28968,49.52586],[-123.28958,49.52563],[-123.28932,49.52551],[-123.28897,49.52551],[-123.28767,49.52498],[-123.28738,49.5249],[-123.2869,49.52512],[-123.28664,49.52535],[-123.28612,49.52552],[-123.28578,49.52558],[-123.28535,49.52558],[-123.285,49.52552],[-123.28466,49.52535],[-123.28448,49.52519],[-123.28414,49.52496],[-123.28375,49.52412],[-123.28363,49.52375],[-123.28377,49.52338],[-123.28378,49.52283],[-123.2837,49.52261],[-123.28391,49.52213],[-123.28438,49.52168],[-123.2849,49.52131],[-123.28524,49.52086],[-123.28549,49.52064],[-123.28567,49.52041],[-123.28661,49.51979],[-123.28696,49.51968],[-123.28738,49.51968],[-123.28773,49.51985],[-123.28808,49.51996],[-123.2883,49.5206],[-123.28825,49.5208],[-123.28809,49.52108],[-123.28809,49.52127],[-123.28844,49.52172],[-123.2886,49.52209],[-123.28886,49.52229],[-123.28956,49.52237],[-123.29024,49.52222],[-123.29076,49.52186],[-123.29124,49.52144],[-123.29158,49.52129],[-123.29256,49.52106],[-123.29282,49.52073],[-123.29282,49.52011],[-123.29299,49.51989],[-123.29328,49.51913],[-123.29359,49.51865],[-123.29428,49.51873],[-123.29626,49.51867],[-123.29807,49.51819],[-123.29824,49.51797],[-123.29823,49.51763],[-123.29772,49.51668],[-123.29781,49.51645],[-123.29763,49.51623],[-123.29763,49.516],[-123.29806,49.51555],[-123.2984,49.51544],[-123.29874,49.51544],[-123.29905,49.5153],[-123.29926,49.51485],[-123.29925,49.51465],[-123.2996,49.51442],[-123.30029,49.51423],[-123.30054,49.51403],[-123.30098,49.51358],[-123.30115,49.51336],[-123.30132,49.51291],[-123.30119,49.51268],[-123.30132,49.51226],[-123.30105,49.51167],[-123.30139,49.51145],[-123.3017,49.5113],[-123.30199,49.51097],[-123.30235,49.51068],[-123.26126,49.52595],[-123.26126,49.52596],[-123.26116,49.52634],[-123.26091,49.52653],[-123.26051,49.5266],[-123.26038,49.52675],[-123.26038,49.527],[-123.26009,49.52717],[-123.25959,49.52723],[-123.25888,49.52746],[-123.25869,49.52761],[-123.25839,49.52785],[-123.25829,49.52856],[-123.25827,49.52938],[-123.25797,49.52972],[-123.2568,49.53051],[-123.25571,49.53145],[-123.25576,49.53201],[-123.25562,49.53251],[-123.2553,49.53276],[-123.25514,49.53326],[-123.2551,49.53383],[-123.25475,49.53405],[-123.25433,49.53437],[-123.25439,49.53472],[-123.25465,49.53483],[-123.25472,49.53514],[-123.25452,49.53545],[-123.25463,49.53574],[-123.25441,49.53604],[-123.25444,49.53624],[-123.25394,49.53675],[-123.25382,49.53707],[-123.25355,49.53738],[-123.25321,49.53763],[-123.25317,49.53779],[-123.25314,49.53802],[-123.25307,49.53815],[-123.2529,49.5382],[-123.25243,49.53827],[-123.25223,49.53833],[-123.25224,49.53852],[-123.2521,49.53879],[-123.25173,49.53894],[-123.25097,49.53925],[-123.2507,49.53954],[-123.25014,49.54],[-123.24955,49.5404],[-123.24956,49.5406],[-123.24918,49.54076],[-123.24871,49.54089],[-123.24835,49.54126],[-123.24779,49.54149],[-123.24731,49.54192],[-123.24712,49.54226],[-123.24731,49.54268],[-123.24722,49.543],[-123.24754,49.5433],[-123.24718,49.54346],[-123.24725,49.54361],[-123.24709,49.54369],[-123.24715,49.5439],[-123.24688,49.544],[-123.24697,49.54418],[-123.24682,49.54435],[-123.24656,49.54435],[-123.24629,49.54461],[-123.24602,49.5448],[-123.24591,49.54492],[-123.24576,49.54531],[-123.24548,49.5457],[-123.24542,49.54609],[-123.24516,49.5465],[-123.24519,49.54671],[-123.24496,49.54679],[-123.24486,49.54706],[-123.24493,49.54731],[-123.24478,49.54751],[-123.24422,49.54774],[-123.24416,49.54792],[-123.24408,49.54806],[-123.24474,49.54838],[-123.24468,49.54861],[-123.24421,49.54895],[-123.24381,49.54893],[-123.24358,49.54901],[-123.24327,49.54882],[-123.24292,49.54884],[-123.24216,49.54922],[-123.24178,49.54925],[-123.24158,49.54907],[-123.24132,49.54906],[-123.24083,49.54923],[-123.24072,49.54921],[-123.24052,49.5492],[-123.24039,49.54934],[-123.23954,49.54959],[-123.23892,49.5496],[-123.2385,49.54976],[-123.23824,49.54979],[-123.23804,49.55006],[-123.23739,49.55045],[-123.23698,49.55077],[-123.23707,49.55115],[-123.23702,49.5514],[-123.23663,49.55147],[-123.23633,49.55152],[-123.2363,49.55183],[-123.23648,49.55198],[-123.23663,49.55182],[-123.23688,49.5518],[-123.23707,49.55168],[-123.23748,49.55165],[-123.23796,49.55128],[-123.23829,49.55098],[-123.23859,49.55095],[-123.23882,49.55111],[-123.23872,49.55146],[-123.23835,49.55173],[-123.23755,49.55186],[-123.2372,49.55202],[-123.23701,49.55223],[-123.23644,49.55231],[-123.23627,49.55293],[-123.23612,49.5537],[-123.23618,49.55447],[-123.2364,49.55492],[-123.23663,49.55571],[-123.23715,49.55676],[-123.23705,49.55722],[-123.23668,49.55757],[-123.23611,49.55772],[-123.23595,49.55784],[-123.23588,49.55809],[-123.23557,49.55822],[-123.23521,49.55821],[-123.23512,49.55833],[-123.23506,49.55867],[-123.23518,49.55906],[-123.23553,49.55933],[-123.2355,49.5595],[-123.23602,49.55998],[-123.23585,49.56009],[-123.2354,49.55985],[-123.23512,49.55957],[-123.23469,49.55954],[-123.23441,49.55931],[-123.23413,49.55935],[-123.23406,49.55964],[-123.23363,49.55991],[-123.23329,49.56033],[-123.23313,49.5609],[-123.23299,49.56129],[-123.2327,49.56145],[-123.23271,49.56163],[-123.23272,49.56179],[-123.23303,49.56239],[-123.23351,49.56286],[-123.23373,49.56326],[-123.23416,49.5638],[-123.23399,49.56398],[-123.23394,49.5642],[-123.23403,49.56455],[-123.2339,49.56476],[-123.23405,49.56514],[-123.23396,49.56539],[-123.23355,49.56575],[-123.23343,49.56605],[-123.23357,49.56643],[-123.23341,49.56655],[-123.23312,49.56674],[-123.23299,49.56694],[-123.23293,49.56713],[-123.23222,49.56729],[-123.23212,49.5677],[-123.23165,49.56858],[-123.23107,49.56922],[-123.23103,49.56956],[-123.2309,49.56992],[-123.23108,49.57028],[-123.23103,49.57058],[-123.23084,49.57111],[-123.23089,49.57141],[-123.23029,49.57186],[-123.23024,49.57211],[-123.23003,49.57246],[-123.22967,49.57271],[-123.22952,49.57313],[-123.22971,49.57365],[-123.22939,49.57385],[-123.22869,49.57418],[-123.2283,49.5746],[-123.22814,49.57483],[-123.22823,49.57517],[-123.22797,49.57536],[-123.22787,49.57557],[-123.22791,49.5759],[-123.22788,49.57615],[-123.22774,49.57648],[-123.22762,49.57673],[-123.22727,49.57695],[-123.22679,49.57724],[-123.22679,49.57742],[-123.22696,49.57767],[-123.227,49.57798],[-123.2273,49.57825],[-123.22723,49.57845],[-123.22742,49.57868],[-123.22749,49.57898],[-123.22752,49.57924],[-123.22784,49.57958],[-123.22777,49.57973],[-123.22773,49.57979],[-123.26932,49.58737],[-123.26933,49.58738]],[[-123.28699,49.5772],[-123.28755,49.57734],[-123.28773,49.57754],[-123.28833,49.57787],[-123.28847,49.57821],[-123.28842,49.57841],[-123.28816,49.57866],[-123.28747,49.5788],[-123.2873,49.57903],[-123.28705,49.5792],[-123.2867,49.57922],[-123.28601,49.57914],[-123.28532,49.57912],[-123.28497,49.57906],[-123.28432,49.57887],[-123.28376,49.57912],[-123.28307,49.57915],[-123.28252,49.57906],[-123.28152,49.57837],[-123.28142,49.57809],[-123.28177,49.57786],[-123.28281,49.57786],[-123.28354,49.578],[-123.28393,49.57797],[-123.28419,49.57785],[-123.28453,49.5778],[-123.28565,49.57785],[-123.2863,49.57735],[-123.28699,49.5772]],[[-123.2742,49.57555],[-123.2749,49.57569],[-123.27563,49.57574],[-123.27597,49.57596],[-123.27597,49.57619],[-123.2758,49.57641],[-123.27533,49.57667],[-123.2746,49.57676],[-123.27429,49.57676],[-123.27373,49.57603],[-123.27381,49.57574],[-123.2742,49.57555]],[[-123.29905,49.51396],[-123.29932,49.51398],[-123.2994,49.51411],[-123.29921,49.51427],[-123.29896,49.51433],[-123.29867,49.51436],[-123.29845,49.51442],[-123.29825,49.51434],[-123.29836,49.51416],[-123.29858,49.51402],[-123.29905,49.51396]],[[-123.29728,49.51736],[-123.29741,49.51742],[-123.29749,49.51757],[-123.2974,49.51764],[-123.29728,49.5178],[-123.29707,49.51781],[-123.29685,49.51773],[-123.29691,49.51759],[-123.2971,49.5175],[-123.29728,49.51736]],[[-123.29157,49.53257],[-123.29185,49.53256],[-123.29188,49.53281],[-123.29155,49.53292],[-123.29138,49.53284],[-123.29141,49.53265],[-123.29157,49.53257]],[[-123.30031,49.51305],[-123.30045,49.51308],[-123.30039,49.51318],[-123.30007,49.51329],[-123.29977,49.51331],[-123.29971,49.5132],[-123.29992,49.51309],[-123.30011,49.51307],[-123.30031,49.51305]]]},"properties":{"MGNT_AREA":28,"SUBAREA_":4,"NAME":"Subarea 28-4","LABEL":"28-4","SQ_KM":36.647646369999997}},{"type":"Feature","geometry":{"type":"Polygon","coordinates":[[[-123.22773,49.57979],[-123.22752,49.58012],[-123.22753,49.58058],[-123.22768,49.58089],[-123.22768,49.58101],[-123.22768,49.58131],[-123.22765,49.5818],[-123.22764,49.58196],[-123.22739,49.58216],[-123.22741,49.58236],[-123.22768,49.58261],[-123.22758,49.58277],[-123.22706,49.58297],[-123.22579,49.58295],[-123.22546,49.58298],[-123.22549,49.58312],[-123.22554,49.58318],[-123.22635,49.5832],[-123.22688,49.58337],[-123.22713,49.58361],[-123.22745,49.58372],[-123.22771,49.58383],[-123.22781,49.584],[-123.22758,49.58408],[-123.22715,49.58407],[-123.2269,49.58391],[-123.22668,49.58363],[-123.22613,49.5836],[-123.22567,49.58373],[-123.22522,49.58405],[-123.22535,49.58423],[-123.22622,49.58455],[-123.22668,49.58464],[-123.22684,49.58489],[-123.22705,49.58496],[-123.22733,49.58508],[-123.22714,49.58517],[-123.22668,49.58519],[-123.22635,49.58508],[-123.22586,49.58485],[-123.22546,49.58483],[-123.22492,49.58506],[-123.22482,49.58545],[-123.22468,49.58575],[-123.22434,49.58601],[-123.22437,49.58619],[-123.22413,49.5863],[-123.22367,49.58651],[-123.22296,49.58673],[-123.22303,49.58694],[-123.22301,49.58722],[-123.22313,49.58747],[-123.22291,49.5877],[-123.22305,49.5879],[-123.22304,49.5883],[-123.22301,49.58862],[-123.22253,49.58896],[-123.22179,49.5891],[-123.22122,49.5892],[-123.22108,49.58955],[-123.2213,49.58992],[-123.22198,49.59005],[-123.22208,49.59021],[-123.22169,49.59089],[-123.22231,49.59132],[-123.22201,49.5915],[-123.22234,49.59196],[-123.22218,49.59206],[-123.22243,49.59224],[-123.22282,49.59203],[-123.22321,49.5921],[-123.22382,49.59181],[-123.22422,49.59188],[-123.22428,49.59208],[-123.22437,49.59231],[-123.22466,49.59238],[-123.22488,49.59256],[-123.22485,49.59328],[-123.22504,49.5935],[-123.225,49.5937],[-123.22512,49.59389],[-123.22511,49.59429],[-123.22492,49.59455],[-123.22463,49.59463],[-123.22456,49.5948],[-123.22448,49.59523],[-123.22423,49.59591],[-123.2236,49.59663],[-123.223,49.59678],[-123.22235,49.59697],[-123.22243,49.5973],[-123.2225,49.59759],[-123.22261,49.59786],[-123.22278,49.59824],[-123.22261,49.59849],[-123.22258,49.59887],[-123.22227,49.5991],[-123.22172,49.59976],[-123.22135,49.5999],[-123.22092,49.5999],[-123.22087,49.59995],[-123.22074,49.60002],[-123.22047,49.60064],[-123.22032,49.60103],[-123.22017,49.60118],[-123.22049,49.60137],[-123.2206,49.60167],[-123.22024,49.6019],[-123.22012,49.60203],[-123.22016,49.60223],[-123.21993,49.60239],[-123.22004,49.60248],[-123.22039,49.60263],[-123.22047,49.60288],[-123.22059,49.60339],[-123.2203,49.6035],[-123.22017,49.60372],[-123.22022,49.60413],[-123.22002,49.60434],[-123.22003,49.60468],[-123.21986,49.60498],[-123.21989,49.60518],[-123.21964,49.60534],[-123.21945,49.60566],[-123.21903,49.6059],[-123.21891,49.60624],[-123.2186,49.6064],[-123.21869,49.60665],[-123.21847,49.60677],[-123.21854,49.60695],[-123.21841,49.60726],[-123.21835,49.6078],[-123.21812,49.60793],[-123.21734,49.60827],[-123.21681,49.60852],[-123.2168,49.60887],[-123.21645,49.60911],[-123.21597,49.60955],[-123.21597,49.61005],[-123.21617,49.61044],[-123.21674,49.61063],[-123.21695,49.61086],[-123.21686,49.61126],[-123.21667,49.61148],[-123.21604,49.61143],[-123.21574,49.61154],[-123.215,49.61154],[-123.21472,49.61178],[-123.21488,49.61219],[-123.21479,49.61247],[-123.21433,49.61242],[-123.21401,49.61251],[-123.21379,49.61271],[-123.21373,49.61276],[-123.21356,49.61301],[-123.21307,49.61331],[-123.21255,49.61356],[-123.2122,49.61376],[-123.21181,49.61419],[-123.21169,49.61429],[-123.21108,49.61465],[-123.21061,49.61504],[-123.21008,49.61519],[-123.20985,49.61538],[-123.20962,49.6156],[-123.20929,49.61588],[-123.20922,49.61613],[-123.2091,49.61662],[-123.20885,49.61689],[-123.20888,49.61715],[-123.209,49.6176],[-123.20898,49.61797],[-123.20894,49.61836],[-123.20885,49.61855],[-123.20909,49.61887],[-123.20888,49.61896],[-123.20857,49.61886],[-123.20815,49.619],[-123.20795,49.61924],[-123.20738,49.61925],[-123.20679,49.61937],[-123.20606,49.61969],[-123.20565,49.62003],[-123.20551,49.62034],[-123.20583,49.62078],[-123.20602,49.62106],[-123.2069,49.6216],[-123.20728,49.6216],[-123.2076,49.62171],[-123.20744,49.62206],[-123.20697,49.62221],[-123.20661,49.62226],[-123.20663,49.62249],[-123.20637,49.62284],[-123.20614,49.62316],[-123.2065,49.62349],[-123.20727,49.62392],[-123.2086,49.62402],[-123.20858,49.62436],[-123.20827,49.62456],[-123.20768,49.62453],[-123.20751,49.62455],[-123.20685,49.62447],[-123.2068,49.6248],[-123.20683,49.62502],[-123.20717,49.62521],[-123.20717,49.62548],[-123.20704,49.6258],[-123.20669,49.62597],[-123.20669,49.62601],[-123.2067,49.62611],[-123.20687,49.62621],[-123.20744,49.62669],[-123.20756,49.62709],[-123.20757,49.62741],[-123.20763,49.62776],[-123.20744,49.6282],[-123.2075,49.62845],[-123.20772,49.6287],[-123.20753,49.62906],[-123.20789,49.62931],[-123.20857,49.62988],[-123.20852,49.63004],[-123.20853,49.63014],[-123.20898,49.63009],[-123.20938,49.63013],[-123.2096,49.63048],[-123.20953,49.63066],[-123.20924,49.6308],[-123.20963,49.63106],[-123.20982,49.63138],[-123.20968,49.6315],[-123.20983,49.6316],[-123.20982,49.63192],[-123.21053,49.63199],[-123.21095,49.63191],[-123.21128,49.63186],[-123.21128,49.63201],[-123.21146,49.63268],[-123.21166,49.63326],[-123.21184,49.63374],[-123.21238,49.63385],[-123.21211,49.6341],[-123.21255,49.63417],[-123.21253,49.63436],[-123.21239,49.63457],[-123.21254,49.63465],[-123.21241,49.63475],[-123.21204,49.63503],[-123.21204,49.63508],[-123.21205,49.63516],[-123.21272,49.63518],[-123.21302,49.63508],[-123.2132,49.6351],[-123.21397,49.63502],[-123.2141,49.63538],[-123.21468,49.6355],[-123.2146,49.63583],[-123.21489,49.63617],[-123.21461,49.63632],[-123.21474,49.63656],[-123.2146,49.63675],[-123.21442,49.63689],[-123.21495,49.63698],[-123.21501,49.63716],[-123.21544,49.63702],[-123.2158,49.6372],[-123.21596,49.63746],[-123.21643,49.63743],[-123.21695,49.63797],[-123.21735,49.6381],[-123.21804,49.63809],[-123.21822,49.63816],[-123.21815,49.63826],[-123.21784,49.63868],[-123.21803,49.63879],[-123.218,49.63889],[-123.21848,49.63921],[-123.21896,49.63938],[-123.21926,49.63927],[-123.21942,49.63935],[-123.21917,49.6396],[-123.21964,49.63993],[-123.2194,49.64006],[-123.2195,49.64024],[-123.21964,49.64017],[-123.21987,49.64013],[-123.22,49.64022],[-123.22048,49.6402],[-123.22044,49.64049],[-123.22072,49.64074],[-123.2201,49.64083],[-123.22015,49.64112],[-123.22011,49.64135],[-123.2198,49.64137],[-123.21992,49.64154],[-123.2204,49.64154],[-123.22152,49.64216],[-123.2216,49.64237],[-123.22133,49.64257],[-123.22145,49.64292],[-123.22169,49.6433],[-123.22195,49.64338],[-123.2219,49.64358],[-123.22243,49.64361],[-123.22264,49.64375],[-123.22238,49.64394],[-123.2227,49.64421],[-123.22258,49.64438],[-123.22266,49.6446],[-123.22244,49.64488],[-123.22249,49.64509],[-123.22288,49.64524],[-123.22334,49.64531],[-123.22343,49.64563],[-123.22364,49.6459],[-123.22412,49.64595],[-123.2242,49.64617],[-123.2246,49.64618],[-123.22464,49.64635],[-123.22491,49.64644],[-123.22486,49.64655],[-123.22517,49.64669],[-123.22541,49.64685],[-123.22531,49.64705],[-123.22479,49.64727],[-123.22387,49.64741],[-123.22349,49.64756],[-123.22315,49.64785],[-123.22241,49.64785],[-123.22227,49.64821],[-123.22183,49.64822],[-123.22167,49.64832],[-123.22145,49.6485],[-123.22105,49.64849],[-123.22094,49.64862],[-123.22096,49.64902],[-123.22066,49.64922],[-123.22071,49.64941],[-123.22059,49.64959],[-123.22056,49.64987],[-123.22095,49.65046],[-123.22097,49.65072],[-123.22065,49.65096],[-123.22063,49.65108],[-123.22031,49.65138],[-123.2203,49.65157],[-123.22074,49.65176],[-123.22114,49.65165],[-123.22133,49.65169],[-123.22128,49.65194],[-123.22105,49.65208],[-123.22129,49.65223],[-123.22116,49.65234],[-123.22045,49.65295],[-123.22047,49.65389],[-123.22054,49.65411],[-123.22031,49.65446],[-123.21957,49.65508],[-123.21936,49.65501],[-123.21905,49.65495],[-123.21872,49.65495],[-123.21834,49.65501],[-123.21785,49.65501],[-123.21753,49.65513],[-123.21719,49.65533],[-123.21695,49.65524],[-123.21659,49.65504],[-123.21619,49.65503],[-123.21534,49.65514],[-123.21442,49.65549],[-123.21423,49.65578],[-123.21394,49.65606],[-123.21354,49.65618],[-123.21312,49.65648],[-123.21249,49.65689],[-123.21198,49.65724],[-123.21156,49.65724],[-123.21109,49.65736],[-123.21027,49.6573],[-123.20956,49.65703],[-123.209,49.65691],[-123.2085,49.65691],[-123.20791,49.65707],[-123.20733,49.65734],[-123.20698,49.65737],[-123.20629,49.65749],[-123.20552,49.65757],[-123.20497,49.65775],[-123.20475,49.65762],[-123.20474,49.65732],[-123.20327,49.65723],[-123.20309,49.65737],[-123.20251,49.65726],[-123.20189,49.65688],[-123.20155,49.65683],[-123.20112,49.65669],[-123.20069,49.65643],[-123.19991,49.65631],[-123.19949,49.65634],[-123.19891,49.65634],[-123.19798,49.65642],[-123.19727,49.65659],[-123.19676,49.6566],[-123.19623,49.6565],[-123.19575,49.65656],[-123.19498,49.65668],[-123.1947,49.65688],[-123.1945,49.6568],[-123.19431,49.65694],[-123.19415,49.6568],[-123.19395,49.65674],[-123.19371,49.65679],[-123.19366,49.65701],[-123.19358,49.65728],[-123.19316,49.65733],[-123.19254,49.65725],[-123.19237,49.65711],[-123.19203,49.65669],[-123.19168,49.65673],[-123.19148,49.65674],[-123.19112,49.65667],[-123.19051,49.65676],[-123.18998,49.65617],[-123.18967,49.65601],[-123.18954,49.65614],[-123.18945,49.65641],[-123.18924,49.65659],[-123.18945,49.65698],[-123.18938,49.65724],[-123.18899,49.65735],[-123.18899,49.65749],[-123.18873,49.65752],[-123.18867,49.65754],[-123.18855,49.65751],[-123.18824,49.65766],[-123.18761,49.65763],[-123.18712,49.65795],[-123.18604,49.65854],[-123.1859,49.65874],[-123.18561,49.65876],[-123.18549,49.65864],[-123.18453,49.65853],[-123.1843,49.65836],[-123.18394,49.65858],[-123.18362,49.65848],[-123.18346,49.6589],[-123.18259,49.65894],[-123.18232,49.65885],[-123.18207,49.65892],[-123.18162,49.65876],[-123.18123,49.65903],[-123.18059,49.65927],[-123.18033,49.6596],[-123.17986,49.65973],[-123.17961,49.65992],[-123.1794,49.66015],[-123.17887,49.66022],[-123.17872,49.66035],[-123.17848,49.66053],[-123.17768,49.66047],[-123.17764,49.66054],[-123.17751,49.66068],[-123.17747,49.66126],[-123.17705,49.66148],[-123.17638,49.6617],[-123.17619,49.6619],[-123.17584,49.66187],[-123.17523,49.66186],[-123.17498,49.66201],[-123.17523,49.66266],[-123.17528,49.66292],[-123.17403,49.66365],[-123.17365,49.66367],[-123.17308,49.66375],[-123.17276,49.6641],[-123.17239,49.6646],[-123.17192,49.66469],[-123.1718,49.66486],[-123.17146,49.66489],[-123.17118,49.66507],[-123.17104,49.66521],[-123.17062,49.66517],[-123.17046,49.66533],[-123.17034,49.66561],[-123.1699,49.6657],[-123.16986,49.66592],[-123.16946,49.66603],[-123.16933,49.66621],[-123.16901,49.66633],[-123.16909,49.6666],[-123.16898,49.66673],[-123.16897,49.66692],[-123.16932,49.66706],[-123.16865,49.66751],[-123.16857,49.66792],[-123.16888,49.66812],[-123.16952,49.66809],[-123.16995,49.66827],[-123.16953,49.66872],[-123.16875,49.66909],[-123.16849,49.66903],[-123.16847,49.66866],[-123.16823,49.66863],[-123.16782,49.6687],[-123.16731,49.66893],[-123.16719,49.66915],[-123.16686,49.66922],[-123.1666,49.66949],[-123.16642,49.6698],[-123.16635,49.67022],[-123.16672,49.67028],[-123.16695,49.67032],[-123.16721,49.67029],[-123.16779,49.67038],[-123.16774,49.67105],[-123.16775,49.67123],[-123.16803,49.67141],[-123.1678,49.67164],[-123.16717,49.67201],[-123.16672,49.67206],[-123.1665,49.67218],[-123.16615,49.67237],[-123.16583,49.67271],[-123.16536,49.67278],[-123.16483,49.67307],[-123.16423,49.6734],[-123.1638,49.67364],[-123.16365,49.67382],[-123.16318,49.67384],[-123.16315,49.67417],[-123.16232,49.67434],[-123.16203,49.67463],[-123.16171,49.67481],[-123.16141,49.67486],[-123.16124,49.67486],[-123.16103,49.67526],[-123.16067,49.67554],[-123.16031,49.67562],[-123.16001,49.67574],[-123.15992,49.67578],[-123.15978,49.67607],[-123.15956,49.67629],[-123.15916,49.67651],[-123.15872,49.67717],[-123.15836,49.67776],[-123.1582,49.67841],[-123.15793,49.67865],[-123.15756,49.67902],[-123.15719,49.67942],[-123.15715,49.67999],[-123.15722,49.68062],[-123.15726,49.6814],[-123.15696,49.68202],[-123.15691,49.68244],[-123.15722,49.68282],[-123.1572,49.68316],[-123.15679,49.68392],[-123.15629,49.68481],[-123.15564,49.68541],[-123.15525,49.68567],[-123.1552,49.68618],[-123.1554,49.68634],[-123.15588,49.68638],[-123.15588,49.68657],[-123.15617,49.68677],[-123.15616,49.6871],[-123.15518,49.688],[-123.15464,49.68818],[-123.15451,49.68815],[-123.15424,49.6881],[-123.15401,49.68781],[-123.15356,49.68737],[-123.15315,49.68731],[-123.15272,49.68736],[-123.15194,49.6877],[-123.15141,49.68801],[-123.15146,49.68812],[-123.15161,49.68818],[-123.15195,49.68808],[-123.15231,49.68782],[-123.15289,49.68767],[-123.15302,49.68768],[-123.15324,49.68771],[-123.15344,49.68809],[-123.15343,49.68852],[-123.1535,49.68872],[-123.15354,49.68886],[-123.1541,49.689],[-123.15408,49.68924],[-123.1541,49.68953],[-123.15424,49.68984],[-123.15404,49.68998],[-123.15338,49.69032],[-123.15334,49.69053],[-123.15348,49.69082],[-123.15322,49.69162],[-123.1538,49.69169],[-123.15375,49.69221],[-123.15382,49.69278],[-123.15356,49.69288],[-123.15312,49.69301],[-123.15274,49.69325],[-123.15238,49.69358],[-123.15216,49.69404],[-123.15167,49.69439],[-123.15105,49.69469],[-123.15101,49.69492],[-123.15128,49.69529],[-123.15183,49.6955],[-123.1519,49.69583],[-123.15175,49.6965],[-123.15128,49.697],[-123.15063,49.69737],[-123.15032,49.69791],[-123.15025,49.69836],[-123.14977,49.69878],[-123.14837,49.69986],[-123.14778,49.69994],[-123.14749,49.70005],[-123.14748,49.70028],[-123.14668,49.70062],[-123.14625,49.70092],[-123.14573,49.70092],[-123.14527,49.70093],[-123.14496,49.70112],[-123.14456,49.70116],[-123.14424,49.70107],[-123.14364,49.70108],[-123.14326,49.70129],[-123.14304,49.70175],[-123.14302,49.70245],[-123.14288,49.70299],[-123.14291,49.70359],[-123.14309,49.70446],[-123.14312,49.70514],[-123.14336,49.70532],[-123.14349,49.70514],[-123.14346,49.70476],[-123.14351,49.7042],[-123.14383,49.70408],[-123.14411,49.70452],[-123.14397,49.70506],[-123.14371,49.7056],[-123.14346,49.70616],[-123.14359,49.70652],[-123.1435,49.70676],[-123.14354,49.70763],[-123.14377,49.70835],[-123.14399,49.70843],[-123.14419,49.70826],[-123.14436,49.70797],[-123.1446,49.70769],[-123.14468,49.7076],[-123.14454,49.7074],[-123.14424,49.70728],[-123.14406,49.70697],[-123.14412,49.70639],[-123.14429,49.70561],[-123.14458,49.70477],[-123.14428,49.70393],[-123.1441,49.70324],[-123.14387,49.70265],[-123.14399,49.70211],[-123.14421,49.70158],[-123.14497,49.70139],[-123.1451,49.70164],[-123.14535,49.70173],[-123.14574,49.70167],[-123.14655,49.70136],[-123.14751,49.70098],[-123.14841,49.70074],[-123.14935,49.70037],[-123.14956,49.69992],[-123.14998,49.69982],[-123.15033,49.69968],[-123.15087,49.69925],[-123.15129,49.69893],[-123.15164,49.69851],[-123.15202,49.6981],[-123.1522,49.6976],[-123.15257,49.69736],[-123.15301,49.69677],[-123.1534,49.69635],[-123.15355,49.6959],[-123.15406,49.69556],[-123.15428,49.69521],[-123.15486,49.69418],[-123.15533,49.69389],[-123.15543,49.69373],[-123.15501,49.69361],[-123.15502,49.69307],[-123.15525,49.69262],[-123.15539,49.69202],[-123.15566,49.69121],[-123.15591,49.69064],[-123.15656,49.69048],[-123.15704,49.69017],[-123.15734,49.68969],[-123.15765,49.68928],[-123.15813,49.68893],[-123.15872,49.68863],[-123.15925,49.68802],[-123.15987,49.68746],[-123.16039,49.68699],[-123.16133,49.68627],[-123.16206,49.68557],[-123.1624,49.68501],[-123.16213,49.68473],[-123.16261,49.68399],[-123.16328,49.68356],[-123.1638,49.68348],[-123.16445,49.68353],[-123.16512,49.68377],[-123.16559,49.68364],[-123.1657,49.68377],[-123.16551,49.68395],[-123.16487,49.68421],[-123.16465,49.68446],[-123.1647,49.68482],[-123.16627,49.68618],[-123.1668,49.68604],[-123.16688,49.68611],[-123.16653,49.68633],[-123.16686,49.68658],[-123.16602,49.68738],[-123.16537,49.68776],[-123.16475,49.68843],[-123.16422,49.68883],[-123.16338,49.68937],[-123.16238,49.69004],[-123.16194,49.6904],[-123.16175,49.69085],[-123.16168,49.69143],[-123.16145,49.69178],[-123.16105,49.69201],[-123.16038,49.69212],[-123.15982,49.6923],[-123.15922,49.69266],[-123.15852,49.69305],[-123.15776,49.69349],[-123.1572,49.69374],[-123.15685,49.69394],[-123.15663,49.69425],[-123.15699,49.69434],[-123.15749,49.69422],[-123.15804,49.69387],[-123.15874,49.69368],[-123.1592,49.69327],[-123.16002,49.69275],[-123.16077,49.69236],[-123.16122,49.69247],[-123.16145,49.69284],[-123.1618,49.693],[-123.16212,49.69327],[-123.1624,49.69371],[-123.16283,49.69421],[-123.16308,49.6946],[-123.16288,49.69495],[-123.16243,49.69526],[-123.162,49.69549],[-123.16206,49.69564],[-123.1623,49.69566],[-123.16263,49.69552],[-123.16308,49.69533],[-123.16348,49.69498],[-123.1636,49.69475],[-123.16354,49.69462],[-123.16336,49.69435],[-123.16301,49.69374],[-123.16271,49.69329],[-123.16235,49.69291],[-123.16181,49.69258],[-123.16177,49.6923],[-123.16214,49.69196],[-123.16235,49.69164],[-123.16239,49.69128],[-123.16268,49.69105],[-123.16281,49.69061],[-123.16317,49.69022],[-123.16389,49.68977],[-123.16443,49.68917],[-123.16528,49.68851],[-123.16625,49.68776],[-123.16718,49.68698],[-123.16781,49.68676],[-123.16856,49.68617],[-123.16922,49.68538],[-123.16918,49.68506],[-123.16936,49.6845],[-123.16982,49.68424],[-123.16998,49.68401],[-123.17041,49.68364],[-123.17084,49.6837],[-123.17094,49.68357],[-123.1711,49.6834],[-123.17132,49.68336],[-123.17184,49.6834],[-123.17278,49.68354],[-123.17365,49.6837],[-123.17317,49.68528],[-123.17229,49.68873],[-123.17197,49.68915],[-123.17168,49.68918],[-123.17159,49.68895],[-123.17126,49.68892],[-123.17103,49.68913],[-123.17074,49.68991],[-123.17065,49.691],[-123.17045,49.6917],[-123.16998,49.69183],[-123.16995,49.69222],[-123.17002,49.69265],[-123.17007,49.69325],[-123.17001,49.69394],[-123.16984,49.69437],[-123.16943,49.69475],[-123.16923,49.69532],[-123.16923,49.69571],[-123.16947,49.69606],[-123.16958,49.6966],[-123.16955,49.69718],[-123.16923,49.69763],[-123.16914,49.69803],[-123.16928,49.69857],[-123.16926,49.69921],[-123.16914,49.69958],[-123.169,49.70072],[-123.16984,49.70071],[-123.16994,49.69964],[-123.1703,49.69946],[-123.17063,49.69947],[-123.17091,49.69973],[-123.17134,49.70022],[-123.17188,49.70113],[-123.17191,49.70211],[-123.17168,49.70294],[-123.17119,49.70378],[-123.17026,49.70455],[-123.16963,49.70496],[-123.16845,49.70564],[-123.16676,49.7063],[-123.16499,49.70684],[-123.16375,49.70707],[-123.16289,49.70716],[-123.16209,49.70733],[-123.16143,49.70758],[-123.16061,49.708],[-123.15973,49.70852],[-123.15927,49.70898],[-123.159,49.70946],[-123.15873,49.71019],[-123.15858,49.71086],[-123.15874,49.7117],[-123.15877,49.71227],[-123.15867,49.7129],[-123.15851,49.71315],[-123.15903,49.71371],[-123.15903,49.71392],[-123.15926,49.71405],[-123.16023,49.71446],[-123.16097,49.71462],[-123.16162,49.71494],[-123.16222,49.71503],[-123.16307,49.71526],[-123.16357,49.71531],[-123.16383,49.71534],[-123.16425,49.71519],[-123.16521,49.71528],[-123.16526,49.7154],[-123.1656,49.71536],[-123.1656,49.71515],[-123.16531,49.71491],[-123.16479,49.7149],[-123.16431,49.71485],[-123.16407,49.71496],[-123.16351,49.71493],[-123.1629,49.71482],[-123.16209,49.71455],[-123.16116,49.71423],[-123.16017,49.71384],[-123.15962,49.71359],[-123.1593,49.71315],[-123.15946,49.71141],[-123.15944,49.71074],[-123.15923,49.71073],[-123.15931,49.71024],[-123.15951,49.71008],[-123.15981,49.71],[-123.15993,49.70977],[-123.1597,49.70977],[-123.1593,49.70986],[-123.15929,49.70971],[-123.15957,49.70918],[-123.16019,49.70877],[-123.16087,49.70841],[-123.16136,49.70808],[-123.16181,49.70784],[-123.16242,49.70779],[-123.16328,49.70754],[-123.16415,49.70744],[-123.16471,49.70737],[-123.16505,49.70757],[-123.16586,49.70729],[-123.16623,49.70727],[-123.16711,49.70728],[-123.16717,49.70742],[-123.16685,49.70764],[-123.16632,49.70799],[-123.16566,49.70813],[-123.16524,49.7084],[-123.16518,49.70871],[-123.16563,49.70862],[-123.16627,49.70832],[-123.16698,49.70822],[-123.1677,49.70775],[-123.16839,49.70763],[-123.16914,49.70729],[-123.17033,49.70737],[-123.1712,49.70659],[-123.17058,49.70639],[-123.17116,49.70581],[-123.17153,49.70539],[-123.17165,49.7055],[-123.17185,49.70567],[-123.17203,49.70554],[-123.17196,49.70518],[-123.17214,49.70477],[-123.17265,49.70451],[-123.17303,49.70463],[-123.17329,49.70452],[-123.17305,49.70416],[-123.17381,49.7035],[-123.17413,49.7028],[-123.17419,49.70211],[-123.17399,49.70142],[-123.17378,49.70077],[-123.17361,49.69997],[-123.17343,49.69928],[-123.17314,49.69879],[-123.17303,49.69819],[-123.17313,49.6973],[-123.17324,49.69643],[-123.17342,49.69603],[-123.17365,49.69532],[-123.17401,49.69474],[-123.1741,49.69433],[-123.17399,49.69373],[-123.17411,49.69319],[-123.17423,49.69281],[-123.17417,49.69237],[-123.17448,49.69218],[-123.17488,49.69221],[-123.17523,49.69273],[-123.17536,49.69272],[-123.17538,49.6925],[-123.17562,49.692],[-123.17599,49.6918],[-123.17637,49.69136],[-123.17693,49.69089],[-123.17757,49.69076],[-123.17789,49.69089],[-123.17807,49.6914],[-123.17862,49.69231],[-123.17937,49.69342],[-123.18005,49.69384],[-123.17991,49.69277],[-123.17959,49.69197],[-123.17925,49.69104],[-123.17905,49.69007],[-123.17875,49.68909],[-123.17839,49.68804],[-123.1781,49.68702],[-123.17791,49.68614],[-123.17815,49.68549],[-123.1785,49.68544],[-123.17861,49.6856],[-123.17871,49.68575],[-123.17883,49.68657],[-123.17891,49.68747],[-123.17918,49.6888],[-123.17953,49.68985],[-123.18005,49.69127],[-123.18053,49.69304],[-123.18092,49.69449],[-123.18146,49.6951],[-123.18201,49.6955],[-123.18216,49.69573],[-123.18199,49.69611],[-123.18191,49.69639],[-123.18219,49.69688],[-123.18225,49.69733],[-123.18193,49.69784],[-123.18163,49.6984],[-123.1816,49.69891],[-123.18192,49.69952],[-123.18193,49.70006],[-123.18183,49.70046],[-123.18314,49.70046],[-123.18441,49.70046],[-123.1845,49.6999],[-123.18482,49.69913],[-123.1851,49.69808],[-123.18523,49.69709],[-123.18517,49.69618],[-123.18494,49.69556],[-123.18436,49.69489],[-123.18404,49.69438],[-123.18395,49.69365],[-123.18397,49.69288],[-123.18392,49.69245],[-123.18368,49.6918],[-123.18362,49.69107],[-123.18364,49.69063],[-123.18346,49.68999],[-123.18343,49.68988],[-123.18337,49.68955],[-123.18363,49.68926],[-123.18398,49.68933],[-123.18436,49.68945],[-123.18474,49.68923],[-123.18493,49.68925],[-123.18508,49.68951],[-123.18546,49.68974],[-123.18604,49.6898],[-123.18617,49.69012],[-123.18655,49.69028],[-123.18668,49.69052],[-123.18682,49.691],[-123.187,49.69108],[-123.18719,49.69095],[-123.18721,49.69058],[-123.18687,49.69004],[-123.18627,49.68956],[-123.18558,49.68936],[-123.18523,49.68912],[-123.18497,49.68867],[-123.18468,49.68837],[-123.1843,49.68816],[-123.18394,49.68815],[-123.1837,49.68803],[-123.18352,49.68776],[-123.18342,49.6873],[-123.18334,49.68661],[-123.18326,49.68595],[-123.18312,49.68528],[-123.18321,49.6848],[-123.18349,49.68458],[-123.18373,49.68425],[-123.18401,49.68417],[-123.18452,49.68414],[-123.18478,49.68379],[-123.1852,49.68361],[-123.18598,49.68296],[-123.18691,49.68206],[-123.18768,49.68192],[-123.18841,49.68194],[-123.18871,49.68169],[-123.18938,49.68167],[-123.18968,49.6814],[-123.19017,49.68126],[-123.1903,49.68139],[-123.1907,49.68161],[-123.19068,49.68184],[-123.19092,49.68191],[-123.19111,49.68177],[-123.19192,49.68182],[-123.19263,49.68197],[-123.19318,49.68192],[-123.19403,49.68204],[-123.19455,49.68196],[-123.19529,49.68212],[-123.19596,49.68195],[-123.19645,49.68205],[-123.1969,49.68198],[-123.19724,49.68197],[-123.19775,49.68217],[-123.19823,49.68218],[-123.19859,49.6822],[-123.1989,49.68229],[-123.19938,49.68215],[-123.19981,49.68217],[-123.19997,49.68206],[-123.20034,49.68193],[-123.2009,49.6819],[-123.20139,49.68176],[-123.20213,49.68177],[-123.2027,49.68175],[-123.20327,49.68149],[-123.20426,49.68131],[-123.20532,49.68118],[-123.20609,49.68081],[-123.20671,49.6804],[-123.20734,49.68018],[-123.20811,49.68002],[-123.20845,49.68],[-123.20882,49.6796],[-123.20937,49.67926],[-123.20996,49.67887],[-123.21015,49.67865],[-123.21123,49.67804],[-123.21191,49.6779],[-123.21232,49.67799],[-123.213,49.67791],[-123.21384,49.67775],[-123.21497,49.67773],[-123.2161,49.67768],[-123.21676,49.67764],[-123.21728,49.67747],[-123.21762,49.67747],[-123.21823,49.67716],[-123.21924,49.67667],[-123.21963,49.67656],[-123.21981,49.67668],[-123.22035,49.67663],[-123.22094,49.67633],[-123.22179,49.67613],[-123.22241,49.67577],[-123.22259,49.67533],[-123.22274,49.675],[-123.22315,49.67473],[-123.22369,49.67451],[-123.22424,49.67446],[-123.22456,49.6744],[-123.22514,49.67382],[-123.22548,49.6738],[-123.22617,49.67366],[-123.22626,49.67348],[-123.22652,49.67332],[-123.22755,49.67315],[-123.22824,49.67281],[-123.22859,49.67281],[-123.22893,49.67275],[-123.22914,49.67255],[-123.23015,49.67247],[-123.23083,49.67236],[-123.23119,49.67247],[-123.23157,49.67252],[-123.23296,49.67193],[-123.23339,49.67154],[-123.23408,49.67142],[-123.23476,49.67111],[-123.23516,49.67111],[-123.23565,49.67093],[-123.23645,49.6701],[-123.23679,49.66993],[-123.23723,49.67004],[-123.23753,49.66998],[-123.23792,49.66964],[-123.23835,49.66959],[-123.23869,49.66959],[-123.23898,49.66948],[-123.24017,49.6695],[-123.24052,49.66959],[-123.24094,49.66981],[-123.2413,49.66975],[-123.24164,49.66956],[-123.24233,49.66964],[-123.24406,49.66935],[-123.24432,49.66913],[-123.24471,49.66868],[-123.24522,49.66846],[-123.24596,49.66848],[-123.24649,49.66842],[-123.24694,49.66808],[-123.24744,49.66805],[-123.24797,49.66817],[-123.24871,49.66821],[-123.24923,49.66811],[-123.24995,49.66762],[-123.24992,49.66727],[-123.24982,49.66694],[-123.24902,49.66684],[-123.24907,49.66658],[-123.25053,49.66664],[-123.25036,49.66634],[-123.25044,49.66609],[-123.25013,49.66594],[-123.25004,49.66573],[-123.25064,49.66522],[-123.25116,49.66521],[-123.25175,49.66518],[-123.25191,49.6654],[-123.25242,49.66562],[-123.25294,49.66562],[-123.25301,49.66539],[-123.25282,49.66508],[-123.25284,49.6648],[-123.25314,49.66448],[-123.2538,49.66433],[-123.25423,49.66441],[-123.25481,49.66464],[-123.25583,49.66472],[-123.25691,49.66461],[-123.25753,49.6643],[-123.25783,49.66393],[-123.25805,49.66368],[-123.25841,49.66354],[-123.25865,49.66309],[-123.25885,49.66253],[-123.25889,49.66183],[-123.25904,49.66126],[-123.25924,49.6609],[-123.25924,49.66067],[-123.25932,49.66039],[-123.2595,49.66017],[-123.25949,49.65974],[-123.25927,49.65927],[-123.25932,49.65882],[-123.25922,49.6586],[-123.25797,49.65765],[-123.25768,49.65716],[-123.25746,49.65618],[-123.25764,49.65565],[-123.25791,49.6552],[-123.25822,49.65501],[-123.25839,49.65473],[-123.25858,49.65412],[-123.25877,49.6538],[-123.25908,49.65356],[-123.25936,49.65308],[-123.25938,49.65284],[-123.25919,49.65245],[-123.25916,49.65225],[-123.25937,49.65201],[-123.25967,49.6516],[-123.25984,49.65107],[-123.26017,49.65051],[-123.26051,49.65009],[-123.26064,49.64964],[-123.2606,49.64915],[-123.26036,49.64838],[-123.26034,49.6477],[-123.26033,49.64731],[-123.26048,49.64705],[-123.26086,49.6468],[-123.261,49.64659],[-123.26091,49.6465],[-123.26084,49.64643],[-123.26059,49.64617],[-123.26038,49.64585],[-123.26041,49.64551],[-123.26047,49.6452],[-123.26033,49.64488],[-123.26029,49.64454],[-123.26036,49.64428],[-123.26028,49.644],[-123.26005,49.64385],[-123.25916,49.64281],[-123.25897,49.64265],[-123.25888,49.64243],[-123.25854,49.64201],[-123.25827,49.64181],[-123.25801,49.64153],[-123.25784,49.6413],[-123.25771,49.64086],[-123.25766,49.64041],[-123.25778,49.64009],[-123.25822,49.63953],[-123.2583,49.63953],[-123.25851,49.63872],[-123.25869,49.6385],[-123.25869,49.63827],[-123.25877,49.63805],[-123.2592,49.63757],[-123.25894,49.63712],[-123.25877,49.63664],[-123.25864,49.63645],[-123.2579,49.6358],[-123.25772,49.63558],[-123.25772,49.63535],[-123.25746,49.63513],[-123.25712,49.63502],[-123.25677,49.63479],[-123.25659,49.63457],[-123.25659,49.63435],[-123.25649,49.6341],[-123.25456,49.63264],[-123.25434,49.63208],[-123.2539,49.63191],[-123.25329,49.63143],[-123.25312,49.63121],[-123.25295,49.63079],[-123.25259,49.63054],[-123.25242,49.63031],[-123.25238,49.62986],[-123.25246,49.62944],[-123.25233,49.62899],[-123.25211,49.62872],[-123.25168,49.62829],[-123.25132,49.62763],[-123.25111,49.62743],[-123.25094,49.627],[-123.25093,49.62655],[-123.25085,49.62633],[-123.25093,49.62591],[-123.25114,49.62571],[-123.25123,49.62526],[-123.25162,49.6249],[-123.2523,49.6245],[-123.25248,49.62431],[-123.25256,49.62405],[-123.25247,49.6236],[-123.2523,49.62341],[-123.25213,49.62296],[-123.25125,49.62181],[-123.25095,49.62157],[-123.25077,49.62072],[-123.25077,49.62021],[-123.25055,49.61965],[-123.25055,49.6192],[-123.25037,49.61872],[-123.25037,49.6185],[-123.2502,49.61808],[-123.25002,49.61785],[-123.24976,49.61763],[-123.24942,49.61718],[-123.24933,49.6169],[-123.24933,49.61668],[-123.2495,49.6162],[-123.24967,49.616],[-123.24976,49.61578],[-123.25002,49.6155],[-123.25018,49.61502],[-123.25018,49.6149],[-123.24931,49.61342],[-123.24922,49.61314],[-123.24927,49.61291],[-123.24922,49.61247],[-123.24931,49.61179],[-123.2496,49.61154],[-123.25029,49.61143],[-123.25098,49.61139],[-123.25168,49.61131],[-123.25236,49.61131],[-123.25311,49.61145],[-123.25345,49.61139],[-123.25358,49.61133],[-123.255,49.61029],[-123.25529,49.60984],[-123.25551,49.60936],[-123.25564,49.60891],[-123.25594,49.60846],[-123.25589,49.60824],[-123.25594,49.60799],[-123.25642,49.60682],[-123.25684,49.60633],[-123.25663,49.60585],[-123.25658,49.60553],[-123.25663,49.6054],[-123.25707,49.60493],[-123.25787,49.60444],[-123.25818,49.60423],[-123.25823,49.60389],[-123.25801,49.60351],[-123.25773,49.60318],[-123.25777,49.60286],[-123.25814,49.6024],[-123.25807,49.60208],[-123.25784,49.6018],[-123.25766,49.60185],[-123.25732,49.60218],[-123.25689,49.60222],[-123.25644,49.60213],[-123.25578,49.60191],[-123.25568,49.60127],[-123.25581,49.60077],[-123.25614,49.60073],[-123.25669,49.60064],[-123.25725,49.60073],[-123.25757,49.60098],[-123.25775,49.6013],[-123.25813,49.60134],[-123.25848,49.60126],[-123.25906,49.60093],[-123.25991,49.60055],[-123.26044,49.60049],[-123.26073,49.60036],[-123.26084,49.60008],[-123.26107,49.59982],[-123.2615,49.59938],[-123.26156,49.59891],[-123.26128,49.59871],[-123.26089,49.59854],[-123.26089,49.59833],[-123.2612,49.59788],[-123.26183,49.59735],[-123.26209,49.59713],[-123.26253,49.59676],[-123.26296,49.59636],[-123.26307,49.59595],[-123.26308,49.5955],[-123.26321,49.59525],[-123.26306,49.59499],[-123.26315,49.59463],[-123.26343,49.59449],[-123.26358,49.59418],[-123.26364,49.59389],[-123.26337,49.59368],[-123.26331,49.5935],[-123.26348,49.59347],[-123.26381,49.59346],[-123.26415,49.5934],[-123.26441,49.59323],[-123.26492,49.59255],[-123.26484,49.59233],[-123.26475,49.59211],[-123.26479,49.59191],[-123.26492,49.59146],[-123.26474,49.59098],[-123.26474,49.59031],[-123.26491,49.58981],[-123.26517,49.58958],[-123.26534,49.58936],[-123.26568,49.58913],[-123.26696,49.58896],[-123.26742,49.58873],[-123.26759,49.58829],[-123.26782,49.58803],[-123.26828,49.58795],[-123.26853,49.58786],[-123.2686,49.58763],[-123.26871,49.58749],[-123.2693,49.58743],[-123.26933,49.58738],[-123.26932,49.58737],[-123.22773,49.57979]],[[-123.17247,49.69411],[-123.17259,49.6945],[-123.17258,49.69511],[-123.17245,49.69582],[-123.17229,49.696],[-123.17201,49.69627],[-123.17196,49.69657],[-123.17167,49.69673],[-123.17143,49.69664],[-123.17141,49.69634],[-123.17158,49.69592],[-123.1717,49.69557],[-123.17177,49.6949],[-123.17188,49.69449],[-123.17217,49.69414],[-123.17247,49.69411]],[[-123.17257,49.69734],[-123.17272,49.69767],[-123.17274,49.69832],[-123.17273,49.69855],[-123.17264,49.69899],[-123.1724,49.69909],[-123.17211,49.69868],[-123.1721,49.69859],[-123.17202,49.69769],[-123.17212,49.69735],[-123.17257,49.69734]],[[-123.18078,49.69027],[-123.18114,49.69032],[-123.18139,49.69083],[-123.18151,49.69155],[-123.18151,49.69179],[-123.18116,49.6919],[-123.18089,49.69173],[-123.18086,49.69136],[-123.18073,49.69075],[-123.18078,49.69027]]]},"properties":{"MGNT_AREA":28,"SUBAREA_":5,"NAME":"Subarea 28-5","LABEL":"28-5","SQ_KM":40.430200300000003}},{"type":"Feature","geometry":{"type":"Polygon","coordinates":[[[-123.17047,49.32744],[-123.17052,49.32745],[-123.1719,49.32851],[-123.1731,49.3297],[-123.17323,49.32986],[-123.17347,49.33007],[-123.1747,49.33098],[-123.17535,49.33126],[-123.17561,49.33132],[-123.17567,49.33139],[-123.17655,49.33177],[-123.1768,49.33182],[-123.17706,49.33193],[-123.17861,49.3321],[-123.17883,49.33216],[-123.17908,49.33221],[-123.1793,49.33225],[-123.17965,49.33238],[-123.17987,49.33244],[-123.18034,49.3326],[-123.18085,49.33277],[-123.18111,49.33291],[-123.18163,49.33294],[-123.18217,49.3331],[-123.18243,49.33307],[-123.18248,49.33284],[-123.1827,49.33279],[-123.18295,49.33291],[-123.1833,49.33308],[-123.1839,49.33342],[-123.18452,49.33347],[-123.18523,49.3336],[-123.18612,49.33407],[-123.18694,49.33453],[-123.18779,49.33498],[-123.1885,49.33509],[-123.18981,49.33508],[-123.1906,49.335],[-123.19219,49.33501],[-123.19239,49.33501],[-123.19367,49.33507],[-123.19473,49.33522],[-123.1953,49.33544],[-123.19569,49.33575],[-123.19633,49.33614],[-123.19689,49.33664],[-123.19711,49.33676],[-123.19737,49.33709],[-123.19754,49.33721],[-123.19767,49.33735],[-123.19788,49.33746],[-123.19796,49.3376],[-123.19862,49.33791],[-123.19909,49.33807],[-123.19961,49.3381],[-123.20013,49.33818],[-123.20038,49.3383],[-123.20064,49.33835],[-123.2009,49.33835],[-123.20116,49.33841],[-123.20193,49.33841],[-123.20219,49.33835],[-123.20227,49.33824],[-123.20253,49.33818],[-123.20274,49.33807],[-123.20326,49.33801],[-123.20377,49.33807],[-123.20399,49.33818],[-123.20416,49.33834],[-123.20414,49.33878],[-123.20436,49.33925],[-123.20492,49.33976],[-123.2052,49.33984],[-123.20552,49.33966],[-123.20573,49.33964],[-123.2057,49.34006],[-123.20592,49.34026],[-123.20626,49.34037],[-123.20631,49.34039],[-123.20712,49.34023],[-123.20756,49.34006],[-123.20798,49.34006],[-123.20838,49.33992],[-123.20883,49.33994],[-123.20907,49.34003],[-123.20924,49.34017],[-123.20996,49.34013],[-123.21035,49.34019],[-123.21054,49.34063],[-123.21072,49.34074],[-123.21117,49.34068],[-123.2118,49.34071],[-123.21212,49.34089],[-123.21255,49.34087],[-123.21284,49.34077],[-123.21287,49.34008],[-123.213,49.33981],[-123.21336,49.33958],[-123.21362,49.33951],[-123.21403,49.3395],[-123.21437,49.33932],[-123.21466,49.33928],[-123.2149,49.33939],[-123.21506,49.33947],[-123.21545,49.33927],[-123.21609,49.33872],[-123.21679,49.3384],[-123.2172,49.33822],[-123.21809,49.33809],[-123.21886,49.33809],[-123.21937,49.33804],[-123.22069,49.33817],[-123.22084,49.33831],[-123.2211,49.33837],[-123.22136,49.33848],[-123.22188,49.33893],[-123.22235,49.33921],[-123.22274,49.33929],[-123.2236,49.33919],[-123.22389,49.33923],[-123.22441,49.33923],[-123.22467,49.33929],[-123.22493,49.33954],[-123.22498,49.33971],[-123.22514,49.33982],[-123.2254,49.33979],[-123.22566,49.33982],[-123.22592,49.33996],[-123.22609,49.3401],[-123.22633,49.34045],[-123.22675,49.34064],[-123.22737,49.34083],[-123.22774,49.34096],[-123.22869,49.34109],[-123.22948,49.34116],[-123.22992,49.34105],[-123.231,49.34107],[-123.23171,49.3412],[-123.23201,49.34103],[-123.23223,49.34072],[-123.23261,49.34046],[-123.23352,49.3403],[-123.23376,49.34019],[-123.23376,49.33991],[-123.23408,49.33978],[-123.23537,49.33924],[-123.23563,49.3391],[-123.23641,49.33882],[-123.23683,49.33862],[-123.23709,49.33862],[-123.2376,49.33842],[-123.23812,49.33836],[-123.23837,49.33839],[-123.23863,49.33836],[-123.23966,49.33836],[-123.24031,49.33844],[-123.2407,49.33861],[-123.24124,49.3387],[-123.24225,49.33886],[-123.24276,49.339],[-123.24294,49.33917],[-123.24332,49.33939],[-123.2438,49.33959],[-123.2444,49.33998],[-123.24479,49.34031],[-123.24522,49.34059],[-123.2456,49.34069],[-123.24707,49.34053],[-123.24784,49.34061],[-123.24836,49.34061],[-123.24861,49.34056],[-123.24883,49.34058],[-123.24934,49.34042],[-123.24977,49.34011],[-123.24995,49.33994],[-123.25008,49.33955],[-123.25017,49.33918],[-123.25039,49.33889],[-123.25073,49.33852],[-123.25065,49.3383],[-123.25042,49.33804],[-123.25038,49.33783],[-123.25047,49.33759],[-123.25091,49.33752],[-123.25114,49.33737],[-123.25131,49.33727],[-123.25152,49.3373],[-123.25249,49.33759],[-123.25284,49.3377],[-123.25317,49.33758],[-123.25362,49.33747],[-123.25377,49.33753],[-123.25404,49.33819],[-123.25438,49.33871],[-123.25465,49.33882],[-123.25533,49.33871],[-123.25565,49.33852],[-123.25568,49.33835],[-123.25549,49.33826],[-123.2551,49.33797],[-123.25492,49.3376],[-123.25483,49.33726],[-123.25489,49.33693],[-123.25484,49.33646],[-123.25467,49.33595],[-123.25459,49.33543],[-123.25473,49.33518],[-123.25478,49.33501],[-123.25503,49.33467],[-123.25512,49.33451],[-123.25545,49.33414],[-123.25657,49.3336],[-123.25657,49.33344],[-123.25691,49.3331],[-123.25734,49.33285],[-123.2576,49.33285],[-123.25786,49.3329],[-123.25841,49.33321],[-123.25872,49.33329],[-123.25953,49.3329],[-123.26005,49.33287],[-123.26056,49.33287],[-123.26086,49.33295],[-123.26103,49.33303],[-123.26121,49.33318],[-123.26147,49.33318],[-123.26173,49.333],[-123.26185,49.33266],[-123.26181,49.33253],[-123.26185,49.33219],[-123.26186,49.33208],[-123.26185,49.33196],[-123.26185,49.33191],[-123.2618,49.33177],[-123.26185,49.33167],[-123.2618,49.33155],[-123.26189,49.33121],[-123.26197,49.3311],[-123.2624,49.33104],[-123.26257,49.33092],[-123.26279,49.33084],[-123.26351,49.3307],[-123.26377,49.3307],[-123.26388,49.33065],[-123.26411,49.33058],[-123.26456,49.33039],[-123.17047,49.32744]]]},"properties":{"MGNT_AREA":28,"SUBAREA_":6,"NAME":"Subarea 28-6","LABEL":"28-6","SQ_KM":6.0463260099999996}},{"type":"Feature","geometry":{"type":"Polygon","coordinates":[[[-123.26434,49.26669],[-123.26423,49.26684],[-123.26384,49.26718],[-123.26359,49.26762],[-123.26332,49.26814],[-123.26317,49.26871],[-123.26283,49.26942],[-123.26251,49.27011],[-123.26219,49.27076],[-123.26157,49.27108],[-123.26097,49.27119],[-123.26057,49.27129],[-123.26017,49.27156],[-123.25906,49.27217],[-123.25826,49.27254],[-123.25785,49.27283],[-123.25772,49.27315],[-123.25742,49.2734],[-123.25706,49.2736],[-123.25691,49.2738],[-123.2567,49.274],[-123.2561,49.27422],[-123.25554,49.27441],[-123.25439,49.27492],[-123.25372,49.27544],[-123.253,49.27607],[-123.25174,49.27696],[-123.2509,49.27738],[-123.2504,49.27777],[-123.25004,49.27801],[-123.24942,49.27831],[-123.24863,49.27884],[-123.24765,49.27912],[-123.24651,49.27933],[-123.24535,49.27948],[-123.2445,49.27964],[-123.24404,49.2798],[-123.24319,49.27977],[-123.24249,49.27982],[-123.24186,49.27988],[-123.24149,49.27978],[-123.24078,49.27954],[-123.24017,49.27946],[-123.23931,49.27938],[-123.23826,49.27929],[-123.23667,49.279],[-123.23561,49.27883],[-123.23512,49.27889],[-123.23463,49.27917],[-123.2339,49.27933],[-123.23251,49.27924],[-123.23028,49.27903],[-123.22848,49.27882],[-123.22775,49.27876],[-123.22742,49.27852],[-123.22703,49.27816],[-123.22648,49.27801],[-123.22596,49.27787],[-123.22499,49.27777],[-123.22455,49.27776],[-123.22382,49.27775],[-123.22258,49.27768],[-123.2217,49.27744],[-123.22057,49.27711],[-123.21921,49.27686],[-123.21787,49.27673],[-123.21697,49.27673],[-123.21611,49.2766],[-123.2151,49.27646],[-123.21433,49.2763],[-123.21305,49.27594],[-123.21121,49.27526],[-123.21033,49.27509],[-123.20957,49.27508],[-123.20869,49.27521],[-123.20754,49.2754],[-123.20366,49.27614],[-123.20242,49.27628],[-123.20196,49.27623],[-123.20165,49.27603],[-123.15879,49.30113],[-123.15879,49.3012],[-123.15879,49.3012],[-123.16913,49.32717],[-123.16983,49.32724],[-123.17,49.32726],[-123.17047,49.32744],[-123.26456,49.33039],[-123.26463,49.33036],[-123.26467,49.33035],[-123.26434,49.26669]]]},"properties":{"MGNT_AREA":28,"SUBAREA_":7,"NAME":"Subarea 28-7","LABEL":"28-7","SQ_KM":39.271879980000001}},{"type":"Feature","geometry":{"type":"Polygon","coordinates":[[[-123.13712,49.3171],[-123.1375,49.31743],[-123.13773,49.31764],[-123.13784,49.31801],[-123.13766,49.31935],[-123.13795,49.3196],[-123.13802,49.31994],[-123.13763,49.32086],[-123.1377,49.32099],[-123.13879,49.32103],[-123.139,49.32097],[-123.13863,49.32075],[-123.13857,49.32056],[-123.13908,49.32055],[-123.13972,49.32056],[-123.14032,49.32052],[-123.14091,49.32036],[-123.14136,49.32029],[-123.14176,49.32028],[-123.14207,49.3204],[-123.14176,49.32052],[-123.14145,49.3206],[-123.14178,49.32098],[-123.14167,49.32143],[-123.14251,49.32141],[-123.14377,49.32161],[-123.14493,49.32209],[-123.14536,49.32238],[-123.14607,49.32243],[-123.1463,49.32238],[-123.14667,49.32206],[-123.14778,49.32159],[-123.14833,49.32154],[-123.14831,49.32167],[-123.1481,49.32206],[-123.14815,49.3222],[-123.14851,49.32225],[-123.14883,49.32256],[-123.14955,49.32309],[-123.15018,49.32319],[-123.15053,49.32319],[-123.15076,49.3238],[-123.15125,49.32455],[-123.15214,49.32571],[-123.15257,49.32613],[-123.15297,49.3264],[-123.15356,49.32665],[-123.1542,49.32673],[-123.15444,49.32656],[-123.15459,49.32643],[-123.15481,49.32647],[-123.15537,49.32669],[-123.15608,49.32672],[-123.15764,49.32661],[-123.15918,49.32656],[-123.15978,49.3265],[-123.16048,49.32641],[-123.16102,49.32645],[-123.16147,49.32662],[-123.1621,49.32678],[-123.1628,49.32682],[-123.16377,49.32682],[-123.16454,49.32697],[-123.16479,49.32705],[-123.16506,49.32713],[-123.16588,49.32718],[-123.16614,49.32724],[-123.16665,49.32724],[-123.16691,49.32721],[-123.16742,49.32724],[-123.16768,49.32718],[-123.1682,49.32715],[-123.16871,49.32718],[-123.16897,49.32715],[-123.16913,49.32717],[-123.15879,49.3012],[-123.15878,49.30133],[-123.15841,49.30153],[-123.15769,49.30184],[-123.15683,49.3023],[-123.15655,49.30267],[-123.15646,49.30319],[-123.15646,49.30371],[-123.15652,49.30454],[-123.1564,49.3052],[-123.15635,49.30597],[-123.15626,49.3068],[-123.1562,49.30724],[-123.15616,49.30791],[-123.15631,49.30824],[-123.1563,49.30848],[-123.15607,49.30861],[-123.15545,49.30866],[-123.15504,49.30874],[-123.15465,49.309],[-123.15398,49.30959],[-123.15349,49.30985],[-123.15317,49.3102],[-123.15288,49.31059],[-123.15265,49.31126],[-123.15227,49.31167],[-123.15164,49.31225],[-123.15106,49.31244],[-123.15034,49.31264],[-123.14909,49.31277],[-123.14776,49.313],[-123.1463,49.31324],[-123.1452,49.31361],[-123.14448,49.31368],[-123.14384,49.31376],[-123.14318,49.31394],[-123.1424,49.31403],[-123.14166,49.31404],[-123.14139,49.31384],[-123.14098,49.31348],[-123.14061,49.31332],[-123.13717,49.31704],[-123.13712,49.3171]],[[-123.14532,49.31942],[-123.14558,49.31943],[-123.14611,49.31952],[-123.1464,49.31966],[-123.14696,49.32012],[-123.14761,49.32051],[-123.14774,49.32063],[-123.1481,49.32093],[-123.14847,49.32116],[-123.14838,49.32122],[-123.14785,49.32114],[-123.1475,49.32109],[-123.14745,49.32079],[-123.14654,49.32022],[-123.14589,49.31981],[-123.14552,49.31978],[-123.14536,49.31969],[-123.14532,49.31942]]]},"properties":{"MGNT_AREA":28,"SUBAREA_":9,"NAME":"Subarea 28-9","LABEL":"28-9","SQ_KM":3.09540076}},{"type":"Feature","geometry":{"type":"Polygon","coordinates":[[[-123.13557,49.19787],[-123.13527,49.19767],[-123.13508,49.19744],[-123.13505,49.19708],[-123.13525,49.19675],[-123.13563,49.1962],[-123.13615,49.19554],[-123.13668,49.19491],[-123.13701,49.19433],[-123.13756,49.19364],[-123.13832,49.1929],[-123.13876,49.19259],[-123.13893,49.19226],[-123.13923,49.19178],[-123.13969,49.1912],[-123.14006,49.19063],[-123.14046,49.19007],[-123.14116,49.18921],[-123.14157,49.18853],[-123.14223,49.18786],[-123.14297,49.18714],[-123.14329,49.18688],[-123.14342,49.18654],[-123.14341,49.18618],[-123.14305,49.18558],[-123.14302,49.18504],[-123.14305,49.18439],[-123.14321,49.18395],[-123.14355,49.18348],[-123.1442,49.18284],[-123.14472,49.18242],[-123.14563,49.1819],[-123.14654,49.18134],[-123.14728,49.18089],[-123.14793,49.18054],[-123.14884,49.18002],[-123.14976,49.17962],[-123.15067,49.17928],[-123.15111,49.17908],[-123.1524,49.17866],[-123.15283,49.17854],[-123.15369,49.17838],[-123.15411,49.17823],[-123.15498,49.17803],[-123.15545,49.17801],[-123.15588,49.17789],[-123.15696,49.17775],[-123.15928,49.17766],[-123.16014,49.17757],[-123.161,49.17757],[-123.16143,49.17763],[-123.16316,49.17751],[-123.16401,49.17737],[-123.16487,49.17732],[-123.16746,49.17728],[-123.16875,49.17723],[-123.16922,49.17725],[-123.16956,49.17734],[-123.17042,49.17736],[-123.17168,49.17762],[-123.17249,49.17762],[-123.17378,49.17785],[-123.17404,49.17793],[-123.17413,49.17812],[-123.17416,49.17833],[-123.17429,49.17849],[-123.17455,49.1786],[-123.17493,49.17881],[-123.17578,49.17885],[-123.17679,49.17886],[-123.17716,49.17881],[-123.17748,49.17859],[-123.17812,49.17849],[-123.17902,49.17849],[-123.17966,49.1787],[-123.18066,49.17902],[-123.18135,49.17917],[-123.18179,49.17927],[-123.18309,49.17963],[-123.18438,49.18016],[-123.18481,49.18039],[-123.1855,49.18084],[-123.18623,49.18114],[-123.1868,49.18168],[-123.18723,49.18194],[-123.18809,49.18225],[-123.18887,49.18261],[-123.19012,49.18309],[-123.19098,49.18345],[-123.19137,49.18365],[-123.19266,49.18415],[-123.19309,49.18427],[-123.19347,49.1843],[-123.1937,49.18438],[-123.19369,49.18478],[-123.19369,49.18483],[-123.19421,49.18496],[-123.19485,49.18499],[-123.19569,49.1851],[-123.19636,49.18525],[-123.19723,49.18536],[-123.19809,49.18536],[-123.19852,49.18545],[-123.19981,49.18542],[-123.20066,49.1855],[-123.20196,49.18572],[-123.20282,49.18592],[-123.20376,49.18606],[-123.20402,49.1861],[-123.20485,49.1862],[-123.20509,49.18628],[-123.20518,49.18667],[-123.20532,49.18661],[-123.20545,49.1865],[-123.20585,49.1865],[-123.20673,49.18652],[-123.20724,49.18663],[-123.20821,49.18668],[-123.20876,49.18663],[-123.20889,49.18666],[-123.2092,49.18685],[-123.19996,49.17432],[-123.19946,49.17406],[-123.19865,49.17439],[-123.19817,49.17444],[-123.19753,49.17484],[-123.19714,49.17495],[-123.19628,49.17506],[-123.19543,49.17509],[-123.19499,49.17504],[-123.19413,49.17504],[-123.1937,49.17509],[-123.19245,49.17502],[-123.19202,49.1749],[-123.19159,49.17485],[-123.19112,49.17485],[-123.19016,49.17477],[-123.18815,49.1746],[-123.18628,49.17448],[-123.186,49.17441],[-123.18513,49.17432],[-123.18427,49.17427],[-123.18385,49.17427],[-123.18298,49.17419],[-123.18255,49.17418],[-123.18126,49.1741],[-123.17999,49.17411],[-123.17911,49.17411],[-123.17824,49.17399],[-123.17746,49.17398],[-123.17672,49.17402],[-123.17636,49.17413],[-123.17582,49.1742],[-123.17538,49.17419],[-123.17519,49.17411],[-123.17499,49.17395],[-123.17351,49.17395],[-123.17323,49.17384],[-123.17255,49.17382],[-123.17189,49.17385],[-123.17146,49.174],[-123.17103,49.17407],[-123.1708,49.17403],[-123.1704,49.17388],[-123.16998,49.17376],[-123.16963,49.17375],[-123.16917,49.17382],[-123.16859,49.17393],[-123.16795,49.17402],[-123.16763,49.17408],[-123.16727,49.17408],[-123.16596,49.1741],[-123.16553,49.17403],[-123.16522,49.17376],[-123.16507,49.17368],[-123.16449,49.17365],[-123.16444,49.1737],[-123.16452,49.1738],[-123.16473,49.17392],[-123.16462,49.17402],[-123.16429,49.17402],[-123.16275,49.17396],[-123.16232,49.17399],[-123.1619,49.17396],[-123.16103,49.17396],[-123.16017,49.17408],[-123.15974,49.1741],[-123.15888,49.17408],[-123.15768,49.17439],[-123.1572,49.17442],[-123.15606,49.17471],[-123.15477,49.17499],[-123.154,49.17526],[-123.15338,49.17542],[-123.15311,49.17559],[-123.15273,49.1759],[-123.1521,49.17607],[-123.15146,49.17614],[-123.15119,49.17624],[-123.15094,49.17649],[-123.15059,49.17661],[-123.15015,49.17691],[-123.14864,49.17746],[-123.14813,49.17773],[-123.1477,49.1779],[-123.14641,49.17852],[-123.14563,49.17897],[-123.14477,49.17937],[-123.14434,49.17952],[-123.14352,49.17997],[-123.14246,49.18073],[-123.14165,49.18145],[-123.14121,49.18201],[-123.14062,49.1826],[-123.1402,49.18317],[-123.1393,49.18412],[-123.13889,49.18477],[-123.13833,49.18547],[-123.13799,49.1861],[-123.13781,49.18652],[-123.13744,49.18711],[-123.13686,49.18792],[-123.13658,49.1884],[-123.13631,49.1888],[-123.13609,49.18921],[-123.13595,49.1896],[-123.13583,49.18998],[-123.13557,49.19033],[-123.13525,49.19064],[-123.13519,49.19085],[-123.13508,49.19105],[-123.13502,49.19128],[-123.13478,49.19137],[-123.13463,49.19155],[-123.13455,49.19167],[-123.13432,49.19193],[-123.13435,49.19206],[-123.13464,49.19212],[-123.13473,49.19249],[-123.13466,49.19289],[-123.13454,49.19318],[-123.13425,49.19326],[-123.13417,49.19338],[-123.13417,49.19363],[-123.13427,49.19381],[-123.13442,49.19421],[-123.13429,49.19454],[-123.13406,49.19497],[-123.13371,49.19535],[-123.13356,49.19545],[-123.13359,49.19553],[-123.13339,49.19555],[-123.13338,49.19561],[-123.13344,49.19589],[-123.13335,49.19606],[-123.13307,49.19612],[-123.13302,49.19611],[-123.13304,49.19619],[-123.1353,49.19793],[-123.13557,49.19787]],[[-123.19174,49.17928],[-123.1926,49.17928],[-123.19307,49.1793],[-123.19566,49.17998],[-123.19605,49.18],[-123.19691,49.18017],[-123.19738,49.18031],[-123.19781,49.18048],[-123.19824,49.1806],[-123.19867,49.18065],[-123.1991,49.18065],[-123.19953,49.1807],[-123.20021,49.18105],[-123.20038,49.18156],[-123.20019,49.18193],[-123.19977,49.1821],[-123.19927,49.18209],[-123.19871,49.18213],[-123.19863,49.18229],[-123.19867,49.18262],[-123.19832,49.18271],[-123.19783,49.18267],[-123.19716,49.18253],[-123.19696,49.18235],[-123.19614,49.18201],[-123.19532,49.18173],[-123.19489,49.18162],[-123.19377,49.18119],[-123.1936,49.18118],[-123.1917,49.18044],[-123.19135,49.18021],[-123.19118,49.17959],[-123.19135,49.17936],[-123.19174,49.17928]],[[-123.186,49.1774],[-123.1873,49.1774],[-123.18778,49.17744],[-123.188,49.17755],[-123.18829,49.17792],[-123.1888,49.17787],[-123.18928,49.1779],[-123.18962,49.17807],[-123.18988,49.17835],[-123.19019,49.17857],[-123.19067,49.17897],[-123.19051,49.17943],[-123.1905,49.18006],[-123.19006,49.1801],[-123.18954,49.17996],[-123.18855,49.17957],[-123.18816,49.17931],[-123.18774,49.17915],[-123.1873,49.17892],[-123.18644,49.17855],[-123.18601,49.17847],[-123.18567,49.1783],[-123.18554,49.17799],[-123.18562,49.17745],[-123.186,49.1774]],[[-123.18394,49.17664],[-123.1848,49.17664],[-123.18523,49.17678],[-123.18532,49.17706],[-123.18485,49.17732],[-123.18394,49.1774],[-123.18351,49.17741],[-123.18317,49.17712],[-123.18325,49.17683],[-123.18351,49.17667],[-123.18394,49.17664]]]},"properties":{"MGNT_AREA":29,"SUBAREA_":11,"NAME":"Subarea 29-11","LABEL":"29-11","SQ_KM":3.0726394099999998}},{"type":"Feature","geometry":{"type":"Polygon","coordinates":[[[-123.86951,49.46768],[-123.87019,49.46763],[-123.87062,49.46771],[-123.87105,49.46765],[-123.8719,49.4677],[-123.87233,49.4678],[-123.87263,49.46796],[-123.8731,49.46824],[-123.87352,49.46836],[-123.87434,49.46875],[-123.87484,49.46893],[-123.87526,49.46909],[-123.87555,49.46921],[-123.87569,49.46926],[-123.87598,49.46957],[-123.87659,49.46973],[-123.8778,49.4703],[-123.88008,49.47105],[-123.88095,49.47138],[-123.88177,49.47177],[-123.88264,49.47195],[-123.88371,49.47261],[-123.88428,49.47276],[-123.88454,49.47292],[-123.88489,49.473],[-123.88571,49.47333],[-123.88618,49.47341],[-123.88653,49.47352],[-123.88739,49.47371],[-123.88782,49.47365],[-123.88807,49.47358],[-123.88811,49.47349],[-123.64587,49.15558],[-123.64161,49.14994],[-123.53613,49.38362],[-123.53632,49.38363],[-123.53748,49.38378],[-123.53851,49.384],[-123.5396,49.38432],[-123.53986,49.38442],[-123.53996,49.38446],[-123.71042,49.41803],[-123.71044,49.41782],[-123.71067,49.41758],[-123.7109,49.41755],[-123.7112,49.41754],[-123.71133,49.41741],[-123.7114,49.41736],[-123.71157,49.41742],[-123.71168,49.41754],[-123.71209,49.41759],[-123.71246,49.41773],[-123.71267,49.4179],[-123.71262,49.41803],[-123.71243,49.41813],[-123.71223,49.41814],[-123.71209,49.41803],[-123.71166,49.41793],[-123.71133,49.41795],[-123.71086,49.41809],[-123.71078,49.4181],[-123.71194,49.41833],[-123.86951,49.46768]],[[-123.71139,49.41684],[-123.71172,49.41689],[-123.71173,49.41698],[-123.71155,49.41709],[-123.71114,49.4172],[-123.71087,49.41723],[-123.71073,49.41711],[-123.71072,49.41692],[-123.71095,49.41684],[-123.71139,49.41684]]]},"properties":{"MGNT_AREA":29,"SUBAREA_":2,"NAME":"Subarea 29-2","LABEL":"29-2","SQ_KM":355.36097338000002}},{"type":"Feature","geometry":{"type":"Polygon","coordinates":[[[-123.71078,49.4181],[-123.71066,49.41812],[-123.71062,49.41813],[-123.71042,49.41805],[-123.71042,49.41803],[-123.53996,49.38446],[-123.5406,49.38469],[-123.54143,49.38494],[-123.54258,49.38538],[-123.54339,49.38565],[-123.54438,49.38593],[-123.54499,49.38626],[-123.54665,49.38701],[-123.54709,49.38715],[-123.5479,49.38754],[-123.54834,49.38768],[-123.54859,49.38784],[-123.54903,49.38792],[-123.54976,49.38829],[-123.55178,49.38909],[-123.55221,49.3892],[-123.55307,49.38928],[-123.55436,49.38924],[-123.55521,49.3894],[-123.55565,49.38955],[-123.55582,49.38966],[-123.55608,49.38971],[-123.55677,49.39007],[-123.55711,49.3906],[-123.55716,49.39088],[-123.55734,49.39144],[-123.55756,49.39172],[-123.55747,49.392],[-123.55769,49.39256],[-123.55774,49.39284],[-123.55791,49.39312],[-123.55801,49.39339],[-123.55818,49.39368],[-123.55831,49.39423],[-123.55853,49.39446],[-123.55862,49.39474],[-123.55919,49.3953],[-123.56006,49.39669],[-123.56066,49.39719],[-123.56123,49.39775],[-123.56158,49.39797],[-123.56235,49.39836],[-123.56261,49.39864],[-123.56296,49.39891],[-123.5633,49.39908],[-123.56373,49.39919],[-123.56408,49.39936],[-123.56434,49.39964],[-123.56451,49.39992],[-123.5649,49.40002],[-123.56608,49.40022],[-123.56657,49.40046],[-123.56706,49.40102],[-123.56818,49.40155],[-123.56943,49.40191],[-123.57024,49.40201],[-123.5711,49.40218],[-123.57196,49.40226],[-123.57372,49.4025],[-123.5754,49.40283],[-123.57587,49.40289],[-123.5763,49.40288],[-123.57673,49.40282],[-123.57887,49.40281],[-123.57926,49.40273],[-123.58012,49.40272],[-123.58055,49.40275],[-123.58141,49.40271],[-123.58183,49.40257],[-123.58269,49.40243],[-123.58398,49.40245],[-123.58483,49.40259],[-123.58531,49.40284],[-123.58574,49.40295],[-123.58587,49.40295],[-123.58737,49.40339],[-123.58781,49.40347],[-123.58823,49.40361],[-123.5891,49.40382],[-123.58952,49.4039],[-123.59222,49.40464],[-123.59254,49.40477],[-123.59263,49.40494],[-123.59276,49.40516],[-123.59331,49.40541],[-123.59432,49.4057],[-123.59499,49.40574],[-123.59569,49.40578],[-123.59614,49.40594],[-123.5964,49.40613],[-123.59675,49.40621],[-123.59724,49.40625],[-123.59738,49.40632],[-123.59763,49.4066],[-123.59789,49.40687],[-123.59816,49.40692],[-123.59824,49.40712],[-123.59947,49.40766],[-123.59995,49.4078],[-123.60025,49.40802],[-123.60065,49.40847],[-123.60107,49.40863],[-123.60142,49.40891],[-123.60142,49.40919],[-123.60168,49.40947],[-123.60207,49.40969],[-123.60289,49.41008],[-123.60332,49.41024],[-123.60375,49.4103],[-123.60461,49.41063],[-123.605,49.41068],[-123.60629,49.4107],[-123.60754,49.41101],[-123.6084,49.41103],[-123.60898,49.4111],[-123.60932,49.41128],[-123.60976,49.41151],[-123.61023,49.41161],[-123.61053,49.41161],[-123.61117,49.41157],[-123.61169,49.41178],[-123.61217,49.41208],[-123.61229,49.41226],[-123.61231,49.41252],[-123.61259,49.41256],[-123.61279,49.41262],[-123.61281,49.4128],[-123.61292,49.41289],[-123.61336,49.41288],[-123.61393,49.41285],[-123.61416,49.41286],[-123.61428,49.41294],[-123.61443,49.41306],[-123.61678,49.41307],[-123.61746,49.41321],[-123.61801,49.41355],[-123.61829,49.41384],[-123.61858,49.41394],[-123.61918,49.41401],[-123.61929,49.41402],[-123.6197,49.41412],[-123.62,49.41426],[-123.62096,49.41432],[-123.62144,49.41443],[-123.62229,49.41457],[-123.62363,49.41473],[-123.62397,49.41489],[-123.62431,49.41495],[-123.62466,49.41517],[-123.62483,49.41539],[-123.626,49.41603],[-123.62647,49.41622],[-123.6282,49.41644],[-123.62858,49.41652],[-123.62918,49.41679],[-123.62942,49.41703],[-123.62949,49.4171],[-123.62984,49.41732],[-123.63088,49.4181],[-123.63131,49.41827],[-123.63165,49.41832],[-123.63293,49.41832],[-123.63336,49.41825],[-123.63371,49.41837],[-123.63414,49.41839],[-123.63457,49.41847],[-123.63474,49.4187],[-123.63509,49.41892],[-123.63586,49.41903],[-123.63715,49.41902],[-123.63753,49.41888],[-123.638,49.41879],[-123.63834,49.41865],[-123.6392,49.41851],[-123.63963,49.4185],[-123.64098,49.41821],[-123.64151,49.41803],[-123.64177,49.41801],[-123.64185,49.41828],[-123.64184,49.41868],[-123.64165,49.41906],[-123.6417,49.41921],[-123.64198,49.41922],[-123.64224,49.41914],[-123.64243,49.41896],[-123.64272,49.41862],[-123.64294,49.41854],[-123.64345,49.41825],[-123.64383,49.41817],[-123.64469,49.41816],[-123.64542,49.41838],[-123.64628,49.41854],[-123.64667,49.41874],[-123.6471,49.41891],[-123.6477,49.41938],[-123.64797,49.41963],[-123.6484,49.41991],[-123.64849,49.42002],[-123.64948,49.4206],[-123.6503,49.42085],[-123.65198,49.42143],[-123.65232,49.4216],[-123.65431,49.42236],[-123.65517,49.42264],[-123.65556,49.42283],[-123.65591,49.42303],[-123.65626,49.42328],[-123.65655,49.42356],[-123.6576,49.42436],[-123.65846,49.42472],[-123.65875,49.42511],[-123.65977,49.42537],[-123.66023,49.42566],[-123.66041,49.42594],[-123.66067,49.42617],[-123.6611,49.42627],[-123.6614,49.42649],[-123.66192,49.42677],[-123.66262,49.42744],[-123.66322,49.42791],[-123.66361,49.4281],[-123.66447,49.42799],[-123.6649,49.42799],[-123.66524,49.42815],[-123.66524,49.42843],[-123.66551,49.42871],[-123.66628,49.42896],[-123.66714,49.42909],[-123.6674,49.42921],[-123.6692,49.4295],[-123.66964,49.42964],[-123.67007,49.42969],[-123.6705,49.42969],[-123.67073,49.42973],[-123.67086,49.42971],[-123.67188,49.4296],[-123.67273,49.4296],[-123.67316,49.42973],[-123.67403,49.43012],[-123.67437,49.43039],[-123.6748,49.43056],[-123.67523,49.43069],[-123.67551,49.43082],[-123.67564,49.43107],[-123.67587,49.43125],[-123.67624,49.43135],[-123.67662,49.43143],[-123.67681,49.43152],[-123.67691,49.43177],[-123.67688,49.4322],[-123.67675,49.43264],[-123.67686,49.43281],[-123.6771,49.43286],[-123.67767,49.43278],[-123.67809,49.43278],[-123.67831,49.43292],[-123.67917,49.43314],[-123.67956,49.43333],[-123.67999,49.4335],[-123.68025,49.43366],[-123.68043,49.43394],[-123.68086,49.43399],[-123.68155,49.43427],[-123.68241,49.43469],[-123.68259,49.43494],[-123.68302,49.43535],[-123.68341,49.43549],[-123.68406,49.43588],[-123.68488,49.43626],[-123.6851,49.43655],[-123.68553,49.43682],[-123.68605,49.43687],[-123.68604,49.4366],[-123.68629,49.43637],[-123.68672,49.43625],[-123.68716,49.43625],[-123.68963,49.43669],[-123.69013,49.43668],[-123.69098,49.43679],[-123.69313,49.43694],[-123.69447,49.4371],[-123.69485,49.43719],[-123.69571,49.43718],[-123.69614,49.43709],[-123.69656,49.43695],[-123.69704,49.43687],[-123.69742,49.43686],[-123.69828,49.437],[-123.69871,49.437],[-123.69956,49.43693],[-123.7,49.43687],[-123.70085,49.43696],[-123.70171,49.43687],[-123.70257,49.43686],[-123.70343,49.4368],[-123.7039,49.43682],[-123.70519,49.43699],[-123.70562,49.43698],[-123.706,49.43684],[-123.70643,49.43675],[-123.70729,49.43697],[-123.70763,49.43713],[-123.7085,49.43741],[-123.70897,49.43741],[-123.70936,49.43724],[-123.70995,49.43695],[-123.71046,49.43668],[-123.71081,49.43667],[-123.71091,49.4368],[-123.71084,49.43703],[-123.71056,49.43727],[-123.71036,49.43752],[-123.71025,49.43785],[-123.71021,49.43835],[-123.7103,49.43869],[-123.71065,49.43874],[-123.71098,49.43872],[-123.71143,49.43863],[-123.71179,49.43865],[-123.71211,49.43871],[-123.71252,49.43871],[-123.71284,49.43866],[-123.71284,49.43863],[-123.71288,49.43848],[-123.71287,49.43844],[-123.71282,49.43796],[-123.71259,49.43794],[-123.7123,49.43805],[-123.7118,49.43828],[-123.71158,49.43831],[-123.71159,49.43814],[-123.71204,49.43781],[-123.71249,49.43754],[-123.71298,49.43721],[-123.71316,49.43683],[-123.7133,49.43652],[-123.71316,49.43642],[-123.71272,49.43631],[-123.71226,49.43626],[-123.71181,49.43624],[-123.7114,49.43626],[-123.71102,49.43631],[-123.71072,49.43628],[-123.71064,49.43614],[-123.71089,49.43604],[-123.71128,49.43604],[-123.71185,49.43608],[-123.71224,49.43604],[-123.71277,49.4361],[-123.71307,49.43621],[-123.71436,49.43637],[-123.7148,49.43647],[-123.71514,49.4367],[-123.7154,49.43697],[-123.71584,49.43715],[-123.71626,49.43725],[-123.71669,49.43725],[-123.71756,49.4375],[-123.71841,49.43763],[-123.71928,49.43785],[-123.7197,49.43779],[-123.72036,49.43818],[-123.72122,49.43837],[-123.72169,49.43854],[-123.7219,49.43855],[-123.72209,49.43847],[-123.72245,49.43836],[-123.72298,49.43828],[-123.72344,49.43838],[-123.72361,49.43873],[-123.72353,49.43911],[-123.72334,49.43943],[-123.7234,49.43953],[-123.72349,49.43952],[-123.72357,49.43946],[-123.72376,49.43933],[-123.72419,49.43922],[-123.72462,49.43927],[-123.72497,49.43944],[-123.72497,49.43977],[-123.72606,49.44066],[-123.72727,49.44135],[-123.72792,49.4416],[-123.72826,49.44176],[-123.72857,49.44204],[-123.72884,49.44255],[-123.72875,49.44283],[-123.72893,49.44377],[-123.72898,49.44487],[-123.7291,49.44563],[-123.72927,49.44619],[-123.72923,49.44641],[-123.72942,49.44694],[-123.72955,49.44716],[-123.72968,49.44772],[-123.7299,49.44797],[-123.73008,49.44825],[-123.73016,49.44853],[-123.73038,49.44881],[-123.73061,49.44931],[-123.73116,49.45],[-123.73174,49.45037],[-123.732,49.45059],[-123.73222,49.45084],[-123.73235,49.45142],[-123.73314,49.45226],[-123.73392,49.45304],[-123.73428,49.45332],[-123.73476,49.4535],[-123.73566,49.4546],[-123.73662,49.45537],[-123.7368,49.45565],[-123.73706,49.45587],[-123.73711,49.45615],[-123.73772,49.45665],[-123.73837,49.45739],[-123.73821,49.4583],[-123.73817,49.45886],[-123.73827,49.45914],[-123.73882,49.46032],[-123.73876,49.46051],[-123.73894,49.46078],[-123.73894,49.46107],[-123.73907,49.46129],[-123.73929,49.46151],[-123.73938,49.46179],[-123.73969,49.46241],[-123.74026,49.46296],[-123.74061,49.46321],[-123.74147,49.46368],[-123.74295,49.46428],[-123.74322,49.46449],[-123.74361,49.46473],[-123.74391,49.46484],[-123.74432,49.46502],[-123.7444,49.46519],[-123.74439,49.46575],[-123.74423,49.46579],[-123.74408,49.46562],[-123.74391,49.46518],[-123.74367,49.46495],[-123.74287,49.46502],[-123.74244,49.46519],[-123.74227,49.4658],[-123.74245,49.46603],[-123.74237,49.46631],[-123.74255,49.46659],[-123.74238,49.46687],[-123.74247,49.46714],[-123.7423,49.46743],[-123.74239,49.46768],[-123.7427,49.46818],[-123.74275,49.46877],[-123.74314,49.46933],[-123.74375,49.46983],[-123.74423,49.47007],[-123.74513,49.47038],[-123.74599,49.47051],[-123.74647,49.47065],[-123.74733,49.47075],[-123.74862,49.47083],[-123.74905,49.4708],[-123.74948,49.47083],[-123.75034,49.47076],[-123.75077,49.47079],[-123.7512,49.4707],[-123.75205,49.4707],[-123.75244,49.47075],[-123.7533,49.47074],[-123.75377,49.47066],[-123.75411,49.47048],[-123.75454,49.4704],[-123.7554,49.47039],[-123.75583,49.47036],[-123.75668,49.47025],[-123.75711,49.47021],[-123.75797,49.47021],[-123.75884,49.47009],[-123.75926,49.47009],[-123.76097,49.46977],[-123.76294,49.46925],[-123.7638,49.46916],[-123.76414,49.46925],[-123.76501,49.46938],[-123.76543,49.4694],[-123.76625,49.46943],[-123.76668,49.46934],[-123.76754,49.46931],[-123.76797,49.46933],[-123.76883,49.46946],[-123.76969,49.46976],[-123.77012,49.46971],[-123.77098,49.46987],[-123.77141,49.46987],[-123.77227,49.46978],[-123.77313,49.46991],[-123.77399,49.46991],[-123.77442,49.46988],[-123.77528,49.46976],[-123.77566,49.46956],[-123.776,49.46944],[-123.77643,49.46936],[-123.77728,49.46913],[-123.77814,49.46901],[-123.77856,49.4689],[-123.77943,49.4688],[-123.77985,49.46869],[-123.78028,49.46863],[-123.78114,49.46838],[-123.78199,49.46817],[-123.78242,49.46817],[-123.78276,49.46791],[-123.78352,49.46749],[-123.78395,49.46738],[-123.78472,49.46706],[-123.78515,49.46698],[-123.78558,49.46681],[-123.78612,49.46645],[-123.78702,49.4661],[-123.78745,49.46606],[-123.78827,49.46584],[-123.7887,49.46575],[-123.78955,49.46569],[-123.79041,49.46568],[-123.79128,49.46573],[-123.79389,49.46574],[-123.79432,49.46579],[-123.79471,49.46579],[-123.79552,49.46601],[-123.79639,49.46617],[-123.79682,49.46622],[-123.79764,49.46645],[-123.79811,49.46666],[-123.79846,49.46688],[-123.7989,49.46705],[-123.79932,49.4671],[-123.79976,49.46727],[-123.80019,49.46738],[-123.80096,49.46748],[-123.80182,49.46748],[-123.80225,49.4675],[-123.80311,49.46747],[-123.80383,49.46751],[-123.80431,49.46764],[-123.80464,49.46779],[-123.80537,49.46748],[-123.80711,49.46755],[-123.80968,49.46762],[-123.81011,49.4677],[-123.8114,49.46786],[-123.81226,49.46777],[-123.81274,49.46779],[-123.81316,49.46762],[-123.81354,49.46754],[-123.81474,49.46714],[-123.81521,49.46705],[-123.81555,49.46693],[-123.81598,49.46687],[-123.81641,49.4669],[-123.81728,49.46721],[-123.81805,49.46756],[-123.81871,49.46806],[-123.81901,49.46825],[-123.81953,49.46875],[-123.82036,49.46925],[-123.82132,49.46956],[-123.82188,49.46988],[-123.82274,49.47024],[-123.8236,49.47038],[-123.82403,49.47048],[-123.82489,49.47054],[-123.82575,49.47053],[-123.82617,49.47039],[-123.82643,49.4701],[-123.82677,49.46988],[-123.82711,49.46993],[-123.82746,49.47015],[-123.82875,49.47028],[-123.82961,49.47064],[-123.8304,49.47105],[-123.83092,49.47139],[-123.83144,49.47141],[-123.83186,49.47136],[-123.83229,49.47118],[-123.83263,49.47095],[-123.83288,49.47067],[-123.83296,49.47039],[-123.83321,49.47017],[-123.83364,49.47016],[-123.8343,49.4705],[-123.83533,49.47083],[-123.83615,49.4709],[-123.83658,49.4711],[-123.83697,49.4712],[-123.83783,49.47134],[-123.83869,49.47141],[-123.83913,49.47152],[-123.83998,49.47163],[-123.84041,49.47163],[-123.84128,49.47182],[-123.8421,49.47209],[-123.84253,49.47228],[-123.84296,49.47239],[-123.84331,49.47261],[-123.84373,49.47272],[-123.84435,49.47303],[-123.84489,49.47313],[-123.84496,49.47324],[-123.84518,49.47332],[-123.8456,49.47338],[-123.84568,49.47363],[-123.84577,49.4739],[-123.84554,49.47397],[-123.84524,49.47393],[-123.84495,49.47398],[-123.84492,49.4742],[-123.84506,49.47475],[-123.8455,49.475],[-123.84592,49.47506],[-123.84628,49.47533],[-123.84679,49.47556],[-123.84722,49.47555],[-123.84766,49.47566],[-123.84804,49.47569],[-123.84852,49.47577],[-123.84895,49.47598],[-123.84938,49.47609],[-123.84963,49.47593],[-123.84994,49.47568],[-123.85023,49.4757],[-123.85054,49.4757],[-123.85098,49.47563],[-123.85157,49.47565],[-123.85168,49.47579],[-123.85194,49.47632],[-123.85226,49.4766],[-123.85245,49.47662],[-123.85269,49.47663],[-123.85298,49.47647],[-123.8533,49.4765],[-123.85352,49.47641],[-123.85386,49.47643],[-123.85433,49.47675],[-123.85486,49.47701],[-123.85551,49.47728],[-123.85591,49.47731],[-123.85661,49.47722],[-123.85713,49.4771],[-123.85747,49.47721],[-123.85773,49.47751],[-123.85809,49.47791],[-123.85835,49.47805],[-123.85864,49.47796],[-123.85892,49.47766],[-123.85911,49.47739],[-123.85899,49.47727],[-123.85878,49.47706],[-123.85873,49.4768],[-123.85895,49.4766],[-123.85934,49.4766],[-123.85944,49.47674],[-123.85972,49.47748],[-123.85999,49.47791],[-123.86023,49.47797],[-123.8605,49.47791],[-123.86137,49.47746],[-123.86218,49.4771],[-123.86298,49.47639],[-123.86347,49.47562],[-123.86347,49.47555],[-123.86346,49.47516],[-123.86319,49.47482],[-123.86312,49.47469],[-123.86305,49.47459],[-123.86284,49.47434],[-123.86214,49.47382],[-123.85962,49.4723],[-123.85876,49.47188],[-123.85832,49.47177],[-123.85771,49.47124],[-123.85729,49.47111],[-123.85685,49.47083],[-123.85636,49.4702],[-123.85618,49.46963],[-123.85605,49.46938],[-123.85613,49.4691],[-123.85647,49.46877],[-123.85685,49.46865],[-123.85775,49.4685],[-123.85861,49.46847],[-123.85947,49.46852],[-123.86119,49.46876],[-123.86205,49.46881],[-123.86291,49.46869],[-123.86333,49.46866],[-123.86471,49.46837],[-123.86513,49.46831],[-123.86556,49.4683],[-123.86599,49.46825],[-123.86638,49.46824],[-123.86771,49.46801],[-123.8689,49.46783],[-123.86933,49.46769],[-123.86951,49.46768],[-123.71194,49.41833],[-123.71078,49.4181]],[[-123.78664,49.4523],[-123.78683,49.45237],[-123.7871,49.45258],[-123.78748,49.45257],[-123.78795,49.45253],[-123.78853,49.45263],[-123.78915,49.45286],[-123.78984,49.45321],[-123.79028,49.45357],[-123.79098,49.45353],[-123.7915,49.45355],[-123.79174,49.45368],[-123.79176,49.45399],[-123.79167,49.45454],[-123.79171,49.45514],[-123.79185,49.45525],[-123.79211,49.45551],[-123.79225,49.45597],[-123.79245,49.45611],[-123.79274,49.45643],[-123.79299,49.45699],[-123.79305,49.45737],[-123.79288,49.45785],[-123.79269,49.4579],[-123.79208,49.45745],[-123.79121,49.45695],[-123.7891,49.4563],[-123.78834,49.45606],[-123.78764,49.45604],[-123.78725,49.45583],[-123.78671,49.45552],[-123.78602,49.45544],[-123.78542,49.45524],[-123.78465,49.45507],[-123.78433,49.45462],[-123.78377,49.45397],[-123.78339,49.45357],[-123.7833,49.45333],[-123.78349,49.45304],[-123.78377,49.45296],[-123.78401,49.453],[-123.7842,49.4531],[-123.78496,49.4529],[-123.78517,49.45273],[-123.78547,49.45272],[-123.78561,49.45267],[-123.78565,49.45251],[-123.78599,49.45248],[-123.78636,49.45241],[-123.78664,49.4523]],[[-123.80982,49.45422],[-123.81016,49.45426],[-123.81054,49.45434],[-123.81077,49.45435],[-123.81122,49.45432],[-123.81135,49.45441],[-123.81216,49.45471],[-123.8131,49.45539],[-123.81377,49.4561],[-123.81409,49.4568],[-123.81421,49.45731],[-123.81415,49.45741],[-123.81382,49.45741],[-123.81352,49.45745],[-123.81348,49.45752],[-123.8136,49.45776],[-123.81332,49.45802],[-123.81313,49.458],[-123.81284,49.45804],[-123.81251,49.4582],[-123.81207,49.45821],[-123.81169,49.45813],[-123.81126,49.45813],[-123.81077,49.45812],[-123.81053,49.458],[-123.81023,49.45784],[-123.80981,49.45782],[-123.80923,49.45767],[-123.80855,49.45742],[-123.80821,49.45703],[-123.80811,49.45678],[-123.80776,49.45675],[-123.8076,49.45655],[-123.80763,49.4563],[-123.80792,49.4562],[-123.80807,49.45608],[-123.80791,49.45595],[-123.80748,49.45585],[-123.80736,49.45567],[-123.8074,49.45546],[-123.80766,49.45541],[-123.8079,49.45538],[-123.80814,49.45499],[-123.80852,49.45457],[-123.80894,49.45443],[-123.80982,49.45422]],[[-123.81474,49.45254],[-123.81515,49.45254],[-123.81569,49.45284],[-123.81618,49.45317],[-123.81666,49.45337],[-123.8167,49.45358],[-123.81697,49.45369],[-123.81703,49.45386],[-123.81721,49.454],[-123.81713,49.45412],[-123.81744,49.45421],[-123.81754,49.45438],[-123.81737,49.45459],[-123.8175,49.45478],[-123.81784,49.45477],[-123.81832,49.45483],[-123.81836,49.45497],[-123.81839,49.4552],[-123.8186,49.45535],[-123.81905,49.45548],[-123.81912,49.45573],[-123.81904,49.45591],[-123.81846,49.456],[-123.81776,49.45601],[-123.81688,49.45595],[-123.81685,49.45562],[-123.81675,49.45557],[-123.81629,49.45585],[-123.81591,49.45594],[-123.81566,49.45583],[-123.81561,49.45558],[-123.81522,49.4555],[-123.81454,49.4553],[-123.81433,49.45515],[-123.81433,49.45487],[-123.81422,49.45471],[-123.81342,49.45465],[-123.81308,49.45448],[-123.81299,49.45407],[-123.8131,49.45359],[-123.81323,49.45343],[-123.81352,49.45326],[-123.81417,49.45288],[-123.81445,49.45265],[-123.81474,49.45254]],[[-123.80378,49.45048],[-123.80418,49.4505],[-123.80464,49.45073],[-123.80482,49.45084],[-123.80524,49.45087],[-123.80554,49.45095],[-123.80562,49.45115],[-123.80545,49.45121],[-123.8048,49.45124],[-123.80472,49.45138],[-123.80465,49.45155],[-123.80405,49.4516],[-123.80387,49.45164],[-123.80379,49.45192],[-123.8036,49.45201],[-123.80344,49.4521],[-123.80195,49.45256],[-123.80131,49.45269],[-123.80088,49.45266],[-123.80009,49.45273],[-123.79953,49.45274],[-123.79909,49.45271],[-123.79891,49.45259],[-123.79906,49.45251],[-123.79951,49.4523],[-123.79975,49.4521],[-123.79997,49.45159],[-123.80019,49.45136],[-123.80081,49.4511],[-123.80189,49.45072],[-123.80245,49.45056],[-123.80273,49.45057],[-123.80294,49.45063],[-123.80341,49.45056],[-123.80378,49.45048]],[[-123.81322,49.45938],[-123.81352,49.45948],[-123.81393,49.45949],[-123.81435,49.45949],[-123.81438,49.45964],[-123.81419,49.45974],[-123.81366,49.45987],[-123.81335,49.45983],[-123.81315,49.45967],[-123.81304,49.45944],[-123.81322,49.45938]],[[-123.78231,49.45281],[-123.78275,49.45292],[-123.78298,49.45309],[-123.78294,49.45319],[-123.78273,49.45321],[-123.78247,49.45317],[-123.78221,49.45304],[-123.78208,49.45301],[-123.78204,49.45286],[-123.78231,49.45281]],[[-123.82265,49.45694],[-123.82289,49.45702],[-123.82288,49.45718],[-123.8226,49.45735],[-123.82242,49.4574],[-123.82219,49.45739],[-123.82217,49.45724],[-123.82232,49.45707],[-123.82265,49.45694]],[[-123.80512,49.45787],[-123.80522,49.45793],[-123.80547,49.45813],[-123.8055,49.45824],[-123.80528,49.45821],[-123.8049,49.45818],[-123.80462,49.45805],[-123.80456,49.45792],[-123.80512,49.45787]],[[-123.82432,49.45752],[-123.82462,49.45761],[-123.82463,49.45771],[-123.82437,49.45774],[-123.82405,49.45774],[-123.82399,49.45774],[-123.82384,49.45772],[-123.82381,49.4576],[-123.824,49.45755],[-123.82432,49.45752]],[[-123.85636,49.47616],[-123.85644,49.47625],[-123.85645,49.4765],[-123.85628,49.4766],[-123.8561,49.47654],[-123.8561,49.47629],[-123.85616,49.47619],[-123.85636,49.47616]],[[-123.85101,49.47513],[-123.85123,49.47518],[-123.8515,49.47532],[-123.85156,49.47541],[-123.85139,49.47549],[-123.85117,49.47544],[-123.85099,49.47528],[-123.85101,49.47513]],[[-123.80527,49.45712],[-123.80553,49.45712],[-123.80571,49.4572],[-123.80576,49.4574],[-123.80549,49.45744],[-123.80538,49.45733],[-123.80527,49.45727],[-123.80527,49.45712]],[[-123.8517,49.47488],[-123.85198,49.47488],[-123.85208,49.47504],[-123.85206,49.4752],[-123.85185,49.47519],[-123.85172,49.47499],[-123.8517,49.47488]],[[-123.85573,49.47661],[-123.85588,49.47671],[-123.85593,49.47675],[-123.8557,49.4768],[-123.85548,49.47676],[-123.85551,49.47669],[-123.85573,49.47661]]]},"properties":{"MGNT_AREA":29,"SUBAREA_":1,"NAME":"Subarea 29-1","LABEL":"29-1","SQ_KM":46.979658180000001}}]}